case_id,fen,source,source_kind,category,game_index,ply,played_move
pgn_v1_1_vs_v1_g2_p146,8/8/8/4K3/6b1/q4k2/8/8 w - - 8 74,/home/rohanhs568/code/aichessathon-starter/v1_1_vs_v1.pgn,pgn,endgame_2_10+quiet,2,146,e5d5
validation_0151,6k1/1b1q2p1/1p5p/1P1n4/2Q5/5P1P/6P1/4R1K1 w - -,training/data/samples/lichess_validation_250k.csv,validation_sample,late_11_16+capture_available,,,
pgn_v1_1_vs_v1_g2_p83,8/5p2/4b3/4k3/6r1/8/6PK/R7 b - - 13 42,/home/rohanhs568/code/aichessathon-starter/v1_1_vs_v1.pgn,pgn,endgame_2_10+capture_available,2,83,g4h4
pgn_v1_1_vs_v1_g15_p59,8/2p5/2Kp4/3P2p1/5kP1/p7/B7/2b5 b - - 13 30,/home/rohanhs568/code/aichessathon-starter/v1_1_vs_v1.pgn,pgn,endgame_2_10+capture_available,15,59,f4g4
validation_0360,3r1rk1/2q2p1p/p1bp1bp1/1p2pP2/4PBP1/P1NB3Q/1PP4P/4RR1K b - -,training/data/samples/lichess_validation_250k.csv,validation_sample,high_material_24_32+capture_available,,,
pgn_v1_1_vs_v1_g8_p98,8/8/6p1/R7/8/8/pK6/4rk2 b - - 5 49,/home/rohanhs568/code/aichessathon-starter/v1_1_vs_v1.pgn,pgn,endgame_2_10+quiet,8,98,a2a1q
pgn_v1_1_vs_v1_g13_p69,4K3/k7/6p1/1r2B1P1/8/8/p7/8 w - - 1 35,/home/rohanhs568/code/aichessathon-starter/v1_1_vs_v1.pgn,pgn,endgame_2_10+quiet,13,69,e5c3
validation_0347,r4rk1/p1p3pp/b1p5/2b2p2/3qP3/3PN3/PPP3PP/R1BQ1RK1 b - -,training/data/samples/lichess_validation_250k.csv,validation_sample,high_material_24_32+capture_rich,,,
validation_0147,8/p3n3/1p3k2/1P3pp1/8/3PP3/3K3P/2N5 w - -,training/data/samples/lichess_validation_250k.csv,validation_sample,late_11_16+quiet,,,
validation_0254,4r3/5pkR/3Nr1p1/p1p1P1P1/P1Pp1K2/1P6/2P5/7R b - -,training/data/samples/lichess_validation_250k.csv,validation_sample,middle_17_23+in_check,,,
validation_0119,8/1p3pp1/2kNp2p/r3P3/5PP1/2K5/7P/8 b - -,training/data/samples/lichess_validation_250k.csv,validation_sample,late_11_16+capture_available,,,
suite_0010,r2q1rk1/1pp2pbp/3p1np1/p2Pp3/P1BnP3/2N4P/1PP2PP1/R1BQ1RK1 w - - 0 1,training/data/test_fens_60.txt,fen_suite,high_material_24_32+capture_available,,,
validation_0300,4r3/2RNn1kp/p4p2/1b1p2p1/3P4/5N2/PP3PPP/6K1 w - -,training/data/samples/lichess_validation_250k.csv,validation_sample,middle_17_23+capture_available,,,
validation_0126,3r2k1/p4p2/8/3p1Pp1/6QP/qpP3P1/4R3/1K6 b - -,training/data/samples/lichess_validation_250k.csv,validation_sample,late_11_16+quiet,,,
pgn_v1_1_vs_v1_g22_p48,8/8/5K2/3k4/R7/8/8/8 b - - 2 24,/home/rohanhs568/code/aichessathon-starter/v1_1_vs_v1.pgn,pgn,endgame_2_10+quiet,22,48,d5c5
suite_0006,rnbqk2r/pp2bppp/3p1n2/2p1p3/4P3/P1P2N2/1P1PBPPP/RNBQ1RK1 b kq - 0 1,training/data/test_fens_60.txt,fen_suite,high_material_24_32+capture_available,,,
pgn_nn_vs_material_g10_p40,2krr3/ppp2ppp/8/8/3n3P/2K4b/PPP1P2P/RNB4R b - - 1 20,/home/rohanhs568/code/aichessathon-starter/nn_vs_material.pgn,pgn,middle_17_23+capture_available,10,40,d4e2
suite_0037,5k2/p4p1p/1b4p1/1P6/PN6/6PP/5r2/3RK3 b - - 0 1,training/data/test_fens_60.txt,fen_suite,late_11_16+quiet,,,
validation_0299,2b1k2r/pr4p1/2p5/q5Np/1b1Qpp1P/8/P1P2PP1/1R1R2K1 b k -,training/data/samples/lichess_validation_250k.csv,validation_sample,middle_17_23+capture_available,,,
pgn_nn_vs_material_g19_p15,rnbqkb1r/pppppppp/7n/3P4/4P3/2N2N1P/PPP1QPP1/R1B1KB1R w KQq - 1 8,/home/rohanhs568/code/aichessathon-starter/nn_vs_material.pgn,pgn,high_material_24_32+capture_available,19,15,c3b5
validation_0121,8/R5pk/5n1p/4N3/8/2p4P/P4PPK/2r5 w - -,training/data/samples/lichess_validation_250k.csv,validation_sample,late_11_16+capture_available,,,
suite_0056,8/8/4p1N1/p3P2P/4k1K1/4b3/P7/8 w - - 0 1,training/data/test_fens_60.txt,fen_suite,endgame_2_10+quiet,,,
pgn_nn_vs_stockfish_2000_g2_p55,r6k/pp6/4pp1p/1bN1b3/1P6/P3B1P1/B4KP1/2RR4 w - - 8 28,/home/rohanhs568/code/aichessathon-starter/nn_vs_stockfish_2000.pgn,pgn,middle_17_23+capture_rich,2,55,a2e6
pgn_nn_vs_stockfish_2000_g6_p1,rnbqkbnr/pppppppp/8/8/8/8/PPPPPPPP/RNBQKBNR w KQkq - 0 1,/home/rohanhs568/code/aichessathon-starter/nn_vs_stockfish_2000.pgn,pgn,high_material_24_32+quiet,6,1,g1f3
validation_0138,8/6k1/3R4/p4p2/Bp3B2/2p5/3p2PK/r7 w - -,training/data/samples/lichess_validation_250k.csv,validation_sample,late_11_16+capture_available,,,
pgn_v1_1_vs_v1_g2_p118,8/8/8/4RpK1/6b1/8/1r4P1/3k4 w - - 14 60,/home/rohanhs568/code/aichessathon-starter/v1_1_vs_v1.pgn,pgn,endgame_2_10+capture_available,2,118,e5d5
pgn_nn_vs_material_g7_p56,r1b2k1r/p2nq1b1/1p2PNQn/8/2p5/7P/PPP2PP1/1K4R1 b - - 0 28,/home/rohanhs568/code/aichessathon-starter/nn_vs_material.pgn,pgn,middle_17_23+capture_rich,7,56,d7f6
validation_0289,3Q4/3bppk1/3p3p/3P4/4nPP1/P7/2r2b1N/1B4K1 w - -,training/data/samples/lichess_validation_250k.csv,validation_sample,middle_17_23+in_check,,,
validation_0074,8/p1k5/1p5R/1P6/3K3P/2P5/7r/8 b - -,training/data/samples/lichess_validation_250k.csv,validation_sample,endgame_2_10+capture_available,,,
validation_0137,8/3rpkb1/8/6pp/3PBP2/3RP1P1/7P/6K1 b - -,training/data/samples/lichess_validation_250k.csv,validation_sample,late_11_16+capture_available,,,
validation_0387,r1b2rk1/1pp3pp/p1n5/2bNp1Pq/4P3/3B2Q1/PPPP1PP1/R1B1R1K1 b - -,training/data/samples/lichess_validation_250k.csv,validation_sample,high_material_24_32+capture_available,,,
pgn_v1_1_vs_v1_g2_p80,8/5p2/4bk2/8/6r1/8/6PK/1R6 w - - 10 41,/home/rohanhs568/code/aichessathon-starter/v1_1_vs_v1.pgn,pgn,endgame_2_10+quiet,2,80,b1f1
pgn_nn_vs_material_g5_p37,1r1q3r/pp1knpbp/7p/1Ppp4/3P4/1Q3N1P/P4PP1/R3R1K1 w - - 0 19,/home/rohanhs568/code/aichessathon-starter/nn_vs_material.pgn,pgn,high_material_24_32+capture_available,5,37,d4c5
validation_0237,5k2/p1n5/1p1r1b1p/2pPN1pP/2P1R3/1P6/P4PP1/6K1 w - -,training/data/samples/lichess_validation_250k.csv,validation_sample,middle_17_23+quiet,,,
pgn_nn_vs_material_g2_p20,2kr1b1r/ppp1qppp/2n5/3p1b2/4p1n1/8/PPPPPPPP/RNBQKBNR b KQ - 5 10,/home/rohanhs568/code/aichessathon-starter/nn_vs_material.pgn,pgn,high_material_24_32+capture_available,2,20,e7h4
validation_0024,8/8/4r2k/7P/8/8/p3pK2/4R3 w - -,training/data/samples/lichess_validation_250k.csv,validation_sample,endgame_2_10+capture_available,,,
pgn_nn_vs_stockfish_full_g5_p29,rn4k1/pb3rpp/1p2Rn2/2b5/2pq4/2N5/PPBB1PPP/R2Q2K1 w - - 1 15,/home/rohanhs568/code/aichessathon-starter/nn_vs_stockfish_full.pgn,pgn,high_material_24_32+capture_available,5,29,e6f6
pgn_v1_1_vs_v1_g19_p52,2k5/8/1P6/4Kn2/2N5/8/8/8 b - - 4 26,/home/rohanhs568/code/aichessathon-starter/v1_1_vs_v1.pgn,pgn,endgame_2_10+quiet,19,52,f5e7
validation_0325,2rqbrk1/pp2b2p/4ppp1/n2p3n/3PP3/P1NB1NB1/1PQ2PPP/R3R1K1 b - -,training/data/samples/lichess_validation_250k.csv,validation_sample,high_material_24_32+capture_rich,,,
pgn_nn_vs_material_g19_p46,r1b4r/p1kpQpbN/1p1R2pn/1pn1P3/8/7P/PPP2PP1/1K3B1R b - - 3 23,/home/rohanhs568/code/aichessathon-starter/nn_vs_material.pgn,pgn,high_material_24_32+capture_available,19,46,h8h7
suite_0018,r1bqk2r/pp3ppp/2nbpn2/8/4P3/1N4P1/PP3PBP/RNBQ1RK1 w kq - 0 1,training/data/test_fens_60.txt,fen_suite,high_material_24_32+capture_available,,,
validation_0132,6k1/R2b2p1/5n1p/2pp4/6P1/4KP1P/8/8 w - -,training/data/samples/lichess_validation_250k.csv,validation_sample,late_11_16+capture_available,,,
pgn_nn_vs_stockfish_2000_g1_p93,8/8/p7/3k1p2/3p1BPP/8/5PK1/1q6 w - - 0 47,/home/rohanhs568/code/aichessathon-starter/nn_vs_stockfish_2000.pgn,pgn,endgame_2_10+capture_available,1,93,g4g5
pgn_nn_vs_material_g11_p19,rnbqkbr1/p1pppppp/1p5n/1N1PP3/8/5N1P/PPP1QPP1/R1B1KB1R w KQq - 0 10,/home/rohanhs568/code/aichessathon-starter/nn_vs_material.pgn,pgn,high_material_24_32+capture_available,11,19,f3g5
pgn_nn_vs_material_g12_p24,2kr1b1r/ppp2ppp/2n5/3p1b2/4p2q/6P1/PPPPPK1P/RNBQ1BNR b - - 0 12,/home/rohanhs568/code/aichessathon-starter/nn_vs_material.pgn,pgn,high_material_24_32+capture_available,12,24,f8c5
validation_0076,8/4k3/4P3/4K3/4R3/8/8/3r4 b - -,training/data/samples/lichess_validation_250k.csv,validation_sample,endgame_2_10+quiet,,,
validation_0355,r2r2k1/2qpbpp1/ppn1pn1p/8/2P1P3/1PN3P1/PB1Q1PNP/2R2RK1 w - -,training/data/samples/lichess_validation_250k.csv,validation_sample,high_material_24_32+capture_available,,,
validation_0350,4rr1k/7p/pq1p1p2/2p1nPpN/1p6/3P1Q2/PPP3PP/4RRK1 w - -,training/data/samples/lichess_validation_250k.csv,validation_sample,high_material_24_32+capture_available,,,
validation_0250,5rk1/pqp2ppp/1r6/8/5Q2/1PP5/P4PK1/R1B2R2 w - -,training/data/samples/lichess_validation_250k.csv,validation_sample,middle_17_23+in_check,,,
pgn_nn_vs_material_g14_p62,3rr3/1k3p1R/1pb5/8/6nP/N1P3K1/PP2P2P/R7 b - - 7 31,/home/rohanhs568/code/aichessathon-starter/nn_vs_material.pgn,pgn,middle_17_23+capture_available,14,62,e8e4
validation_0010,K2B4/3R4/2k5/8/8/8/8/5q1r w - -,training/data/samples/lichess_validation_250k.csv,validation_sample,endgame_2_10+quiet,,,
validation_0014,3n1k2/3r3p/p7/4K3/2p5/8/P6P/8 w - -,training/data/samples/lichess_validation_250k.csv,validation_sample,endgame_2_10+quiet,,,
validation_0159,8/1k4p1/4R3/P4p2/KP3Pp1/3r2P1/8/8 b - -,training/data/samples/lichess_validation_250k.csv,validation_sample,late_11_16+capture_available,,,
validation_0248,N2k2nr/pQ4pp/3b2n1/8/3p4/8/PPP3PP/R1B2RK1 w - -,training/data/samples/lichess_validation_250k.csv,validation_sample,middle_17_23+capture_available,,,
validation_0234,8/p4rk1/p1p1n2p/2PpP1p1/3P2P1/2P4P/6K1/1R2B3 w - -,training/data/samples/lichess_validation_250k.csv,validation_sample,middle_17_23+quiet,,,
suite_0054,5k2/7R/5p2/p7/5P2/1P3K1P/r7/8 b - - 0 1,training/data/test_fens_60.txt,fen_suite,endgame_2_10+quiet,,,
validation_0122,3Q4/pp3pk1/8/1Kp1P3/P1PNn3/5P2/7P/1q6 w - -,training/data/samples/lichess_validation_250k.csv,validation_sample,late_11_16+in_check,,,
validation_0055,8/6p1/6k1/6P1/3R4/6K1/4b3/8 w - -,training/data/samples/lichess_validation_250k.csv,validation_sample,endgame_2_10+quiet,,,
validation_0037,2b5/8/6k1/4b1B1/4P3/1B3K2/5N2/8 w - -,training/data/samples/lichess_validation_250k.csv,validation_sample,endgame_2_10+quiet,,,
validation_0274,r1b1k2r/1p2b1p1/p1q1p2p/6P1/4p3/5B1Q/P1PB3P/1R2K2R w Kkq -,training/data/samples/lichess_validation_250k.csv,validation_sample,middle_17_23+capture_rich,,,
validation_0057,8/8/6K1/8/5PP1/2k5/3r3P/8 b - -,training/data/samples/lichess_validation_250k.csv,validation_sample,endgame_2_10+capture_available,,,
validation_0354,1rbq1rk1/1p2ppbp/p1np1np1/2p5/P3P2N/2NP2PP/1PP2PB1/R1BQ1RK1 b - -,training/data/samples/lichess_validation_250k.csv,validation_sample,high_material_24_32+capture_available,,,
validation_0306,3r1rk1/pb1qbppp/1pn1p2n/2p5/4PP2/1P3NP1/PB1PN1BP/2RQR1K1 b - -,training/data/samples/lichess_validation_250k.csv,validation_sample,high_material_24_32+capture_available,,,
pgn_v1_1_vs_v1_g2_p58,8/pR3p2/r5k1/8/P7/1P4K1/2b3P1/8 w - - 6 30,/home/rohanhs568/code/aichessathon-starter/v1_1_vs_v1.pgn,pgn,endgame_2_10+capture_available,2,58,a4a5
validation_0105,8/1p4r1/3p3p/p1p1k3/P2p2pN/1P1P4/4R3/3K4 b - -,training/data/samples/lichess_validation_250k.csv,validation_sample,late_11_16+in_check,,,
validation_0344,r1bqkb1r/pp1ppp1p/6pB/2p5/2B1PQn1/3P4/PPP2PPP/RN2K1NR b KQkq -,training/data/samples/lichess_validation_250k.csv,validation_sample,high_material_24_32+capture_rich,,,
validation_0356,r1bqk1nr/pp2bppp/2n1p3/2pp4/4PP2/3P2P1/PPP1N1BP/RNBQK2R b KQkq -,training/data/samples/lichess_validation_250k.csv,validation_sample,high_material_24_32+capture_available,,,
validation_0389,2kr3r/pppqbpp1/4b3/n2np2p/8/PPN1P1PP/1B1PNPB1/R2QK2R w KQ -,training/data/samples/lichess_validation_250k.csv,validation_sample,high_material_24_32+capture_available,,,
pgn_nn_vs_material_g8_p32,2kr2r1/ppp1bpp1/2n5/5b1p/6nq/2N1P1PN/PPPBP2P/R1Q1KB1R b KQ - 1 16,/home/rohanhs568/code/aichessathon-starter/nn_vs_material.pgn,pgn,high_material_24_32+capture_rich,8,32,c6b4
validation_0196,8/pp2k3/8/2P2ppp/1P2p3/PR2K1PP/2r2P2/8 b - -,training/data/samples/lichess_validation_250k.csv,validation_sample,late_11_16+capture_available,,,
pgn_nn_vs_stockfish_2000_g2_p80,6k1/p7/1p3p1p/1P5P/P7/2brBN2/4RKP1/8 b - - 7 40,/home/rohanhs568/code/aichessathon-starter/nn_vs_stockfish_2000.pgn,pgn,late_11_16+capture_available,2,80,d3d8
validation_0326,2rr1k2/pp3p1p/5QpP/4p3/b3P2P/1NPq4/PP2N1B1/1K1n1R2 w - -,training/data/samples/lichess_validation_250k.csv,validation_sample,high_material_24_32+in_check,,,
validation_0183,8/1b5p/1p3pp1/p1k5/5P2/P2K2P1/1PN4P/8 w - -,training/data/samples/lichess_validation_250k.csv,validation_sample,late_11_16+quiet,,,
pgn_nn_vs_stockfish_2000_g5_p24,r2qk2r/pp3pp1/2npbb1p/3p4/3P4/2PB1N2/PP3PPP/R1BQR1K1 b kq - 0 12,/home/rohanhs568/code/aichessathon-starter/nn_vs_stockfish_2000.pgn,pgn,high_material_24_32+capture_available,5,24,d8d7
pgn_nn_vs_material_g5_p10,rnbqkbr1/pppppppp/7n/8/3PP3/2N2N1P/PPP2PP1/R1BQKB1R b KQq - 0 5,/home/rohanhs568/code/aichessathon-starter/nn_vs_material.pgn,pgn,high_material_24_32+quiet,5,10,g8h8
pgn_v1_1_vs_v1_g22_p1,8/2R5/4k1p1/p4r2/2K2P1p/P5PP/8/8 w - - 0 1,/home/rohanhs568/code/aichessathon-starter/v1_1_vs_v1.pgn,pgn,late_11_16+capture_available,22,1,c7c6
validation_0303,2rr2k1/4ppbp/pn1q2p1/1pN5/3PP3/2P2Q1P/P1RB1PP1/2R3K1 b - -,training/data/samples/lichess_validation_250k.csv,validation_sample,high_material_24_32+capture_rich,,,
validation_0260,4r1k1/pp3pp1/2n2n1p/3rp3/8/2PP1N2/1P3PPP/R1BR2K1 w - -,training/data/samples/lichess_validation_250k.csv,validation_sample,middle_17_23+capture_available,,,
validation_0214,1n3rk1/r4p2/p3p1P1/1p2P1N1/1b1p1B1P/5P2/PP4K1/2R4R b - -,training/data/samples/lichess_validation_250k.csv,validation_sample,middle_17_23+capture_available,,,
validation_0236,6k1/1b6/1ppnqn2/p2pNp2/P2P1P1p/4PN1B/1PQ4P/7K w - -,training/data/samples/lichess_validation_250k.csv,validation_sample,middle_17_23+capture_rich,,,
pgn_nn_vs_stockfish_2000_g3_p87,4k3/4n3/8/7p/2PB4/b4b1P/r5PK/8 w - - 0 44,/home/rohanhs568/code/aichessathon-starter/nn_vs_stockfish_2000.pgn,pgn,late_11_16+quiet,3,87,h2g1
pgn_nn_vs_stockfish_2000_g9_p22,r1bqk2r/2pn1pbp/2p3p1/p3p1B1/P1N1P3/5N2/1PP2PPP/R2Q1RK1 b kq - 1 11,/home/rohanhs568/code/aichessathon-starter/nn_vs_stockfish_2000.pgn,pgn,high_material_24_32+capture_available,9,22,f7f6
validation_0372,r2q1rk1/ppp2ppp/3bpn2/3pnb2/3P1P2/2P1P3/PP1NB1PP/R1BQ1RK1 b - -,training/data/samples/lichess_validation_250k.csv,validation_sample,high_material_24_32+quiet,,,
pgn_v1_1_vs_v1_g14_p18,6r1/kr6/p4Bp1/2QpP1P1/8/2K1P3/P3bp2/8 b - - 4 9,/home/rohanhs568/code/aichessathon-starter/v1_1_vs_v1.pgn,pgn,late_11_16+in_check,14,18,a7a8
validation_0080,8/8/8/p3k3/2P5/2K5/8/8 b - -,training/data/samples/lichess_validation_250k.csv,validation_sample,endgame_2_10+quiet,,,
pgn_v1_1_vs_v1_g15_p8,7k/2p3b1/3p1p2/3P2pN/p3B1P1/Pn5K/1P6/8 w - - 2 5,/home/rohanhs568/code/aichessathon-starter/v1_1_vs_v1.pgn,pgn,late_11_16+capture_available,15,8,e4c2
pgn_nn_vs_stockfish_2000_g4_p28,r1b2rk1/pp3ppp/1qn1p3/3p2N1/2P2B2/1Q2P3/PP1KB1PP/5R1n b - - 0 14,/home/rohanhs568/code/aichessathon-starter/nn_vs_stockfish_2000.pgn,pgn,high_material_24_32+capture_available,4,28,b6b3
validation_0163,6k1/2p2r2/2Np2p1/3n4/p5P1/2P4P/PP2RP2/2K5 b - -,training/data/samples/lichess_validation_250k.csv,validation_sample,late_11_16+capture_available,,,
pgn_v1_1_vs_v1_g19_p16,8/2k5/2n5/2K5/2N5/1P6/8/8 b - - 8 8,/home/rohanhs568/code/aichessathon-starter/v1_1_vs_v1.pgn,pgn,endgame_2_10+quiet,19,16,c6b8
validation_0292,4k3/1pR4r/pq2pb2/3p1p2/3P1P1p/1P2PN2/4Q1P1/3R2K1 b - -,training/data/samples/lichess_validation_250k.csv,validation_sample,middle_17_23+capture_rich,,,
pgn_v1_1_vs_v1_g5_p3,r1bq1rk1/ppp3p1/2n4p/2p1pp1Q/2P5/1P1BP3/PB1P1PPP/R3K2R w KQ - 2 2,/home/rohanhs568/code/aichessathon-starter/v1_1_vs_v1.pgn,pgn,high_material_24_32+capture_rich,5,3,d3b1
pgn_v1_1_vs_v1_g15_p1,5b1k/2p5/3p1pqP/3P2pN/p3p1P1/P7/1PBnQ2K/8 b - - 0 1,/home/rohanhs568/code/aichessathon-starter/v1_1_vs_v1.pgn,pgn,middle_17_23+capture_available,15,1,d2b3
validation_0162,8/5p2/p5p1/3K1p1p/5P1P/Pk4P1/1P6/8 w - -,training/data/samples/lichess_validation_250k.csv,validation_sample,late_11_16+quiet,,,
suite_0046,8/p3R3/6kp/6p1/3p2P1/3r3P/P5K1/8 w - - 0 1,training/data/test_fens_60.txt,fen_suite,late_11_16+capture_available,,,
suite_0038,5k2/1R2Rp1p/5rp1/p7/4PP2/4r1P1/7P/5K2 b - - 0 1,training/data/test_fens_60.txt,fen_suite,late_11_16+capture_available,,,
pgn_v1_1_vs_v1_g15_p76,4K3/8/2Bp4/3P4/5b2/4k3/6p1/q7 w - - 0 39,/home/rohanhs568/code/aichessathon-starter/v1_1_vs_v1.pgn,pgn,endgame_2_10+quiet,15,76,e8f7
validation_0275,r3k1r1/pp5p/4b3/2Bnp1p1/4N1n1/P2B4/1PP2P1P/2KR3R b q -,training/data/samples/lichess_validation_250k.csv,validation_sample,middle_17_23+capture_available,,,
suite_0008,r3r1k1/pp1q1pb1/2p3p1/3pBb1p/3P4/2N5/PPPQ1PPP/R3R1K1 w - - 0 1,training/data/test_fens_60.txt,fen_suite,high_material_24_32+capture_available,,,
pgn_v1_1_vs_v1_g7_p11,4k2r/5ppp/rpb1pn2/p2p4/2PP4/B3P1P1/P4PBP/R4RK1 w k - 2 6,/home/rohanhs568/code/aichessathon-starter/v1_1_vs_v1.pgn,pgn,high_material_24_32+capture_available,7,11,f1c1
pgn_nn_vs_material_g13_p43,r1bq3r/p2pk1bN/1p1R2pn/1pn1P1p1/5Q2/7P/PPP2PP1/1K3B1R w - - 0 22,/home/rohanhs568/code/aichessathon-starter/nn_vs_material.pgn,pgn,high_material_24_32+capture_rich,13,43,f4g5
pgn_nn_vs_material_g4_p81,1k6/8/1pb1r3/6KP/8/N1P1n2P/PP2P1r1/R7 w - - 1 41,/home/rohanhs568/code/aichessathon-starter/nn_vs_material.pgn,pgn,late_11_16+in_check,4,81,g5f4
validation_0390,r1b5/pp1knp1p/3bP3/q3Q3/5B2/2N2N2/PnP2PPP/R3KB1R b KQ -,training/data/samples/lichess_validation_250k.csv,validation_sample,high_material_24_32+in_check,,,
validation_0211,6k1/1pp3b1/p2p3p/P2P4/4QP1q/2P3p1/1P6/R5K1 b - -,training/data/samples/lichess_validation_250k.csv,validation_sample,middle_17_23+capture_available,,,
validation_0106,8/8/5rk1/PQ2p3/3q2p1/2p3P1/5P1P/5RK1 w - -,training/data/samples/lichess_validation_250k.csv,validation_sample,late_11_16+capture_available,,,
validation_0266,3Rr1k1/pp3pp1/7p/2p5/4p3/1PP3P1/P4P1P/4N1K1 b - -,training/data/samples/lichess_validation_250k.csv,validation_sample,middle_17_23+capture_available,,,
suite_0048,6k1/3R4/7p/8/3p2PK/5r2/8/8 w - - 0 1,training/data/test_fens_60.txt,fen_suite,endgame_2_10+capture_available,,,
validation_0295,6k1/5rr1/3p2p1/pNpPp3/PnP1P2q/5RR1/7P/3Q1K2 b - -,training/data/samples/lichess_validation_250k.csv,validation_sample,middle_17_23+capture_rich,,,
validation_0359,rn2k2r/p1pp2pp/1p2p3/4P3/2PPn3/P1P3P1/7P/R1BK2NR w kq -,training/data/samples/lichess_validation_250k.csv,validation_sample,high_material_24_32+quiet,,,
validation_0285,r5r1/pp5k/7p/2bb4/3N1PP1/1PP5/P4NP1/3RR1K1 b - -,training/data/samples/lichess_validation_250k.csv,validation_sample,middle_17_23+capture_rich,,,
pgn_nn_vs_material_g14_p49,3rr3/Bkp2p1R/1pb5/8/1n5P/N7/PPP1P2P/R3K3 w - - 1 25,/home/rohanhs568/code/aichessathon-starter/nn_vs_material.pgn,pgn,middle_17_23+capture_available,14,49,c2c3
validation_0294,2r1r3/1p2bk2/p4p1p/3b2p1/1P1P3P/P3BN2/5PP1/2R1R1K1 w - -,training/data/samples/lichess_validation_250k.csv,validation_sample,middle_17_23+capture_rich,,,
pgn_v1_1_vs_v1_g2_p73,8/5p2/5k2/5r2/8/Rb6/6P1/6K1 b - - 3 37,/home/rohanhs568/code/aichessathon-starter/v1_1_vs_v1.pgn,pgn,endgame_2_10+quiet,2,73,b3c4
validation_0219,6r1/1p1bn1rp/p4p1k/3p4/3Pp2p/1NP1R3/PP3PPK/5BR1 b - -,training/data/samples/lichess_validation_250k.csv,validation_sample,middle_17_23+capture_available,,,
pgn_v1_1_vs_v1_g19_p45,1k6/4n3/8/2K5/1PN5/8/8/8 w - - 17 23,/home/rohanhs568/code/aichessathon-starter/v1_1_vs_v1.pgn,pgn,endgame_2_10+quiet,19,45,b4b5
validation_0029,8/8/8/p1R5/7p/4k2K/r7/8 b - -,training/data/samples/lichess_validation_250k.csv,validation_sample,endgame_2_10+quiet,,,
pgn_v1_1_vs_v1_g2_p12,2r1r2k/pb1n1pp1/8/1Np2Bq1/3p4/1P2P3/PBQ2PPb/3R1R1K w - - 0 7,/home/rohanhs568/code/aichessathon-starter/v1_1_vs_v1.pgn,pgn,high_material_24_32+capture_rich,2,12,f2f3
pgn_nn_vs_stockfish_2000_g2_p162,8/8/3k1P2/7K/8/6r1/5R2/8 b - - 0 81,/home/rohanhs568/code/aichessathon-starter/nn_vs_stockfish_2000.pgn,pgn,endgame_2_10+quiet,2,162,d6e6
pgn_nn_vs_material_g20_p23,2kr3r/ppp2ppp/2n5/2bp1b2/4p1nq/7N/PPPPPPPP/RNBQKB1R w KQ - 8 12,/home/rohanhs568/code/aichessathon-starter/nn_vs_material.pgn,pgn,high_material_24_32+quiet,20,23,g2g3
pgn_nn_vs_material_g6_p41,2kr2r1/ppp2pp1/5q2/3n1b1p/4P1n1/6P1/PPPQP2P/R3KB1R w KQ - 1 21,/home/rohanhs568/code/aichessathon-starter/nn_vs_material.pgn,pgn,high_material_24_32+capture_available,6,41,e4f5
suite_0014,r4rk1/1bp1q1pp/1p2p3/p2pPp2/P3nP2/1P1BP2R/1BP1Q1PP/R5K1 b - - 0 1,training/data/test_fens_60.txt,fen_suite,high_material_24_32+quiet,,,
suite_0036,3qk2r/3rbppp/p1p2n2/8/3p4/4B3/PPP1QPPP/RN1R2K1 w k - 0 1,training/data/test_fens_60.txt,fen_suite,high_material_24_32+capture_available,,,
pgn_v1_1_vs_v1_g11_p9,8/1b4k1/p2p4/Pp1P2p1/1P1rB3/1R4KP/8/8 w - - 5 5,/home/rohanhs568/code/aichessathon-starter/v1_1_vs_v1.pgn,pgn,late_11_16+quiet,11,9,e4b1
pgn_nn_vs_material_g1_p32,rnbqkbnr/pppPp1pp/8/1Q4B1/2B3P1/2N2N1P/PPP2P2/2KR3R b q - 0 16,/home/rohanhs568/code/aichessathon-starter/nn_vs_material.pgn,pgn,high_material_24_32+in_check,1,32,b8d7
pgn_nn_vs_material_g15_p16,rnbqkb1r/pppppppp/7n/1N1P4/4P3/5N1P/PPP1QPP1/R1B1KB1R b KQq - 2 8,/home/rohanhs568/code/aichessathon-starter/nn_vs_material.pgn,pgn,high_material_24_32+quiet,15,16,h8g8
validation_0194,5k2/R4p1p/6p1/pr6/7P/5PK1/6P1/8 b - -,training/data/samples/lichess_validation_250k.csv,validation_sample,late_11_16+quiet,,,
validation_0093,R7/7k/8/pr2B1p1/8/8/5P2/5K2 w - -,training/data/samples/lichess_validation_250k.csv,validation_sample,endgame_2_10+capture_available,,,
validation_0221,rq3k1r/p1pQ1pp1/6b1/6Pp/5n1P/2P2P2/P1P5/2KR1BNR w - -,training/data/samples/lichess_validation_250k.csv,validation_sample,middle_17_23+capture_available,,,
validation_0272,4k2r/p4pRp/bp2pn2/2p1N3/1N1r4/P3KP2/1P5P/R7 b k -,training/data/samples/lichess_validation_250k.csv,validation_sample,middle_17_23+capture_available,,,
validation_0215,r1b2rk1/5pp1/1pp4p/p3p3/P1B1n3/4PN1P/1PP3P1/3RK1R1 b - -,training/data/samples/lichess_validation_250k.csv,validation_sample,middle_17_23+capture_available,,,
validation_0378,rnbqkb1r/p1p2pp1/1p1p1n1p/1B2p3/4P3/2N2N2/PPPP1PPP/R1BQ1RK1 b kq -,training/data/samples/lichess_validation_250k.csv,validation_sample,high_material_24_32+in_check,,,
validation_0310,r4rk1/2p2pp1/p3p2p/qpQn4/3P4/4PN2/PPR1KPPP/7R w - -,training/data/samples/lichess_validation_250k.csv,validation_sample,high_material_24_32+capture_rich,,,
validation_0197,b3k3/3r4/p2p2p1/3P2pp/2BK4/PP4P1/5P2/4R3 b - -,training/data/samples/lichess_validation_250k.csv,validation_sample,late_11_16+in_check,,,
pgn_v1_1_vs_v1_g13_p75,8/1k1K4/6p1/6P1/3B4/3r4/p7/8 w - - 7 38,/home/rohanhs568/code/aichessathon-starter/v1_1_vs_v1.pgn,pgn,endgame_2_10+quiet,13,75,d7e7
pgn_nn_vs_material_g2_p7,r1bqkbnr/ppp2ppp/2n5/3pp3/8/7N/PPPPPPPP/RNBQKB1R w KQkq - 2 4,/home/rohanhs568/code/aichessathon-starter/nn_vs_material.pgn,pgn,high_material_24_32+quiet,2,7,h3g1
validation_0301,rnb1k2r/ppp1Bp1p/3b2p1/3N4/6n1/5N2/PPP2PPP/2KR1B1R b - -,training/data/samples/lichess_validation_250k.csv,validation_sample,high_material_24_32+capture_rich,,,
pgn_nn_vs_stockfish_full_g6_p42,1r4k1/4qpp1/p6p/2pBB3/Pp2PPb1/3Q4/1KP3PP/3R3R b - - 1 21,/home/rohanhs568/code/aichessathon-starter/nn_vs_stockfish_full.pgn,pgn,middle_17_23+capture_available,6,42,b4b3
validation_0322,r1bqk2r/pp2bppp/2n1pn2/3p4/3P4/2PB4/PP1NNPPP/R1BQ1RK1 b kq -,training/data/samples/lichess_validation_250k.csv,validation_sample,high_material_24_32+capture_available,,,
pgn_nn_vs_stockfish_2000_g8_p31,1n1qr1k1/1p3ppp/1b6/3p1b2/8/2P1PN1n/RB1NB1PP/4QRK1 w - - 2 16,/home/rohanhs568/code/aichessathon-starter/nn_vs_stockfish_2000.pgn,pgn,high_material_24_32+in_check,8,31,g1h1
pgn_v1_1_vs_v1_g8_p89,8/6p1/8/8/2R5/Kp3k2/p7/r7 w - - 1 45,/home/rohanhs568/code/aichessathon-starter/v1_1_vs_v1.pgn,pgn,endgame_2_10+capture_available,8,89,a3b3
validation_0041,8/5k2/8/pp4RP/3r1K2/1P5P/P7/8 w - -,training/data/samples/lichess_validation_250k.csv,validation_sample,endgame_2_10+in_check,,,
validation_0206,4r1k1/1p3p2/2N3p1/q2pb1p1/8/P3P2P/1QR2PP1/5BK1 b - -,training/data/samples/lichess_validation_250k.csv,validation_sample,middle_17_23+capture_available,,,
pgn_nn_vs_material_g1_p52,r1bqkb1r/pppnp1pp/4R2B/1N1QNP2/2B3P1/P6P/1PP5/1K1R4 b - - 0 26,/home/rohanhs568/code/aichessathon-starter/nn_vs_material.pgn,pgn,high_material_24_32+capture_available,1,52,g7h6
pgn_nn_vs_stockfish_2000_g2_p170,5Q2/8/4k3/8/5K2/7r/5R2/8 b - - 0 85,/home/rohanhs568/code/aichessathon-starter/nn_vs_stockfish_2000.pgn,pgn,endgame_2_10+quiet,2,170,h3h4
validation_0022,R7/8/8/4r3/7P/1Bk5/p4PP1/6K1 b - -,training/data/samples/lichess_validation_250k.csv,validation_sample,endgame_2_10+capture_available,,,
validation_0317,r1b1k2r/1pq1np1p/p3p1p1/2p5/P1BbNP2/3P4/1PP3PP/R1BQK2R w KQkq -,training/data/samples/lichess_validation_250k.csv,validation_sample,high_material_24_32+capture_available,,,
pgn_nn_vs_material_g4_p69,1k4r1/8/1pb5/8/4r2P/N1P1n1KP/PP2PR2/R7 w - - 3 35,/home/rohanhs568/code/aichessathon-starter/nn_vs_material.pgn,pgn,late_11_16+in_check,4,69,g3f3
validation_0108,8/p1pr1k2/4p2P/8/8/8/P1P2PP1/6K1 b - -,training/data/samples/lichess_validation_250k.csv,validation_sample,late_11_16+quiet,,,
suite_0058,8/3R4/8/5r2/3k4/3p4/P5KP/8 b - - 0 1,training/data/test_fens_60.txt,fen_suite,endgame_2_10+in_check,,,
pgn_nn_vs_material_g9_p71,1r3k1r/p5b1/1p3nQn/6P1/2p5/P6P/KPP2P2/6q1 w - - 3 36,/home/rohanhs568/code/aichessathon-starter/nn_vs_material.pgn,pgn,middle_17_23+capture_rich,9,71,c2c3
validation_0060,8/2k5/8/4n3/8/5P1P/3K2P1/8 w - -,training/data/samples/lichess_validation_250k.csv,validation_sample,endgame_2_10+quiet,,,
validation_0114,2r5/p4p1k/2r5/5p1p/1p6/4P3/PB1K2P1/2b2R2 w - -,training/data/samples/lichess_validation_250k.csv,validation_sample,late_11_16+in_check,,,
pgn_v1_1_vs_v1_g7_p101,8/8/1p6/1Q1K2RP/3P4/8/2k1n2r/8 w - - 3 51,/home/rohanhs568/code/aichessathon-starter/v1_1_vs_v1.pgn,pgn,endgame_2_10+capture_available,7,101,b5a4
validation_0030,8/7p/RP4pk/8/P7/7P/1rr5/7K w - -,training/data/samples/lichess_validation_250k.csv,validation_sample,endgame_2_10+quiet,,,
validation_0100,8/8/1K6/B7/k2p3P/3B4/P1P3N1/5N2 w - -,training/data/samples/lichess_validation_250k.csv,validation_sample,endgame_2_10+quiet,,,
pgn_nn_vs_material_g4_p78,1k3r2/8/1pb1r3/6K1/7P/N1P1n2P/PP2PR2/R7 b - - 12 39,/home/rohanhs568/code/aichessathon-starter/nn_vs_material.pgn,pgn,late_11_16+capture_available,4,78,f8f2
pgn_nn_vs_stockfish_2000_g7_p105,1k1q1r2/1p1P4/6p1/2pR3p/p6P/2P5/8/K7 w - - 0 53,/home/rohanhs568/code/aichessathon-starter/nn_vs_stockfish_2000.pgn,pgn,late_11_16+capture_available,7,105,d5d1
validation_0062,K7/8/2B2kq1/8/3Q4/1B6/8/8 b - -,training/data/samples/lichess_validation_250k.csv,validation_sample,endgame_2_10+in_check,,,
validation_0158,2r2k2/5pp1/4p1p1/5n2/8/1B3P1P/PP3KP1/3R4 w - -,training/data/samples/lichess_validation_250k.csv,validation_sample,late_11_16+capture_available,,,
suite_0031,r4rk1/pp3ppp/6q1/3Ppb2/4N3/P2R1P2/1PQ3PP/1K2R3 b - - 0 1,training/data/test_fens_60.txt,fen_suite,middle_17_23+capture_available,,,
validation_0078,5k2/8/6p1/3K1p2/5P2/1P1Bb3/8/8 w - -,training/data/samples/lichess_validation_250k.csv,validation_sample,endgame_2_10+capture_available,,,
validation_0018,8/8/p7/Pk6/1P5p/6r1/1K6/8 b - -,training/data/samples/lichess_validation_250k.csv,validation_sample,endgame_2_10+capture_available,,,
pgn_nn_vs_stockfish_2000_g1_p140,8/8/p7/K2k1p2/8/3p4/1q6/8 b - - 11 70,/home/rohanhs568/code/aichessathon-starter/nn_vs_stockfish_2000.pgn,pgn,endgame_2_10+quiet,1,140,b2b5
validation_0399,1brr4/4qpk1/2p1bpp1/pn6/2NPP3/1P3BPp/1QN2P1P/2R1R1K1 b - -,training/data/samples/lichess_validation_250k.csv,validation_sample,high_material_24_32+capture_rich,,,
validation_0226,r3r1k1/1p1n1pp1/5n1p/4P3/2Np2b1/P5P1/3b2BP/R3R2K w - -,training/data/samples/lichess_validation_250k.csv,validation_sample,middle_17_23+capture_available,,,
validation_0342,r4rk1/1p3pbp/p2n3q/2Npn1p1/P2N4/1P3PPb/2P2BB1/1R1QR1K1 w - -,training/data/samples/lichess_validation_250k.csv,validation_sample,high_material_24_32+capture_rich,,,
validation_0088,6R1/8/1k5p/8/1K4r1/8/8/8 w - -,training/data/samples/lichess_validation_250k.csv,validation_sample,endgame_2_10+in_check,,,
pgn_nn_vs_material_g13_p73,1r3k1r/p4nb1/1p3nQ1/6P1/2p5/P1P4P/KP3P2/6q1 w - - 1 37,/home/rohanhs568/code/aichessathon-starter/nn_vs_material.pgn,pgn,middle_17_23+capture_rich,13,73,g6f5
pgn_v1_1_vs_v1_g3_p36,r4k2/p4p1B/2pPb3/4n2N/8/2P2P2/R1PQ1KPP/8 b - - 2 18,/home/rohanhs568/code/aichessathon-starter/v1_1_vs_v1.pgn,pgn,middle_17_23+capture_available,3,36,e6a2
pgn_nn_vs_material_g18_p67,7R/1kp2p2/8/K7/2b1P2P/7P/PP6/RN3r2 w - - 3 34,/home/rohanhs568/code/aichessathon-starter/nn_vs_material.pgn,pgn,late_11_16+quiet,18,67,h8f8
validation_0386,1rbqk2r/ppp2ppp/2nbpn2/3p4/3P1B2/2N1PP2/PPPQN1PP/R3KB1R w KQk -,training/data/samples/lichess_validation_250k.csv,validation_sample,high_material_24_32+capture_available,,,
pgn_nn_vs_stockfish_full_g6_p39,1r4k1/2p1qpp1/p6p/3B4/Pp2PPb1/3QB3/1KP3PP/3R3R w - - 1 20,/home/rohanhs568/code/aichessathon-starter/nn_vs_stockfish_full.pgn,pgn,middle_17_23+capture_available,6,39,e3d4
pgn_nn_vs_material_g16_p47,2krr3/ppp2ppp/8/8/3n3P/1K5b/PPP4P/RNB4R w - - 6 24,/home/rohanhs568/code/aichessathon-starter/nn_vs_material.pgn,pgn,middle_17_23+in_check,16,47,b3c3
validation_0028,2r5/6n1/8/6p1/1K3k2/1P6/2P4n/8 b - -,training/data/samples/lichess_validation_250k.csv,validation_sample,endgame_2_10+capture_available,,,
pgn_nn_vs_material_g7_p77,1r3k1r/p5b1/1p3nQ1/8/2p5/P1P4n/KP3P2/6q1 w - - 0 39,/home/rohanhs568/code/aichessathon-starter/nn_vs_material.pgn,pgn,late_11_16+capture_available,7,77,g6g1
suite_0030,6k1/1p2qpp1/2pn3p/3p1b1P/p2P1Q1N/P1P5/1P3PP1/5BK1 b - - 0 1,training/data/test_fens_60.txt,fen_suite,middle_17_23+capture_available,,,
pgn_nn_vs_stockfish_2000_g9_p45,r1k4r/2pn2bp/b1p3q1/N4pB1/PP2p3/2P2N1Q/5PPP/R3R1K1 w - - 0 23,/home/rohanhs568/code/aichessathon-starter/nn_vs_stockfish_2000.pgn,pgn,high_material_24_32+capture_rich,9,45,a1d1
pgn_v1_1_vs_v1_g16_p23,8/2p5/3p3k/3P1K1P/B7/8/1b6/8 b - - 3 12,/home/rohanhs568/code/aichessathon-starter/v1_1_vs_v1.pgn,pgn,endgame_2_10+capture_available,16,23,h6h5
validation_0394,1qrr2k1/1b2bpp1/4p2p/p1p1P1n1/PpB1P3/1P1N1P2/4QBPP/2RR2K1 w - -,training/data/samples/lichess_validation_250k.csv,validation_sample,high_material_24_32+capture_rich,,,
pgn_v1_1_vs_v1_g12_p34,Q7/8/3p4/5kp1/8/1K5P/8/8 b - - 0 17,/home/rohanhs568/code/aichessathon-starter/v1_1_vs_v1.pgn,pgn,endgame_2_10+quiet,12,34,f5f4
validation_0204,4k1nr/4bpp1/4p3/pp1pP2p/2PP4/8/P3RPPP/1N4K1 b k -,training/data/samples/lichess_validation_250k.csv,validation_sample,middle_17_23+capture_available,,,
pgn_nn_vs_stockfish_2000_g9_p64,R7/1kp5/6N1/5pp1/PP6/3p4/5PPP/6K1 b - - 0 32,/home/rohanhs568/code/aichessathon-starter/nn_vs_stockfish_2000.pgn,pgn,late_11_16+capture_available,9,64,c7c5
validation_0263,r6r/1b1k4/p4B1p/5N2/2p5/2N5/PPP2bPP/2K2R2 b - -,training/data/samples/lichess_validation_250k.csv,validation_sample,middle_17_23+capture_available,,,
validation_0349,r1b1k1nr/ppqp1ppp/2nbp3/2p5/4PP2/2NP1NP1/PPP4P/R1BQKB1R b KQkq -,training/data/samples/lichess_validation_250k.csv,validation_sample,high_material_24_32+capture_available,,,
pgn_v1_1_vs_v1_g7_p115,8/8/1p1K4/3Q2RP/8/4k3/4n2r/8 w - - 2 58,/home/rohanhs568/code/aichessathon-starter/v1_1_vs_v1.pgn,pgn,endgame_2_10+quiet,7,115,d5e5
pgn_v1_1_vs_v1_g19_p33,1n6/1k6/8/8/1P1N4/1K6/8/8 w - - 5 17,/home/rohanhs568/code/aichessathon-starter/v1_1_vs_v1.pgn,pgn,endgame_2_10+quiet,19,33,d4b5
validation_0277,3r3r/1k3p2/1Bq1p3/p2pPp2/P2Q1P2/2P3P1/1P4K1/R4R2 b - -,training/data/samples/lichess_validation_250k.csv,validation_sample,middle_17_23+capture_available,,,
pgn_nn_vs_material_g20_p6,rnbqkbnr/ppp2ppp/8/3pp3/8/7N/PPPPPPPP/RNBQKB1R b KQkq - 1 3,/home/rohanhs568/code/aichessathon-starter/nn_vs_material.pgn,pgn,high_material_24_32+capture_available,20,6,b8c6
pgn_nn_vs_material_g13_p30,r1bq3r/p1ppkpbp/np4pn/1N2P1N1/5B2/7P/PPP1QPP1/1K1R1B1R b - - 1 15,/home/rohanhs568/code/aichessathon-starter/nn_vs_material.pgn,pgn,high_material_24_32+capture_available,13,30,a6c5
validation_0212,2r1r1k1/pQ3p1p/6p1/4qb2/7P/4B3/P1P2PP1/1R2K2R b - -,training/data/samples/lichess_validation_250k.csv,validation_sample,middle_17_23+capture_available,,,
pgn_v1_1_vs_v1_g4_p32,r1b2kBQ/p4p2/3q1n2/3p4/8/1P3PN1/P2P2PP/2R4K b - - 0 16,/home/rohanhs568/code/aichessathon-starter/v1_1_vs_v1.pgn,pgn,middle_17_23+capture_available,4,32,f6g8
validation_0046,5n2/6k1/3Q1b2/q7/8/p4P2/6PP/7K b - -,training/data/samples/lichess_validation_250k.csv,validation_sample,endgame_2_10+quiet,,,
pgn_nn_vs_stockfish_2000_g7_p16,rnbk1b1r/pp1pqp1p/5np1/2pP2B1/8/2N5/PPP1QPPP/2KR1BNR b - - 7 8,/home/rohanhs568/code/aichessathon-starter/nn_vs_stockfish_2000.pgn,pgn,high_material_24_32+capture_available,7,16,d7d6
pgn_nn_vs_stockfish_2000_g6_p46,1r4k1/p4p1p/2bb1p2/3p4/P7/1B2P3/1rP3PP/3RBK1R b - - 1 23,/home/rohanhs568/code/aichessathon-starter/nn_vs_stockfish_2000.pgn,pgn,middle_17_23+capture_rich,6,46,d6c5
validation_0228,4Rrk1/p5p1/7p/q1p5/2Pp2P1/1P3r1P/P3Q1K1/4R3 b - -,training/data/samples/lichess_validation_250k.csv,validation_sample,middle_17_23+capture_rich,,,
pgn_nn_vs_material_g1_p5,rnbqkbr1/pppppppp/7n/8/3PP3/8/PPP2PPP/RNBQKBNR w KQq - 1 3,/home/rohanhs568/code/aichessathon-starter/nn_vs_material.pgn,pgn,high_material_24_32+capture_available,1,5,b1c3
suite_0013,r1bqkbnr/ppp1pppp/2np4/8/8/1PN2N2/P1PPPPPP/R1BQKB1R b KQkq - 0 1,training/data/test_fens_60.txt,fen_suite,high_material_24_32+quiet,,,
validation_0003,8/6pk/1q5p/8/6P1/4K2P/3R4/8 w - -,training/data/samples/lichess_validation_250k.csv,validation_sample,endgame_2_10+in_check,,,
validation_0358,r3kb1r/6pp/p2p1p2/q1p1nP2/2p1PB2/2N5/PPPR2PP/2K1Q2R w kq -,training/data/samples/lichess_validation_250k.csv,validation_sample,high_material_24_32+capture_available,,,
validation_0068,8/8/6Q1/5p2/5P2/2Kr2P1/4k2P/8 w - -,training/data/samples/lichess_validation_250k.csv,validation_sample,endgame_2_10+in_check,,,
pgn_nn_vs_stockfish_2000_g3_p6,rnbqkbnr/ppp2ppp/3p4/4P3/4P3/8/PPP2PPP/RNBQKBNR b KQkq - 0 3,/home/rohanhs568/code/aichessathon-starter/nn_vs_stockfish_2000.pgn,pgn,high_material_24_32+capture_available,3,6,d8e7
validation_0190,8/3k1r2/p1pP4/2P5/1P6/4B1KR/8/1b6 w - -,training/data/samples/lichess_validation_250k.csv,validation_sample,late_11_16+quiet,,,
pgn_nn_vs_stockfish_2000_g4_p29,r1b2rk1/pp3ppp/2n1p3/3p2N1/2P2B2/1q2P3/PP1KB1PP/5R1n w - - 0 15,/home/rohanhs568/code/aichessathon-starter/nn_vs_stockfish_2000.pgn,pgn,high_material_24_32+capture_rich,4,29,a2b3
validation_0240,2kr4/ppp2ppp/2n5/5N2/1P3N2/P5PP/3r1P2/R5K1 b - -,training/data/samples/lichess_validation_250k.csv,validation_sample,middle_17_23+capture_available,,,
validation_0229,2Rr2k1/p4ppp/5n2/4p1B1/1p1n4/6P1/PP3PBP/3R1K2 b - -,training/data/samples/lichess_validation_250k.csv,validation_sample,middle_17_23+capture_available,,,
validation_0339,rnbqk2r/ppp1bpp1/7p/4p3/4n2P/2NP4/PPP2PP1/R1BQKB1R w KQkq -,training/data/samples/lichess_validation_250k.csv,validation_sample,high_material_24_32+capture_available,,,
validation_0379,rqb2rk1/pp2nppp/4p3/3pP3/1Pn3P1/R2B1N2/1BPQ1P1P/4K2R w K -,training/data/samples/lichess_validation_250k.csv,validation_sample,high_material_24_32+capture_available,,,
pgn_nn_vs_stockfish_full_g2_p16,r1bqkb1r/2ppnpp1/p1n4p/3Np3/Pp2P3/1B3N2/1PPP1PPP/R1BQK2R b KQkq - 1 8,/home/rohanhs568/code/aichessathon-starter/nn_vs_stockfish_full.pgn,pgn,high_material_24_32+capture_available,2,16,e7d5
validation_0369,r4rk1/p1p3pp/2p5/2bqP3/2bP1pQ1/2P2N2/PP4PP/R1B1K2R w KQ -,training/data/samples/lichess_validation_250k.csv,validation_sample,high_material_24_32+capture_rich,,,
validation_0205,1b6/4qpk1/6p1/1p1P4/p3p2r/1PP2Q1P/P1B3P1/5R1K w - -,training/data/samples/lichess_validation_250k.csv,validation_sample,middle_17_23+capture_rich,,,
validation_0063,8/8/2p2k2/p7/2B2P2/P7/8/6K1 w - -,training/data/samples/lichess_validation_250k.csv,validation_sample,endgame_2_10+quiet,,,
validation_0091,8/1pk5/p7/8/r4P2/3R4/3K4/8 w - -,training/data/samples/lichess_validation_250k.csv,validation_sample,endgame_2_10+quiet,,,
validation_0027,8/5p2/6p1/p6p/7P/3K2P1/1k3P2/8 w - -,training/data/samples/lichess_validation_250k.csv,validation_sample,endgame_2_10+quiet,,,
validation_0398,rn1q1rk1/pbp1bpp1/1p2pn1p/3p4/3P3B/4PN2/PPPNBPPP/R2Q1RK1 w - -,training/data/samples/lichess_validation_250k.csv,validation_sample,high_material_24_32+capture_available,,,
pgn_nn_vs_material_g7_p79,1r3k1r/p5b1/1p3n2/8/2p5/P1P5/KP3P2/6n1 w - - 0 40,/home/rohanhs568/code/aichessathon-starter/nn_vs_material.pgn,pgn,late_11_16+quiet,7,79,a2b1
pgn_nn_vs_stockfish_2000_g1_p57,7R/p3k1p1/p2bb3/q1p1pp1B/2Pp4/8/P2N1PPP/2B1R1K1 w - - 6 29,/home/rohanhs568/code/aichessathon-starter/nn_vs_stockfish_2000.pgn,pgn,middle_17_23+capture_available,1,57,h8h7
validation_0324,2k4r/ppqr1ppp/2pbpnb1/6B1/3PN3/3B3P/PPP2PP1/R2QR1K1 b - -,training/data/samples/lichess_validation_250k.csv,validation_sample,high_material_24_32+capture_available,,,
pgn_nn_vs_stockfish_full_g5_p6,rnbqkbnr/ppp2ppp/4p3/3p4/2PP4/4P3/PP3PPP/RNBQKBNR b KQkq - 0 3,/home/rohanhs568/code/aichessathon-starter/nn_vs_stockfish_full.pgn,pgn,high_material_24_32+capture_available,5,6,g8f6
validation_0244,4r1k1/6p1/6Pp/2Rp1p1P/1n1PpP2/pP6/P4B2/1K6 b - -,training/data/samples/lichess_validation_250k.csv,validation_sample,middle_17_23+capture_available,,,
validation_0089,8/7B/3k4/8/6KP/6P1/8/4b3 w - -,training/data/samples/lichess_validation_250k.csv,validation_sample,endgame_2_10+quiet,,,
validation_0383,q4rk1/1ppn1pp1/r2pb2p/8/1bPBP1P1/1N3N1P/p1Q1BP2/R4RK1 b - -,training/data/samples/lichess_validation_250k.csv,validation_sample,high_material_24_32+capture_available,,,
pgn_nn_vs_stockfish_2000_g1_p31,r1b2b1r/ppq2kp1/5p2/PBppp2p/8/B7/P1PN1PPP/1R1QR1K1 w - - 2 16,/home/rohanhs568/code/aichessathon-starter/nn_vs_stockfish_2000.pgn,pgn,high_material_24_32+capture_available,1,31,c2c4
pgn_nn_vs_stockfish_2000_g5_p9,r1bqkb1r/pppp1ppp/2n1p3/3nP3/3P4/2N5/PPP2PPP/R1BQKBNR w KQkq - 1 5,/home/rohanhs568/code/aichessathon-starter/nn_vs_stockfish_2000.pgn,pgn,high_material_24_32+capture_available,5,9,c3d5
validation_0013,2k5/4r3/2K5/8/8/7Q/8/8 b - -,training/data/samples/lichess_validation_250k.csv,validation_sample,endgame_2_10+in_check,,,
pgn_v1_1_vs_v1_g4_p39,r1b1k1n1/p4p2/3Q4/3p3N/8/1P3P2/P2q2PP/2R4K w - - 2 20,/home/rohanhs568/code/aichessathon-starter/v1_1_vs_v1.pgn,pgn,middle_17_23+capture_available,4,39,h5g7
validation_0150,8/2p3k1/6p1/p2K4/P3p1Bb/2P1P3/5P2/8 w - -,training/data/samples/lichess_validation_250k.csv,validation_sample,late_11_16+capture_available,,,
suite_0028,1r2rk2/6bR/3pp3/p2R1p2/1pB3P1/1P6/P7/1K6 w - - 0 1,training/data/test_fens_60.txt,fen_suite,late_11_16+capture_rich,,,
validation_0083,3k4/1P6/B7/1P2K3/8/8/P7/8 b - -,training/data/samples/lichess_validation_250k.csv,validation_sample,endgame_2_10+quiet,,,
pgn_nn_vs_material_g15_p7,rnbqkb1r/pppppppp/7n/8/3PP3/2N5/PPP2PPP/R1BQKBNR w KQq - 3 4,/home/rohanhs568/code/aichessathon-starter/nn_vs_material.pgn,pgn,high_material_24_32+capture_available,15,7,g1f3
validation_0139,4r3/K5p1/3Bkp2/PR2p2p/1p5P/1b4P1/5P2/8 w - -,training/data/samples/lichess_validation_250k.csv,validation_sample,late_11_16+capture_rich,,,
pgn_v1_1_vs_v1_g21_p36,8/8/2K2k1R/P7/r7/8/6p1/8 b - - 1 18,/home/rohanhs568/code/aichessathon-starter/v1_1_vs_v1.pgn,pgn,endgame_2_10+in_check,21,36,f6g7
suite_0026,8/4pp2/p5pp/P1RPk3/6PP/5P2/r7/5K2 w - - 0 1,training/data/test_fens_60.txt,fen_suite,late_11_16+quiet,,,
pgn_nn_vs_stockfish_2000_g2_p34,rbbq1rk1/pp3pp1/4P2p/5n2/1P6/P1N2N2/B4KPP/R1BQR3 b - - 0 17,/home/rohanhs568/code/aichessathon-starter/nn_vs_stockfish_2000.pgn,pgn,high_material_24_32+capture_rich,2,34,d8b6
suite_0020,3r1rk1/pb5p/npq1pbp1/5p2/2PBp3/PP2P1N1/B2RQPPP/3R2K1 b - - 0 1,training/data/test_fens_60.txt,fen_suite,high_material_24_32+capture_available,,,
pgn_v1_1_vs_v1_g5_p11,r1b2rk1/1pp3p1/2n5/p1p1pp2/2P3pP/1PB1P3/P2P1PP1/RB2K2R w KQ - 0 6,/home/rohanhs568/code/aichessathon-starter/v1_1_vs_v1.pgn,pgn,high_material_24_32+capture_available,5,11,b1c2
validation_0318,r1b2r2/pp1n2p1/2n1pk2/1N1p2N1/1q1p1P1P/2PQ4/PP4P1/R3K2R b KQ -,training/data/samples/lichess_validation_250k.csv,validation_sample,high_material_24_32+capture_rich,,,
suite_0003,r1bqr1k1/ppp3p1/2n4p/2p1pp2/2P5/1P1BP3/PB1P1PPP/R2QK2R w KQ - 0 1,training/data/test_fens_60.txt,fen_suite,high_material_24_32+capture_available,,,
suite_0016,r2q1r2/p1pnbk2/2p1b3/3pPp2/5Bp1/2NB2Q1/PPP2PP1/R3R1K1 w - - 0 1,training/data/test_fens_60.txt,fen_suite,high_material_24_32+capture_available,,,
pgn_v1_1_vs_v1_g9_p11,5b2/8/p1p1k3/1p4pp/1P2P3/2PNK2P/1P6/8 w - - 2 6,/home/rohanhs568/code/aichessathon-starter/v1_1_vs_v1.pgn,pgn,late_11_16+quiet,9,11,e3f3
validation_0149,7k/2p4P/3p3q/P1pP4/2P4Q/P6K/8/8 b - -,training/data/samples/lichess_validation_250k.csv,validation_sample,late_11_16+capture_available,,,
validation_0259,rnb3k1/pp2brp1/1q6/3nN2Q/8/6N1/PPP3PP/R1B4K w - -,training/data/samples/lichess_validation_250k.csv,validation_sample,middle_17_23+capture_available,,,
validation_0167,8/p7/1b4kp/1R6/P4KP1/1P6/1r4BP/8 w - -,training/data/samples/lichess_validation_250k.csv,validation_sample,late_11_16+capture_available,,,
pgn_nn_vs_material_g2_p15,r3kb1r/ppp1qppp/2n2n2/3p1b2/4p3/5N2/PPPPPPPP/RNBQKB1R w KQkq - 0 8,/home/rohanhs568/code/aichessathon-starter/nn_vs_material.pgn,pgn,high_material_24_32+quiet,2,15,f3g5
pgn_v1_1_vs_v1_g2_p162,5K2/8/8/8/4k1b1/q7/8/8 w - - 24 82,/home/rohanhs568/code/aichessathon-starter/v1_1_vs_v1.pgn,pgn,endgame_2_10+in_check,2,162,f8e8
pgn_nn_vs_stockfish_2000_g2_p156,5r2/8/8/2k2P2/6K1/8/3R4/8 b - - 2 78,/home/rohanhs568/code/aichessathon-starter/nn_vs_stockfish_2000.pgn,pgn,endgame_2_10+capture_available,2,156,f8g8
pgn_v1_1_vs_v1_g14_p12,1k4r1/8/p2Q1Bp1/2ppP1P1/8/2K1P3/Pr2bp2/8 b - - 4 6,/home/rohanhs568/code/aichessathon-starter/v1_1_vs_v1.pgn,pgn,late_11_16+in_check,14,12,b8a7
validation_0243,r1k5/pp3p1p/8/2b3B1/3P4/3P4/PP4rP/R2K3R b - -,training/data/samples/lichess_validation_250k.csv,validation_sample,middle_17_23+capture_rich,,,
validation_0230,1k1r3r/ppp3p1/1q6/6p1/3pP2p/P2n1P1Q/1P1B2PP/R3R2K w - -,training/data/samples/lichess_validation_250k.csv,validation_sample,middle_17_23+capture_available,,,
validation_0015,8/6k1/6p1/5pKp/4p2P/1R3rP1/8/8 w - -,training/data/samples/lichess_validation_250k.csv,validation_sample,endgame_2_10+capture_available,,,
validation_0169,6R1/4k3/1r6/2r4p/3p2P1/3K4/P2B4/5R2 b - -,training/data/samples/lichess_validation_250k.csv,validation_sample,late_11_16+capture_available,,,
validation_0145,8/2r2p1p/4p3/3p2Pk/5R1P/6P1/4K3/8 w - -,training/data/samples/lichess_validation_250k.csv,validation_sample,late_11_16+capture_available,,,
suite_0041,2N5/p3k3/4P2p/4r3/8/8/n5P1/5RK1 b - - 0 1,training/data/test_fens_60.txt,fen_suite,endgame_2_10+in_check,,,
suite_0019,r1bqr1k1/pp3pp1/2p2n1p/P1bPn3/3N1B2/1BN5/1PP2PPP/R2Q1RK1 b - - 0 1,training/data/test_fens_60.txt,fen_suite,high_material_24_32+capture_rich,,,
validation_0341,r1bqkb1r/4nppp/2n1p3/pp1pP3/3P4/PB3N2/1P3PPP/RNBQK2R w KQkq -,training/data/samples/lichess_validation_250k.csv,validation_sample,high_material_24_32+capture_available,,,
validation_0096,8/6Q1/8/6P1/5p2/1pr5/1kpR4/3q2K1 w - -,training/data/samples/lichess_validation_250k.csv,validation_sample,endgame_2_10+in_check,,,
validation_0191,4k3/pb3nQ1/1p3P1p/2p4P/5q2/2P5/PP4P1/7K w - -,training/data/samples/lichess_validation_250k.csv,validation_sample,late_11_16+capture_available,,,
pgn_v1_1_vs_v1_g8_p107,8/8/8/8/8/2K3p1/8/5k2 w - - 0 54,/home/rohanhs568/code/aichessathon-starter/v1_1_vs_v1.pgn,pgn,endgame_2_10+quiet,8,107,c3c4
validation_0242,r1b5/2qp1k2/2pbp3/p5Q1/8/8/PPP3PP/1K1R1B1R w - -,training/data/samples/lichess_validation_250k.csv,validation_sample,middle_17_23+capture_available,,,
validation_0208,2r1k2r/p4ppp/b7/8/1b1Np3/2N1P1P1/P2K1P1P/R1R5 w k -,training/data/samples/lichess_validation_250k.csv,validation_sample,middle_17_23+quiet,,,
validation_0256,2r3k1/pp4pp/5rn1/q2p3Q/3N1p2/1PP5/P1R2PPP/3R2K1 w - -,training/data/samples/lichess_validation_250k.csv,validation_sample,middle_17_23+capture_available,,,
validation_0327,r4rk1/pn2qpp1/1p1Pp2p/b1p5/2PP4/P2B1N2/1P3PPP/RQ3RK1 b - -,training/data/samples/lichess_validation_250k.csv,validation_sample,high_material_24_32+capture_available,,,
validation_0307,r1bq1rk1/1p2bpp1/5n1p/p1np4/8/5NP1/PPQNPPBP/R1BR2K1 w - -,training/data/samples/lichess_validation_250k.csv,validation_sample,high_material_24_32+capture_available,,,
pgn_nn_vs_stockfish_full_g1_p68,r5k1/6p1/4qp2/3p4/3Q4/5P2/PP3KPP/2R1r3 b - - 4 34,/home/rohanhs568/code/aichessathon-starter/nn_vs_stockfish_full.pgn,pgn,late_11_16+capture_available,1,68,e1c1
validation_0051,8/8/7q/pk1N4/3QP2P/8/6K1/8 w - -,training/data/samples/lichess_validation_250k.csv,validation_sample,endgame_2_10+quiet,,,
validation_0072,8/1R6/8/4KP2/p7/k7/8/7r w - -,training/data/samples/lichess_validation_250k.csv,validation_sample,endgame_2_10+quiet,,,
validation_0012,k3K3/8/1Q6/8/2B5/8/8/8 w - -,training/data/samples/lichess_validation_250k.csv,validation_sample,endgame_2_10+quiet,,,
validation_0279,r2qk2r/1pp2p2/p2pb3/4p3/4P1p1/1P1P1Q2/1PP3PN/R4RK1 w kq -,training/data/samples/lichess_validation_250k.csv,validation_sample,middle_17_23+capture_rich,,,
pgn_v1_1_vs_v1_g4_p33,r1b2knQ/p4p2/3q4/3p4/8/1P3PN1/P2P2PP/2R4K w - - 0 17,/home/rohanhs568/code/aichessathon-starter/v1_1_vs_v1.pgn,pgn,middle_17_23+capture_available,4,33,g3h5
pgn_nn_vs_material_g12_p23,2kr1b1r/ppp2ppp/2n5/3p1b2/4p2q/8/PPPPPKPP/RNBQ1BNR w - - 1 12,/home/rohanhs568/code/aichessathon-starter/nn_vs_material.pgn,pgn,high_material_24_32+in_check,12,23,g2g3
pgn_nn_vs_stockfish_full_g5_p4,rnbqkbnr/ppp1pppp/8/3p4/2PP4/8/PP2PPPP/RNBQKBNR b KQkq - 0 2,/home/rohanhs568/code/aichessathon-starter/nn_vs_stockfish_full.pgn,pgn,high_material_24_32+capture_available,5,4,e7e6
pgn_v1_1_vs_v1_g11_p53,8/8/p7/P7/4bkBp/3p4/5K2/2q5 w - - 2 27,/home/rohanhs568/code/aichessathon-starter/v1_1_vs_v1.pgn,pgn,endgame_2_10+quiet,11,53,g4f3
validation_0189,2bR4/5k2/2p1p1p1/1pP1P2p/1P5P/5P2/5PK1/8 b - -,training/data/samples/lichess_validation_250k.csv,validation_sample,late_11_16+quiet,,,
validation_0361,3rk2r/1b2npb1/pq2p1pp/1p1p4/3pPB2/P2P1P2/BPPQN1PP/R4R1K w k -,training/data/samples/lichess_validation_250k.csv,validation_sample,high_material_24_32+capture_rich,,,
validation_0336,rnb1nrk1/1p1p1ppp/1pp5/8/2P1PB2/2PB1N2/P4PPP/2KR3R w - -,training/data/samples/lichess_validation_250k.csv,validation_sample,high_material_24_32+capture_available,,,
validation_0312,2rq1rk1/1p1bppbp/1n1p1np1/p7/P1PNP3/1BN5/1P1BQPPP/R4RK1 b - -,training/data/samples/lichess_validation_250k.csv,validation_sample,high_material_24_32+capture_rich,,,
pgn_v1_1_vs_v1_g10_p1,8/p7/2pbk3/1p4pp/1P2P3/2PN1K1P/1P6/8 w - - 0 1,/home/rohanhs568/code/aichessathon-starter/v1_1_vs_v1.pgn,pgn,late_11_16+quiet,10,1,d3f2
validation_0035,8/1Qp5/8/p5k1/8/8/PPP1K2P/8 w - -,training/data/samples/lichess_validation_250k.csv,validation_sample,endgame_2_10+capture_available,,,
validation_0124,8/p4pk1/1pB1p1p1/3n3p/3P3P/P2K2P1/1P3P2/8 w - -,training/data/samples/lichess_validation_250k.csv,validation_sample,late_11_16+capture_available,,,
suite_0055,8/6kp/p5p1/3R4/3p4/7P/P5PK/5r2 b - - 0 1,training/data/test_fens_60.txt,fen_suite,late_11_16+quiet,,,
suite_0027,2r5/pp2kp2/4p1p1/3p2P1/3PnP2/2N4R/PPP5/2K5 b - - 0 1,training/data/test_fens_60.txt,fen_suite,middle_17_23+capture_available,,,
pgn_nn_vs_stockfish_2000_g2_p27,rbbq1rk1/pp3pp1/2n1p2p/8/3P2n1/P1N2N2/BP3PPP/R1BQR1K1 w - - 7 14,/home/rohanhs568/code/aichessathon-starter/nn_vs_stockfish_2000.pgn,pgn,high_material_24_32+capture_available,2,27,b2b4
pgn_nn_vs_stockfish_2000_g4_p55,r7/pp3kp1/8/8/2nn4/6Pb/1P1K3P/8 w - - 0 28,/home/rohanhs568/code/aichessathon-starter/nn_vs_stockfish_2000.pgn,pgn,late_11_16+in_check,4,55,d2d3
validation_0396,2kr1bnr/pppq1ppp/2n5/4p3/6b1/4PN2/PPPNBPPP/R1BQ1RK1 w - -,training/data/samples/lichess_validation_250k.csv,validation_sample,high_material_24_32+capture_available,,,
validation_0220,2r3k1/5pp1/4p3/2pqP2p/3r3P/4B3/P1R1QP2/2R3K1 b - -,training/data/samples/lichess_validation_250k.csv,validation_sample,middle_17_23+capture_available,,,
validation_0111,5rk1/2RQ1p2/p3p1pp/8/6PK/P4q2/7P/8 w - -,training/data/samples/lichess_validation_250k.csv,validation_sample,late_11_16+capture_available,,,
suite_0047,8/3R2p1/7k/8/1r4P1/3P4/3K4/8 b - - 0 1,training/data/test_fens_60.txt,fen_suite,endgame_2_10+capture_available,,,
validation_0345,r2qr1k1/3pnpbp/p2Bb1p1/1pN1P3/3N4/8/PP3PPP/R2QR1K1 w - -,training/data/samples/lichess_validation_250k.csv,validation_sample,high_material_24_32+capture_rich,,,
pgn_nn_vs_stockfish_2000_g9_p51,r1k4r/2pR4/2p3qp/N4pB1/PP2p3/2b2N1Q/5PPP/4R1K1 w - - 0 26,/home/rohanhs568/code/aichessathon-starter/nn_vs_stockfish_2000.pgn,pgn,middle_17_23+capture_rich,9,51,f3e5
validation_0087,8/4k3/6K1/bB3P2/6P1/8/8/8 w - -,training/data/samples/lichess_validation_250k.csv,validation_sample,endgame_2_10+quiet,,,
validation_0374,rn1qkb1r/pp2pppp/2p2nN1/8/2pP4/2N1P3/PP3PPP/R1BQKB1R b KQkq -,training/data/samples/lichess_validation_250k.csv,validation_sample,high_material_24_32+capture_available,,,
validation_0195,2b3k1/p4pp1/1p6/3p4/3P4/B3P2P/1P3PP1/6K1 w - -,training/data/samples/lichess_validation_250k.csv,validation_sample,late_11_16+quiet,,,
validation_0044,q7/2P5/KP6/8/3k1b2/P6Q/7p/8 w - -,training/data/samples/lichess_validation_250k.csv,validation_sample,endgame_2_10+in_check,,,
validation_0213,4r3/1pr2k1p/1NpP1np1/p4p2/8/PP2P1P1/5PBP/3R2K1 b - -,training/data/samples/lichess_validation_250k.csv,validation_sample,middle_17_23+capture_available,,,
pgn_v1_1_vs_v1_g20_p14,1k6/8/8/1K6/1P6/8/8/8 b - - 0 7,/home/rohanhs568/code/aichessathon-starter/v1_1_vs_v1.pgn,pgn,endgame_2_10+quiet,20,14,b8b7
pgn_nn_vs_stockfish_2000_g3_p56,3rk1nr/4b2p/1Bb5/4p1p1/1P6/8/P1P2PPP/4R1K1 b k - 1 28,/home/rohanhs568/code/aichessathon-starter/nn_vs_stockfish_2000.pgn,pgn,middle_17_23+capture_available,3,56,d8d7
validation_0007,r6K/5P2/6P1/6k1/8/1b6/8/8 w - -,training/data/samples/lichess_validation_250k.csv,validation_sample,endgame_2_10+in_check,,,
pgn_nn_vs_material_g6_p9,r1bqkb1r/ppp2ppp/2n2n2/3pp3/8/8/PPPPPPPP/RNBQKBNR w KQkq - 4 5,/home/rohanhs568/code/aichessathon-starter/nn_vs_material.pgn,pgn,high_material_24_32+quiet,6,9,g1h3
validation_0338,r1b1k1nr/pppp1p1p/6p1/2bP4/4P2q/2N2P2/PPP1K2P/R1BQ1B1R w kq -,training/data/samples/lichess_validation_250k.csv,validation_sample,high_material_24_32+quiet,,,
validation_0335,r1bq1rk1/3nbppp/2n1p3/pp1pP3/3P4/P2B1NB1/1P1NQPPP/R3K2R w KQ -,training/data/samples/lichess_validation_250k.csv,validation_sample,high_material_24_32+capture_available,,,
validation_0118,5k2/5p2/4p2p/3b2p1/5P2/1n5P/2p3P1/2N2K2 w - -,training/data/samples/lichess_validation_250k.csv,validation_sample,late_11_16+capture_available,,,
validation_0168,5rk1/2p5/2Pb2Np/6p1/4b3/1R2B2P/6P1/6K1 b - -,training/data/samples/lichess_validation_250k.csv,validation_sample,late_11_16+capture_available,,,
validation_0371,2kr1b1r/ppp2ppp/2n1b3/3qp3/8/1PP2N2/P2PBPPP/R1BQK2R w KQ -,training/data/samples/lichess_validation_250k.csv,validation_sample,high_material_24_32+capture_available,,,
pgn_nn_vs_material_g6_p10,r1bqkb1r/ppp2ppp/2n2n2/3pp3/8/7N/PPPPPPPP/RNBQKB1R b KQkq - 5 5,/home/rohanhs568/code/aichessathon-starter/nn_vs_material.pgn,pgn,high_material_24_32+capture_available,6,10,d8e7
validation_0064,8/5k2/6R1/p6P/6K1/5PB1/6q1/8 w - -,training/data/samples/lichess_validation_250k.csv,validation_sample,endgame_2_10+quiet,,,
pgn_nn_vs_material_g8_p40,2kr2r1/ppp2pp1/8/3n1b1p/4P1nq/6P1/PPPQP2P/R3KB1R b KQ - 0 20,/home/rohanhs568/code/aichessathon-starter/nn_vs_material.pgn,pgn,high_material_24_32+capture_rich,8,40,h4f6
suite_0049,8/1k5p/p4P2/1p6/2p5/P3Q2P/KPq5/8 b - - 0 1,training/data/test_fens_60.txt,fen_suite,late_11_16+capture_available,,,
validation_0222,r1r3k1/2pp1ppp/b3q3/p7/P2QP3/1P6/1P3PPP/1BR1R1K1 b - -,training/data/samples/lichess_validation_250k.csv,validation_sample,middle_17_23+capture_available,,,
validation_0129,3NQ3/1p5Q/1k5p/7N/5P2/pP6/P4KPn/2R5 w - -,training/data/samples/lichess_validation_250k.csv,validation_sample,late_11_16+capture_available,,,
validation_0291,r1b1k2r/3p1p1p/2pPpp2/8/q1PQ3P/8/P3BPP1/1R3K1R b k -,training/data/samples/lichess_validation_250k.csv,validation_sample,middle_17_23+capture_available,,,
validation_0233,8/5pkp/R2p2p1/1NpP4/P1B2r2/4b2P/3n2PK/8 w - -,training/data/samples/lichess_validation_250k.csv,validation_sample,middle_17_23+capture_available,,,
pgn_v1_1_vs_v1_g13_p12,1r2r3/1k6/p1b1pBp1/2QpP1P1/P7/1P2Pp2/3K4/8 b - - 0 6,/home/rohanhs568/code/aichessathon-starter/v1_1_vs_v1.pgn,pgn,middle_17_23+capture_available,13,12,e8c8
validation_0073,8/8/B6b/2k3pP/4K1P1/5p2/8/8 w - -,training/data/samples/lichess_validation_250k.csv,validation_sample,endgame_2_10+capture_available,,,
validation_0071,8/8/8/8/5kp1/5r2/6R1/4K3 b - -,training/data/samples/lichess_validation_250k.csv,validation_sample,endgame_2_10+quiet,,,
pgn_nn_vs_stockfish_full_g5_p39,rn2Qbk1/pb4p1/1p3r2/8/2p3q1/2N1B3/PP3PPP/R5K1 w - - 6 20,/home/rohanhs568/code/aichessathon-starter/nn_vs_stockfish_full.pgn,pgn,middle_17_23+capture_available,5,39,c3d5
validation_0370,r3r1k1/1ppq1pp1/2n1bn1p/2b1p3/4P2N/pPP3NP/P1B1QPP1/R1B2RK1 b - -,training/data/samples/lichess_validation_250k.csv,validation_sample,high_material_24_32+capture_rich,,,
pgn_v1_1_vs_v1_g7_p122,8/8/1p1K4/7P/8/8/3kR2Q/8 b - - 0 61,/home/rohanhs568/code/aichessathon-starter/v1_1_vs_v1.pgn,pgn,endgame_2_10+in_check,7,122,d2c3
validation_0102,3Q4/7p/6k1/8/1P1Q4/5nKP/1B6/4qr2 w - -,training/data/samples/lichess_validation_250k.csv,validation_sample,late_11_16+in_check,,,
pgn_v1_1_vs_v1_g6_p26,r3b3/ppp1r1k1/5q1p/2p2p2/2P2P2/1P2PQ2/2BP2PP/2n2RK1 b - - 14 13,/home/rohanhs568/code/aichessathon-starter/v1_1_vs_v1.pgn,pgn,middle_17_23+capture_available,6,26,f6b2
validation_0033,8/p7/4b3/1k6/8/8/p7/K7 b - -,training/data/samples/lichess_validation_250k.csv,validation_sample,endgame_2_10+quiet,,,
validation_0385,1r3rk1/1bpn3p/1p1ppq2/p4p2/2PPn2N/P5P1/1PQBPPB1/2RR2K1 w - -,training/data/samples/lichess_validation_250k.csv,validation_sample,high_material_24_32+capture_rich,,,
validation_0077,4k3/2K5/8/2P3p1/p6p/P5P1/8/8 w - -,training/data/samples/lichess_validation_250k.csv,validation_sample,endgame_2_10+capture_available,,,
pgn_v1_1_vs_v1_g21_p53,8/1K2r1k1/8/8/8/7q/8/8 w - - 2 27,/home/rohanhs568/code/aichessathon-starter/v1_1_vs_v1.pgn,pgn,endgame_2_10+in_check,21,53,b7a6
validation_0333,3r1rk1/1b3p1p/p3p1p1/1pqnN1PQ/8/3B4/PPP2P1P/2KR2R1 w - -,training/data/samples/lichess_validation_250k.csv,validation_sample,high_material_24_32+capture_rich,,,
validation_0101,8/3k2p1/7p/p4P2/1b2N3/3K3P/R5P1/5r2 w - -,training/data/samples/lichess_validation_250k.csv,validation_sample,late_11_16+capture_available,,,
suite_0011,2rq1rk1/pp4pp/2n2np1/4N3/1b4P1/2N4P/PPPB1P2/R2QR1K1 w - - 0 1,training/data/test_fens_60.txt,fen_suite,high_material_24_32+capture_available,,,
validation_0160,8/3q1kp1/Q3pn1p/8/p7/7P/5PP1/2R3K1 w - -,training/data/samples/lichess_validation_250k.csv,validation_sample,late_11_16+capture_available,,,
validation_0270,3k3r/pR3p2/4p3/q1bpPp2/2P2P1p/3QNP1P/P4K2/8 b - -,training/data/samples/lichess_validation_250k.csv,validation_sample,middle_17_23+capture_available,,,
validation_0267,r1b4k/pp2q1p1/2n5/3Qp2p/P3Pp2/2P2P2/4N1PP/1RB4K w - -,training/data/samples/lichess_validation_250k.csv,validation_sample,middle_17_23+capture_rich,,,
validation_0357,2rqr1k1/p4ppp/b1p2b2/3p4/8/2N1P1P1/PPQ2PBP/R2R2K1 b - -,training/data/samples/lichess_validation_250k.csv,validation_sample,high_material_24_32+capture_available,,,
validation_0148,5r1k/3R4/1p3qpp/8/1P1Q1p2/2P3PP/1p6/1K6 w - -,training/data/samples/lichess_validation_250k.csv,validation_sample,late_11_16+capture_rich,,,
pgn_nn_vs_stockfish_2000_g1_p101,8/6P1/p7/3k1p2/3p2qP/8/5P2/5K2 w - - 1 51,/home/rohanhs568/code/aichessathon-starter/nn_vs_stockfish_2000.pgn,pgn,endgame_2_10+quiet,1,101,g7g8q
validation_0161,8/6pk/7p/2n5/2Bn4/5PP1/5BKP/8 b - -,training/data/samples/lichess_validation_250k.csv,validation_sample,late_11_16+capture_available,,,
validation_0269,r1b2bk1/1p3p2/p3p2p/2p1P3/2P5/1R2B3/P1BNnPPP/6K1 w - -,training/data/samples/lichess_validation_250k.csv,validation_sample,middle_17_23+in_check,,,
validation_0262,4k2r/p2b3p/3p3q/1p6/3pP1p1/PP1Pp1P1/2QNB2P/4KR2 w k -,training/data/samples/lichess_validation_250k.csv,validation_sample,middle_17_23+capture_available,,,
validation_0340,r1b1k2r/ppp1q3/3bpnpp/4n3/3N4/1QN3P1/PP2PPBP/R1B2RK1 w kq -,training/data/samples/lichess_validation_250k.csv,validation_sample,high_material_24_32+capture_rich,,,
validation_0025,8/8/4k1p1/8/4p3/5R2/r4PPP/2K5 w - -,training/data/samples/lichess_validation_250k.csv,validation_sample,endgame_2_10+quiet,,,
validation_0199,8/1R6/7p/1p6/p3n1P1/P3k3/KP5r/8 w - -,training/data/samples/lichess_validation_250k.csv,validation_sample,late_11_16+capture_available,,,
validation_0238,1r4k1/p1p2qp1/7p/2n1P3/3Q4/7P/P3rPP1/R2R2K1 w - -,training/data/samples/lichess_validation_250k.csv,validation_sample,middle_17_23+capture_available,,,
pgn_v1_1_vs_v1_g16_p7,5b1k/2p4P/3p1p2/3P2pP/p7/P4p2/1PB4K/8 b - - 0 4,/home/rohanhs568/code/aichessathon-starter/v1_1_vs_v1.pgn,pgn,late_11_16+quiet,16,7,f6f5
suite_0012,r1bqkb1r/ppp1nppp/5n2/3pp3/2B1P3/2P2Q2/PP1PNPPP/RNB1K2R w KQkq - 0 1,training/data/test_fens_60.txt,fen_suite,high_material_24_32+capture_available,,,
validation_0112,2Qb4/3P1pk1/1q4pp/1B6/P3P3/6P1/5P1P/6K1 w - -,training/data/samples/lichess_validation_250k.csv,validation_sample,late_11_16+capture_available,,,
pgn_nn_vs_material_g16_p41,2krr3/ppp2ppp/8/8/7P/2K4b/PPP1n2P/RNB4R w - - 0 21,/home/rohanhs568/code/aichessathon-starter/nn_vs_material.pgn,pgn,middle_17_23+in_check,16,41,c3b3
pgn_nn_vs_stockfish_2000_g1_p99,8/8/p5P1/3k1p2/3p1q1P/8/5P2/5K2 w - - 0 50,/home/rohanhs568/code/aichessathon-starter/nn_vs_stockfish_2000.pgn,pgn,endgame_2_10+quiet,1,99,g6g7
validation_0363,r4rk1/1bq2ppp/p2bpn2/2p5/4P3/P1N1B1P1/1P3PBP/R2QK2R w KQ -,training/data/samples/lichess_validation_250k.csv,validation_sample,high_material_24_32+capture_available,,,
pgn_nn_vs_stockfish_2000_g3_p86,4k3/4n3/2b5/7p/2PB4/b4P1P/r5PK/8 b - - 3 43,/home/rohanhs568/code/aichessathon-starter/nn_vs_stockfish_2000.pgn,pgn,late_11_16+capture_available,3,86,c6f3
pgn_v1_1_vs_v1_g21_p49,8/3K2k1/4R3/4r3/8/7q/8/8 w - - 6 25,/home/rohanhs568/code/aichessathon-starter/v1_1_vs_v1.pgn,pgn,endgame_2_10+quiet,21,49,d7c8
validation_0193,8/2k3p1/5rp1/6R1/PbNp4/3K4/P5PP/8 w - -,training/data/samples/lichess_validation_250k.csv,validation_sample,late_11_16+capture_available,,,
pgn_v1_1_vs_v1_g7_p67,8/7R/1pk1p3/p7/3PP2P/2K2P2/3n2r1/8 w - - 1 34,/home/rohanhs568/code/aichessathon-starter/v1_1_vs_v1.pgn,pgn,late_11_16+quiet,7,67,h7e7
validation_0239,2b2rk1/Q2n2bp/2p1p1p1/3pP3/Pq5P/4B3/P1P3P1/1K1R1B1R w - -,training/data/samples/lichess_validation_250k.csv,validation_sample,middle_17_23+in_check,,,
pgn_nn_vs_stockfish_2000_g10_p20,rnbq1rk1/p4ppp/1bpp1n2/4p3/B3P3/2P2N1P/1P1PQPP1/RNB2RK1 b - - 0 10,/home/rohanhs568/code/aichessathon-starter/nn_vs_stockfish_2000.pgn,pgn,high_material_24_32+capture_available,10,20,d6d5
validation_0241,5r2/4r2p/1kppNpp1/1p2P3/1P4P1/1B2K2P/8/5R2 b - -,training/data/samples/lichess_validation_250k.csv,validation_sample,middle_17_23+capture_available,,,
pgn_nn_vs_stockfish_full_g1_p42,r4rk1/2pn2p1/b3Qpq1/p2p4/8/2BnPP2/PP1N2PP/R1R3K1 b - - 0 21,/home/rohanhs568/code/aichessathon-starter/nn_vs_stockfish_full.pgn,pgn,high_material_24_32+in_check,1,42,g6f7
validation_0224,4r1k1/pp3rp1/2p1pp1p/2N3bP/2PP4/3RP3/PP4P1/1K5R b - -,training/data/samples/lichess_validation_250k.csv,validation_sample,middle_17_23+capture_available,,,
pgn_nn_vs_material_g20_p25,2kr3r/ppp2ppp/2n5/3p1b2/4p1nq/6PN/PPPPPb1P/RNBQKB1R w KQ - 0 13,/home/rohanhs568/code/aichessathon-starter/nn_vs_material.pgn,pgn,high_material_24_32+in_check,20,25,h3f2
pgn_nn_vs_stockfish_2000_g7_p39,rn5r/ppk2p2/1q1p1bpp/2pP4/5P2/2N4B/PPPQ3P/2K1RR2 w - - 5 20,/home/rohanhs568/code/aichessathon-starter/nn_vs_stockfish_2000.pgn,pgn,high_material_24_32+quiet,7,39,f1f3
validation_0125,8/2b5/5k2/p4p1p/1pKBb1p1/1P4P1/P4P1P/5B2 b - -,training/data/samples/lichess_validation_250k.csv,validation_sample,late_11_16+in_check,,,
validation_0052,3r1nR1/8/6p1/8/3k3P/5KP1/8/8 w - -,training/data/samples/lichess_validation_250k.csv,validation_sample,endgame_2_10+capture_available,,,
pgn_nn_vs_stockfish_full_g5_p23,rn3rk1/p3bppp/bp2pn2/4N3/2pq4/2N5/PPBB1PPP/R2Q1RK1 w - - 0 12,/home/rohanhs568/code/aichessathon-starter/nn_vs_stockfish_full.pgn,pgn,high_material_24_32+capture_available,5,23,f1e1
validation_0082,8/4k1B1/6K1/1R6/6Pp/7P/6r1/8 w - -,training/data/samples/lichess_validation_250k.csv,validation_sample,endgame_2_10+quiet,,,
validation_0397,1r1q1rk1/3bppb1/2np1np1/ppp4p/4P2P/3PN1P1/PPP2PBN/R1BQR1K1 w - -,training/data/samples/lichess_validation_250k.csv,validation_sample,high_material_24_32+capture_available,,,
validation_0094,8/1P6/k1KN4/P7/8/8/8/5b2 b - -,training/data/samples/lichess_validation_250k.csv,validation_sample,endgame_2_10+capture_available,,,
validation_0290,r2q1rk1/1pp2ppp/p7/3b1P2/3Q4/5N1P/1P4PN/R3R1K1 w - -,training/data/samples/lichess_validation_250k.csv,validation_sample,middle_17_23+capture_available,,,
validation_0053,8/3k4/5p2/P4K1P/8/6p1/1P4P1/8 w - -,training/data/samples/lichess_validation_250k.csv,validation_sample,endgame_2_10+capture_available,,,
suite_0052,2r1k3/6p1/p2B2P1/1p1KpP2/1P6/8/8/8 w - - 0 1,training/data/test_fens_60.txt,fen_suite,late_11_16+capture_available,,,
validation_0128,r6k/7p/4p3/3p1p1B/2nP1P2/1q2P3/7P/2Q3RK w - -,training/data/samples/lichess_validation_250k.csv,validation_sample,late_11_16+capture_available,,,
validation_0069,8/8/8/6p1/6k1/8/r7/2R3K1 w - -,training/data/samples/lichess_validation_250k.csv,validation_sample,endgame_2_10+quiet,,,
pgn_nn_vs_stockfish_2000_g6_p41,1r4k1/p2b1p1p/3bpp2/8/P2P4/1B2P3/1rPB2PP/R4K1R w - - 2 21,/home/rohanhs568/code/aichessathon-starter/nn_vs_stockfish_2000.pgn,pgn,middle_17_23+capture_available,6,41,d2e1
validation_0002,8/R2k4/7r/3P4/3K4/8/8/8 b - -,training/data/samples/lichess_validation_250k.csv,validation_sample,endgame_2_10+in_check,,,
validation_0079,1Q6/8/2Q1Q3/3R4/8/k7/8/1K6 w - -,training/data/samples/lichess_validation_250k.csv,validation_sample,endgame_2_10+quiet,,,
validation_0031,8/8/8/1pk5/1p6/1P1K4/8/N7 b - -,training/data/samples/lichess_validation_250k.csv,validation_sample,endgame_2_10+quiet,,,
validation_0011,8/8/2k3P1/4KP2/8/6r1/8/8 w - -,training/data/samples/lichess_validation_250k.csv,validation_sample,endgame_2_10+quiet,,,
validation_0142,8/1p2kp1p/1p2b3/6r1/3NK3/1P1P4/1PR4P/8 b - -,training/data/samples/lichess_validation_250k.csv,validation_sample,late_11_16+capture_available,,,
validation_0384,r1bq1rk1/3nbpp1/2p1pn1p/1p2B1N1/p2P2N1/6PB/P1Q1PP1P/R2R2K1 w - -,training/data/samples/lichess_validation_250k.csv,validation_sample,high_material_24_32+capture_rich,,,
suite_0044,3R4/1r4k1/8/P7/2P1K2p/8/8/8 w - - 0 1,training/data/test_fens_60.txt,fen_suite,endgame_2_10+quiet,,,
validation_0113,8/pp3kpp/2p5/4Qp2/2p5/7P/PP4PK/8 w - -,training/data/samples/lichess_validation_250k.csv,validation_sample,late_11_16+capture_available,,,
validation_0115,8/6p1/4np2/p2k2p1/1p1P4/4KNPP/1P3P2/8 b - -,training/data/samples/lichess_validation_250k.csv,validation_sample,late_11_16+capture_available,,,
validation_0117,7k/1p6/4p2P/8/R2PKP2/2P1P3/p7/r7 w - -,training/data/samples/lichess_validation_250k.csv,validation_sample,late_11_16+capture_available,,,
suite_0060,8/4k3/1p4P1/1Kn5/P4p2/5B2/8/8 w - - 0 1,training/data/test_fens_60.txt,fen_suite,endgame_2_10+capture_available,,,
suite_0002,rnb1k1nr/pp3ppp/1qp5/2bpp3/4P3/1PNB1P2/P1PP2PP/R1BQK1NR w KQkq - 0 1,training/data/test_fens_60.txt,fen_suite,high_material_24_32+capture_available,,,
validation_0104,4Rbk1/4R3/3r1pp1/1p1P4/8/8/7P/7K w - -,training/data/samples/lichess_validation_250k.csv,validation_sample,late_11_16+capture_available,,,
validation_0017,8/8/8/k7/8/7R/1R6/1K6 b - -,training/data/samples/lichess_validation_250k.csv,validation_sample,endgame_2_10+quiet,,,
validation_0210,6k1/pp3pp1/4pn1p/q7/2P5/1P2PBP1/P2r1P1P/1Q3K1R b - -,training/data/samples/lichess_validation_250k.csv,validation_sample,middle_17_23+capture_available,,,
pgn_nn_vs_stockfish_2000_g7_p146,8/1p6/6p1/1k5p/8/R7/2qr4/K7 b - - 11 73,/home/rohanhs568/code/aichessathon-starter/nn_vs_stockfish_2000.pgn,pgn,endgame_2_10+quiet,7,146,c2c1
validation_0218,5r2/1p2qp1k/p1r1b1p1/3p3p/3Q3P/3B2R1/PP3PP1/4R1K1 w - -,training/data/samples/lichess_validation_250k.csv,validation_sample,middle_17_23+capture_rich,,,
validation_0284,2Qb3k/1pB3p1/p4p1p/3q4/6P1/5N1P/PP3PK1/8 b - -,training/data/samples/lichess_validation_250k.csv,validation_sample,middle_17_23+capture_available,,,
validation_0173,1rr3k1/5pp1/4n2p/8/8/BP6/5PPP/1R4K1 b - -,training/data/samples/lichess_validation_250k.csv,validation_sample,late_11_16+capture_available,,,
pgn_nn_vs_material_g1_p60,r3kb1r/pp1bpQ1p/2q4p/4RP2/2B3P1/P6P/1PP5/1K1R4 b - - 3 30,/home/rohanhs568/code/aichessathon-starter/nn_vs_material.pgn,pgn,middle_17_23+in_check,1,60,e8d8
pgn_nn_vs_material_g1_p64,1r1k1b1r/pp1RpQ1p/2q4p/5P2/2B3P1/P6P/1PP5/1K1R4 b - - 0 32,/home/rohanhs568/code/aichessathon-starter/nn_vs_material.pgn,pgn,middle_17_23+in_check,1,64,c6d7
validation_0352,2r2rk1/4bppp/p3p3/1q1b4/n1pP1B2/2R1P3/1P1NBPPP/Q1R3K1 b - -,training/data/samples/lichess_validation_250k.csv,validation_sample,high_material_24_32+capture_rich,,,
validation_0165,6rk/2p5/5bq1/2p5/6Q1/5N2/5PP1/4R1K1 w - -,training/data/samples/lichess_validation_250k.csv,validation_sample,late_11_16+capture_available,,,
validation_0257,2r2nk1/p4pp1/4p3/7p/q2rP2P/PRP2PB1/1Q3PK1/2R5 w - -,training/data/samples/lichess_validation_250k.csv,validation_sample,middle_17_23+capture_available,,,
pgn_nn_vs_stockfish_full_g5_p26,rn3rk1/pb2bNpp/1p2pn2/8/2pq4/2N5/PPBB1PPP/R2QR1K1 b - - 0 13,/home/rohanhs568/code/aichessathon-starter/nn_vs_stockfish_full.pgn,pgn,high_material_24_32+capture_rich,5,26,f8f7
pgn_nn_vs_stockfish_full_g6_p22,r1bqk2r/2pp1pp1/p1nb3p/3B4/Pp1NP3/8/1PP2PPP/R1BQK2R b KQkq - 0 11,/home/rohanhs568/code/aichessathon-starter/nn_vs_stockfish_full.pgn,pgn,high_material_24_32+capture_available,6,22,c6d4
pgn_v1_1_vs_v1_g7_p60,8/3k2rp/1p2p2R/p7/3PP2P/1R1K1P2/2r5/5n2 b - - 5 30,/home/rohanhs568/code/aichessathon-starter/v1_1_vs_v1.pgn,pgn,late_11_16+quiet,7,60,g7g2
validation_0388,2k1r3/pp3pp1/1qprpn1p/3p4/1P1P2PP/P1NQPP2/2P2K2/RR6 b - -,training/data/samples/lichess_validation_250k.csv,validation_sample,high_material_24_32+capture_available,,,
validation_0054,8/1p6/2k5/8/4P1K1/8/8/8 b - -,training/data/samples/lichess_validation_250k.csv,validation_sample,endgame_2_10+quiet,,,
validation_0298,8/bp3k2/p3p1p1/2pqP2p/5P1P/1PP3P1/P1Q4K/8 b - -,training/data/samples/lichess_validation_250k.csv,validation_sample,middle_17_23+capture_available,,,
pgn_nn_vs_stockfish_2000_g1_p72,2k5/R7/p2b4/q4pB1/2pp4/5B2/b4PPP/R5K1 b - - 0 36,/home/rohanhs568/code/aichessathon-starter/nn_vs_stockfish_2000.pgn,pgn,late_11_16+capture_available,1,72,c4c3
suite_0023,1r4r1/3k4/p3pBp1/2ppP1P1/7Q/4Pp2/PP1Kb3/8 w - - 0 1,training/data/test_fens_60.txt,fen_suite,middle_17_23+quiet,,,
validation_0328,rn1q3r/pp1bkppp/3bpn2/1BppN3/3P1B2/2P1P3/PP3PPP/RN1QK2R w KQ -,training/data/samples/lichess_validation_250k.csv,validation_sample,high_material_24_32+capture_rich,,,
pgn_nn_vs_material_g18_p49,1k1r4/p1p2ppp/8/1p3b2/7P/2K5/PP2P2P/RN4R1 w - - 2 25,/home/rohanhs568/code/aichessathon-starter/nn_vs_material.pgn,pgn,middle_17_23+capture_available,18,49,g1g7
validation_0157,8/5kp1/1bp4p/5p2/5P2/2NP1bP1/4K2P/8 w - -,training/data/samples/lichess_validation_250k.csv,validation_sample,late_11_16+in_check,,,
validation_0176,r5k1/5ppp/2N1p3/p7/P7/1Pn2P2/6PP/R3K3 b - -,training/data/samples/lichess_validation_250k.csv,validation_sample,late_11_16+capture_available,,,
suite_0001,2rqr1k1/pb1n1ppp/3b1n2/1Npp4/8/1P1BPN2/PBQ2PPP/3R1RK1 b - - 0 1,training/data/test_fens_60.txt,fen_suite,high_material_24_32+capture_available,,,
validation_0382,r2qk2r/ppp3pp/2npp3/4p3/PP2P1n1/2PP1N2/5KPP/RNBQ3R w kq -,training/data/samples/lichess_validation_250k.csv,validation_sample,high_material_24_32+in_check,,,
pgn_v1_1_vs_v1_g3_p30,rnb2k2/p4p1p/2pP4/7N/8/2PB1P2/p1P2KPP/R2Q4 b - - 0 15,/home/rohanhs568/code/aichessathon-starter/v1_1_vs_v1.pgn,pgn,middle_17_23+quiet,3,30,b8d7
pgn_v1_1_vs_v1_g2_p135,8/8/8/8/6b1/4Kpk1/8/8 b - - 1 68,/home/rohanhs568/code/aichessathon-starter/v1_1_vs_v1.pgn,pgn,endgame_2_10+quiet,2,135,f3f2
pgn_nn_vs_material_g20_p39,2k4r/ppp2ppp/8/5b2/7P/7B/PPnrP2P/RN1K3R w - - 0 20,/home/rohanhs568/code/aichessathon-starter/nn_vs_material.pgn,pgn,middle_17_23+in_check,20,39,d1d2
pgn_nn_vs_material_g5_p47,3q3r/PQr1kpbp/7p/2Pp4/8/5N1P/P4PP1/6K1 w - - 0 24,/home/rohanhs568/code/aichessathon-starter/nn_vs_material.pgn,pgn,middle_17_23+capture_available,5,47,a7a8q
validation_0381,r1b1kb1r/3n1ppp/p1p1p3/2Pp4/4PB2/1Nq2N2/P1P2PPP/1R1Q1RK1 b kq -,training/data/samples/lichess_validation_250k.csv,validation_sample,high_material_24_32+capture_rich,,,
suite_0040,1k1r4/1pp5/1n6/p1qp4/5Q2/PP3P2/2PR2r1/1NK1R3 b - - 0 1,training/data/test_fens_60.txt,fen_suite,middle_17_23+capture_available,,,
pgn_nn_vs_stockfish_2000_g10_p3,rnbqkbnr/pppp1ppp/8/4p3/4P3/8/PPPP1PPP/RNBQKBNR w KQkq - 0 2,/home/rohanhs568/code/aichessathon-starter/nn_vs_stockfish_2000.pgn,pgn,high_material_24_32+quiet,10,3,f1c4
suite_0057,3k4/Q4R2/8/4p2p/2p2b2/8/7q/5K2 b - - 0 1,training/data/test_fens_60.txt,fen_suite,endgame_2_10+quiet,,,
validation_0309,r5k1/1b1rbpp1/pq2pn1p/1pP5/7B/1BN1P3/PP2QPPP/2RR2K1 b - -,training/data/samples/lichess_validation_250k.csv,validation_sample,high_material_24_32+capture_rich,,,
validation_0146,8/1p3p2/p2kb1pp/P2p4/BP1K4/4PP2/6PP/8 b - -,training/data/samples/lichess_validation_250k.csv,validation_sample,late_11_16+quiet,,,
pgn_nn_vs_material_g5_p35,1r1q3r/pp1knpbp/3p3p/1P1p4/2PP4/1Q3N1P/P4PP1/R3R1K1 w - - 0 18,/home/rohanhs568/code/aichessathon-starter/nn_vs_material.pgn,pgn,high_material_24_32+capture_available,5,35,c4c5
validation_0366,r3kbnr/pp1npppp/1q6/2ppP3/3P4/1QP5/PP1B1PPP/RN2K1NR b KQkq -,training/data/samples/lichess_validation_250k.csv,validation_sample,high_material_24_32+capture_available,,,
validation_0043,8/8/8/6kP/6p1/4N1K1/8/1r6 w - -,training/data/samples/lichess_validation_250k.csv,validation_sample,endgame_2_10+capture_available,,,
pgn_nn_vs_stockfish_2000_g6_p6,rnbqkb1r/ppp1pppp/5n2/3p4/8/2N1PN2/PPPP1PPP/R1BQKB1R b KQkq - 0 3,/home/rohanhs568/code/aichessathon-starter/nn_vs_stockfish_2000.pgn,pgn,high_material_24_32+quiet,6,6,c7c5
validation_0004,8/8/6p1/1p1K2P1/8/1kb1B3/8/8 b - -,training/data/samples/lichess_validation_250k.csv,validation_sample,endgame_2_10+quiet,,,
pgn_nn_vs_material_g20_p16,r3kb1r/ppp1qppp/2n2n2/3p1bN1/4p3/8/PPPPPPPP/RNBQKB1R b KQkq - 1 8,/home/rohanhs568/code/aichessathon-starter/nn_vs_material.pgn,pgn,high_material_24_32+quiet,20,16,e8c8
validation_0377,r1bqrnk1/1pp2pb1/p2p2n1/8/2PNNP1p/1P5P/PBQ1B1P1/3RR1K1 w - -,training/data/samples/lichess_validation_250k.csv,validation_sample,high_material_24_32+capture_available,,,
pgn_nn_vs_material_g19_p12,rnbqkb1r/pppppppp/7n/8/3PP3/2N2N1P/PPP1QPP1/R1B1KB1R b KQq - 2 6,/home/rohanhs568/code/aichessathon-starter/nn_vs_material.pgn,pgn,high_material_24_32+quiet,19,12,b8c6
validation_0170,5bk1/5p2/2q3p1/8/7Q/4B2P/1PK2P2/8 w - -,training/data/samples/lichess_validation_250k.csv,validation_sample,late_11_16+in_check,,,
validation_0042,8/2k5/7Q/8/3R4/8/PPP2PPP/6K1 w - -,training/data/samples/lichess_validation_250k.csv,validation_sample,endgame_2_10+quiet,,,
validation_0337,r2qkb1r/pp4pp/2n2p1n/2pppb2/8/1P1PP1P1/PBPN1PBP/R2QK1NR w KQkq -,training/data/samples/lichess_validation_250k.csv,validation_sample,high_material_24_32+capture_available,,,
validation_0192,4r1k1/1p1r2q1/p1pn1R2/7Q/1P3R2/7P/P5PK/8 b - -,training/data/samples/lichess_validation_250k.csv,validation_sample,late_11_16+capture_available,,,
pgn_nn_vs_stockfish_2000_g6_p53,6k1/p4p1p/5p2/2bp4/P5b1/1P2P3/1B4PP/3R1K1R w - - 1 27,/home/rohanhs568/code/aichessathon-starter/nn_vs_stockfish_2000.pgn,pgn,middle_17_23+capture_available,6,53,d1d5
suite_0034,3r1r2/ppp3pp/3nkp2/2n1p3/4P3/4NP2/PPP2NPP/2KR3R w - - 0 1,training/data/test_fens_60.txt,fen_suite,high_material_24_32+capture_available,,,
pgn_v1_1_vs_v1_g13_p13,1rr5/1k6/p1b1pBp1/2QpP1P1/P7/1P2Pp2/3K4/8 w - - 1 7,/home/rohanhs568/code/aichessathon-starter/v1_1_vs_v1.pgn,pgn,middle_17_23+capture_available,13,13,c5e7
validation_0293,2b2rk1/5p1p/p2p1ppb/8/1r1NP1P1/q1PQ3P/B4P2/R3K2R b K -,training/data/samples/lichess_validation_250k.csv,validation_sample,middle_17_23+capture_rich,,,
validation_0136,5R2/2r2ppk/3p4/3P1N2/4P1b1/8/6P1/R5K1 w - -,training/data/samples/lichess_validation_250k.csv,validation_sample,late_11_16+capture_available,,,
validation_0130,4r1k1/p5p1/1p1RR2p/1P5P/P4PK1/r5P1/8/8 b - -,training/data/samples/lichess_validation_250k.csv,validation_sample,late_11_16+capture_available,,,
pgn_v1_1_vs_v1_g21_p21,5k2/R7/3K2p1/p7/P6r/8/8/8 w - - 0 11,/home/rohanhs568/code/aichessathon-starter/v1_1_vs_v1.pgn,pgn,endgame_2_10+capture_available,21,21,a7a5
pgn_nn_vs_material_g9_p85,1r4r1/p3k1b1/1p3n2/8/P1p5/2P4n/1PK2P2/8 w - - 3 43,/home/rohanhs568/code/aichessathon-starter/nn_vs_material.pgn,pgn,late_11_16+quiet,9,85,f2f3
validation_0286,2r1nrk1/1p3ppp/p3p3/2bNq3/8/4B3/PP2QPPP/2RR2K1 w - -,training/data/samples/lichess_validation_250k.csv,validation_sample,middle_17_23+capture_available,,,
validation_0365,r3kbnr/pppq1ppp/2n1p3/3pP3/3Pb2N/2P5/PP1B1PPP/RN1QKB1R b KQkq -,training/data/samples/lichess_validation_250k.csv,validation_sample,high_material_24_32+capture_rich,,,
validation_0110,r1qr2k1/4Rppp/1p6/8/8/1P4P1/4QPP1/4R1K1 w - -,training/data/samples/lichess_validation_250k.csv,validation_sample,late_11_16+capture_available,,,
validation_0188,4k3/3b4/3B3p/1p1p2p1/p1P1p1P1/P3P1P1/3KB3/8 b - -,training/data/samples/lichess_validation_250k.csv,validation_sample,late_11_16+capture_available,,,
validation_0391,r1b1kb1r/ppp1pppp/n3qn2/8/3P4/P1N5/1PP1NPPP/R1BQKB1R b KQkq -,training/data/samples/lichess_validation_250k.csv,validation_sample,high_material_24_32+capture_available,,,
validation_0209,1r3r1k/5p2/3pb2p/1ppB2pP/4P1P1/2P5/P1PK4/5R1R w - -,training/data/samples/lichess_validation_250k.csv,validation_sample,middle_17_23+capture_available,,,
pgn_nn_vs_material_g1_p19,rnbqkb1r/pppppppp/7n/3P2B1/4P3/2N2N1P/PPP1QPP1/2KR1B1R w q - 5 10,/home/rohanhs568/code/aichessathon-starter/nn_vs_material.pgn,pgn,high_material_24_32+capture_available,1,19,e4e5
pgn_v1_1_vs_v1_g7_p39,6r1/3k1pBp/1p2p3/p3R3/2rPP2P/R1n3P1/5PK1/8 w - - 7 20,/home/rohanhs568/code/aichessathon-starter/v1_1_vs_v1.pgn,pgn,middle_17_23+capture_rich,7,39,g7f6
pgn_nn_vs_material_g10_p3,rnbqkbnr/ppp1pppp/8/3p4/8/7N/PPPPPPPP/RNBQKB1R w KQkq - 0 2,/home/rohanhs568/code/aichessathon-starter/nn_vs_material.pgn,pgn,high_material_24_32+quiet,10,3,h3g1
validation_0099,8/4b3/2k3K1/P4P2/8/1N6/8/8 b - -,training/data/samples/lichess_validation_250k.csv,validation_sample,endgame_2_10+quiet,,,
suite_0029,6k1/p1q2rp1/1p4pn/8/2r5/P6Q/1B3PPP/3RR1K1 w - - 0 1,training/data/test_fens_60.txt,fen_suite,middle_17_23+capture_available,,,
validation_0393,rn1qk2r/4ppbp/p1ppN1p1/3nP3/1p3P2/4BQ1P/PPP3P1/2KR1BNR b kq -,training/data/samples/lichess_validation_250k.csv,validation_sample,high_material_24_32+capture_rich,,,
validation_0200,4rrk1/p4p2/4p1p1/7p/4qP2/7Q/P5PP/R6K w - -,training/data/samples/lichess_validation_250k.csv,validation_sample,late_11_16+capture_available,,,
pgn_nn_vs_stockfish_2000_g5_p46,1k1r3r/pp2np2/1P1pqb2/3p2p1/P2P4/B1PB3p/Q4PP1/1R4K1 b - - 0 23,/home/rohanhs568/code/aichessathon-starter/nn_vs_stockfish_2000.pgn,pgn,high_material_24_32+capture_available,5,46,h3g2
validation_0171,1n1Nr3/pbkR3p/5N1B/6p1/8/4n3/PP3K2/8 b - -,training/data/samples/lichess_validation_250k.csv,validation_sample,late_11_16+in_check,,,
validation_0109,r1r5/pR3pkp/2N3p1/3P4/8/8/b4PPP/3R2K1 b - -,training/data/samples/lichess_validation_250k.csv,validation_sample,late_11_16+capture_available,,,
pgn_nn_vs_material_g4_p66,1k1r4/5R2/1pb5/8/4r1nP/N1P3KP/PP2P3/R7 b - - 0 33,/home/rohanhs568/code/aichessathon-starter/nn_vs_material.pgn,pgn,late_11_16+capture_available,4,66,g4e3
validation_0373,r1bqk2r/ppp2ppp/3P1n2/4pnN1/2B5/1QP5/PP1P1KPP/RNB4R b kq -,training/data/samples/lichess_validation_250k.csv,validation_sample,high_material_24_32+capture_available,,,
pgn_nn_vs_material_g7_p74,1r3k1r/p4nb1/1p3n2/5QP1/2p5/P1P4P/KP3P2/6q1 b - - 2 37,/home/rohanhs568/code/aichessathon-starter/nn_vs_material.pgn,pgn,middle_17_23+capture_rich,7,74,f7g5
validation_0304,2rq1rk1/p3bppp/1p2pn2/2p5/1nPPb3/N3PNP1/PB3PBP/R2QR1K1 w - -,training/data/samples/lichess_validation_250k.csv,validation_sample,high_material_24_32+capture_available,,,
validation_0065,8/8/1Pb3Kp/8/3k1P1P/8/8/8 b - -,training/data/samples/lichess_validation_250k.csv,validation_sample,endgame_2_10+quiet,,,
pgn_v1_1_vs_v1_g24_p8,8/2r3k1/P7/8/2PR4/5K1p/8/8 b - - 3 4,/home/rohanhs568/code/aichessathon-starter/v1_1_vs_v1.pgn,pgn,endgame_2_10+capture_available,24,8,c7a7
pgn_v1_1_vs_v1_g5_p52,7k/1pp5/3r3p/2p5/1pP5/1P2PR2/P1B1K1P1/5R2 b - - 8 26,/home/rohanhs568/code/aichessathon-starter/v1_1_vs_v1.pgn,pgn,late_11_16+quiet,5,52,d6d7
pgn_nn_vs_material_g4_p58,3rr3/1k3p1R/1pb5/8/6nP/N1P5/PP2P2P/R4K2 b - - 3 29,/home/rohanhs568/code/aichessathon-starter/nn_vs_material.pgn,pgn,middle_17_23+capture_available,4,58,g4e3
validation_0287,3r2k1/pp2rppp/2p2p2/8/2P5/1PK2PbP/PB1P2P1/R6R b - -,training/data/samples/lichess_validation_250k.csv,validation_sample,middle_17_23+capture_available,,,
validation_0050,6n1/6k1/8/5K1P/5P1P/8/8/8 w - -,training/data/samples/lichess_validation_250k.csv,validation_sample,endgame_2_10+quiet,,,
pgn_nn_vs_material_g11_p6,rnbqkbr1/pppppppp/7n/8/3PP3/2N5/PPP2PPP/R1BQKBNR b KQq - 2 3,/home/rohanhs568/code/aichessathon-starter/nn_vs_material.pgn,pgn,high_material_24_32+quiet,11,6,g8h8
validation_0251,8/p2Rb1kp/1p4p1/2p2pq1/8/2P2Q1P/PP3PP1/5K2 b - -,training/data/samples/lichess_validation_250k.csv,validation_sample,middle_17_23+capture_available,,,
validation_0023,8/1p4k1/3p4/1P6/2P1Kp2/3r2b1/3r4/8 b - -,training/data/samples/lichess_validation_250k.csv,validation_sample,endgame_2_10+quiet,,,
pgn_v1_1_vs_v1_g18_p25,8/5k2/7p/8/2R5/2n1rN2/5KP1/8 b - - 22 13,/home/rohanhs568/code/aichessathon-starter/v1_1_vs_v1.pgn,pgn,endgame_2_10+capture_available,18,25,e3e2
validation_0319,r1bq1rk1/pppnppbp/3p1np1/6B1/3PP3/2PB4/PP1N1PPP/R2QK1NR b KQ -,training/data/samples/lichess_validation_250k.csv,validation_sample,high_material_24_32+capture_available,,,
validation_0278,4r3/p2nr3/1p2p1k1/3pRppp/3P4/2P2P1P/PP1N2P1/4R1K1 w - -,training/data/samples/lichess_validation_250k.csv,validation_sample,middle_17_23+capture_available,,,
validation_0045,8/8/6pp/5p2/1P6/4n1kP/8/1rN3K1 b - -,training/data/samples/lichess_validation_250k.csv,validation_sample,endgame_2_10+capture_available,,,
validation_0247,r3r1k1/6bp/pq2b1p1/RN1Qp1B1/1PP5/8/5PPP/5BK1 w - -,training/data/samples/lichess_validation_250k.csv,validation_sample,middle_17_23+capture_rich,,,
validation_0056,8/p7/1p3k2/8/4K2P/1P6/b1P5/8 b - -,training/data/samples/lichess_validation_250k.csv,validation_sample,endgame_2_10+capture_available,,,
validation_0133,1B1k4/ppR2B1P/4p3/3bq3/5P2/8/PP4PK/3q4 b - -,training/data/samples/lichess_validation_250k.csv,validation_sample,late_11_16+capture_rich,,,
validation_0187,8/1p1r3p/5n1k/2p2pR1/2B2Pp1/1P4P1/7P/6K1 b - -,training/data/samples/lichess_validation_250k.csv,validation_sample,late_11_16+quiet,,,
validation_0127,5Q2/k7/1p6/8/1P6/pq6/1P5p/KR3Q2 b - -,training/data/samples/lichess_validation_250k.csv,validation_sample,late_11_16+capture_available,,,
validation_0019,8/p7/6K1/5p1P/1p6/8/k4PP1/8 b - -,training/data/samples/lichess_validation_250k.csv,validation_sample,endgame_2_10+quiet,,,
pgn_nn_vs_stockfish_2000_g7_p43,r6r/pp1k1p2/1q1p1bpp/2pP4/5P2/2N2R2/PPPQ3P/2K1R3 w - - 0 22,/home/rohanhs568/code/aichessathon-starter/nn_vs_stockfish_2000.pgn,pgn,middle_17_23+quiet,7,43,c3a4
suite_0005,brnkqnrb/p1pppp1p/1p4p1/8/4P3/4N1P1/PPPP1P1P/BRNKQ1RB b - - 0 1,training/data/test_fens_60.txt,fen_suite,high_material_24_32+capture_available,,,
pgn_nn_vs_stockfish_2000_g1_p132,8/8/p7/3k1p2/8/1K1p4/4q3/8 b - - 3 66,/home/rohanhs568/code/aichessathon-starter/nn_vs_stockfish_2000.pgn,pgn,endgame_2_10+quiet,1,132,e2f2
validation_0084,8/r4K2/1R3Bp1/7p/6kP/8/8/8 w - -,training/data/samples/lichess_validation_250k.csv,validation_sample,endgame_2_10+in_check,,,
validation_0332,r1q2rk1/pp2bpp1/2n1pnp1/2pp4/3P1BP1/1QP1P2P/PP1NBP2/2KR3R b - -,training/data/samples/lichess_validation_250k.csv,validation_sample,high_material_24_32+capture_available,,,
validation_0185,8/5p1p/3RBkp1/p7/8/2P4P/5PPK/r7 b - -,training/data/samples/lichess_validation_250k.csv,validation_sample,late_11_16+capture_available,,,
validation_0021,8/8/2n5/2kN4/4P3/5P1P/1Q4P1/6K1 b - -,training/data/samples/lichess_validation_250k.csv,validation_sample,endgame_2_10+quiet,,,
pgn_v1_1_vs_v1_g9_p4,8/p3b3/2p1k3/1p4pp/1P2P3/2PN1K1P/1P6/8 b - - 3 2,/home/rohanhs568/code/aichessathon-starter/v1_1_vs_v1.pgn,pgn,late_11_16+capture_available,9,4,e7f8
pgn_nn_vs_material_g12_p33,2krr3/ppp2ppp/7q/2b2b2/3np3/2N3P1/PPPP3P/R1BQKBNR w - - 2 17,/home/rohanhs568/code/aichessathon-starter/nn_vs_material.pgn,pgn,high_material_24_32+capture_available,12,33,h2h3
pgn_nn_vs_stockfish_full_g6_p55,8/3b2pk/p4p1p/3B4/P1Q1PP2/q1B5/2KR2PP/7R w - - 4 28,/home/rohanhs568/code/aichessathon-starter/nn_vs_stockfish_full.pgn,pgn,middle_17_23+capture_available,6,55,h1a1
suite_0053,8/7P/5k2/R7/8/2r3K1/8/8 w - - 0 1,training/data/test_fens_60.txt,fen_suite,endgame_2_10+in_check,,,
validation_0016,8/Q7/5K2/4N3/8/8/3k4/8 w - -,training/data/samples/lichess_validation_250k.csv,validation_sample,endgame_2_10+quiet,,,
validation_0351,r2qr1k1/1p3pbp/2p5/2P2n2/pP1pnPp1/7P/PB1PN1P1/RNK1Q2R b - -,training/data/samples/lichess_validation_250k.csv,validation_sample,high_material_24_32+capture_available,,,
validation_0067,8/3P1R2/7k/7P/7P/8/5b1K/q7 w - -,training/data/samples/lichess_validation_250k.csv,validation_sample,endgame_2_10+capture_available,,,
pgn_nn_vs_stockfish_2000_g2_p6,rnbqkbnr/pp2pppp/8/2pp4/8/P1P2N2/1P1PPPPP/RNBQKB1R b KQkq - 0 3,/home/rohanhs568/code/aichessathon-starter/nn_vs_stockfish_2000.pgn,pgn,high_material_24_32+quiet,2,6,g8f6
validation_0258,1k1r3r/1pq2pQp/p7/P2np3/2P1b3/B7/5PPP/R1R3K1 w - -,training/data/samples/lichess_validation_250k.csv,validation_sample,middle_17_23+capture_rich,,,
validation_0353,r2q1rk1/pp4p1/4pnB1/n2p3p/3P1BPP/P1P2P2/2PQ4/2KR3R b - -,training/data/samples/lichess_validation_250k.csv,validation_sample,high_material_24_32+capture_available,,,
suite_0032,4R1k1/1p3p1p/6p1/8/2Pn4/1PN2RP1/r2r1P1P/6K1 b - - 0 1,training/data/test_fens_60.txt,fen_suite,middle_17_23+in_check,,,
pgn_nn_vs_stockfish_full_g1_p48,rr4k1/2pn1qp1/b1Q2p2/p2p4/8/1NB1PP2/PP4PP/2R3K1 b - - 2 24,/home/rohanhs568/code/aichessathon-starter/nn_vs_stockfish_full.pgn,pgn,middle_17_23+capture_available,1,48,a5a4
validation_0075,8/2b5/1p6/p2k4/RP6/PK1N1r2/8/8 w - -,training/data/samples/lichess_validation_250k.csv,validation_sample,endgame_2_10+capture_available,,,
pgn_v1_1_vs_v1_g2_p131,8/8/8/5p2/6b1/6k1/3K4/8 b - - 3 66,/home/rohanhs568/code/aichessathon-starter/v1_1_vs_v1.pgn,pgn,endgame_2_10+quiet,2,131,f5f4
validation_0282,8/5kpp/1ppqnp2/p7/3PQ3/P6P/1PN2PP1/6K1 w - -,training/data/samples/lichess_validation_250k.csv,validation_sample,middle_17_23+capture_available,,,
pgn_v1_1_vs_v1_g12_p5,8/1b4k1/p2p4/Pp1P2p1/1P1r4/1R4KP/8/3B4 w - - 1 3,/home/rohanhs568/code/aichessathon-starter/v1_1_vs_v1.pgn,pgn,late_11_16+quiet,12,5,d1c2
validation_0090,q7/P7/8/1k6/3K4/8/8/8 b - -,training/data/samples/lichess_validation_250k.csv,validation_sample,endgame_2_10+capture_available,,,
validation_0329,rnbq1bnr/pppp1ppp/6k1/3N4/4P1N1/8/PPPP1PPP/R1BQKB1R w KQ -,training/data/samples/lichess_validation_250k.csv,validation_sample,high_material_24_32+capture_available,,,
suite_0033,2r3k1/4ppbp/3p2p1/rNnP4/2P1PP2/5KPP/2R2B2/1R6 w - - 0 1,training/data/test_fens_60.txt,fen_suite,middle_17_23+capture_available,,,
validation_0140,4Q3/8/4pk2/p6B/1p6/5P1K/2P3P1/4q3 b - -,training/data/samples/lichess_validation_250k.csv,validation_sample,late_11_16+quiet,,,
validation_0182,6k1/6Np/6pP/5p2/1P1P4/2P1rP2/6P1/6K1 b - -,training/data/samples/lichess_validation_250k.csv,validation_sample,late_11_16+capture_available,,,
pgn_nn_vs_stockfish_2000_g2_p13,rnbqkb1r/pp3pp1/4pn1p/3p4/2Pp4/P3PN2/1P3PPP/RNBQKB1R w KQkq - 0 7,/home/rohanhs568/code/aichessathon-starter/nn_vs_stockfish_2000.pgn,pgn,high_material_24_32+capture_rich,2,13,e3d4
validation_0038,8/6r1/4k2p/1P2p3/7P/2NK4/8/4R3 b - -,training/data/samples/lichess_validation_250k.csv,validation_sample,endgame_2_10+quiet,,,
validation_0001,8/1p6/p7/4p1kP/8/4K3/P7/8 w - -,training/data/samples/lichess_validation_250k.csv,validation_sample,endgame_2_10+quiet,,,
pgn_nn_vs_stockfish_full_g4_p8,r1bqkb1r/ppppnppp/2n5/1B2p3/4P3/2N2N2/PPPP1PPP/R1BQK2R b KQkq - 5 4,/home/rohanhs568/code/aichessathon-starter/nn_vs_stockfish_full.pgn,pgn,high_material_24_32+quiet,4,8,a7a6
suite_0025,r3r1k1/5ppp/p1p5/1pN5/PPnP4/3Q2P1/4qPP1/1RR3K1 w - - 0 1,training/data/test_fens_60.txt,fen_suite,middle_17_23+capture_rich,,,
validation_0020,8/8/8/8/8/3K4/k7/q7 w - -,training/data/samples/lichess_validation_250k.csv,validation_sample,endgame_2_10+quiet,,,
validation_0380,1r6/3r1nbk/Rp3qp1/2pPpb2/2N4p/1Q3BBP/1P3PP1/4R1K1 w - -,training/data/samples/lichess_validation_250k.csv,validation_sample,high_material_24_32+capture_rich,,,
pgn_v1_1_vs_v1_g19_p62,2k5/8/1P1K4/8/8/8/8/8 b - - 0 31,/home/rohanhs568/code/aichessathon-starter/v1_1_vs_v1.pgn,pgn,endgame_2_10+quiet,19,62,c8b8
validation_0009,8/5p2/6k1/4pq2/Q7/3p1PKp/5P2/8 w - -,training/data/samples/lichess_validation_250k.csv,validation_sample,endgame_2_10+quiet,,,
validation_0392,2kr1b1r/1pp1qppp/p1p2n2/8/4P1b1/2NP1N2/PPP2PPP/R1BQ1RK1 b - -,training/data/samples/lichess_validation_250k.csv,validation_sample,high_material_24_32+capture_rich,,,
validation_0086,8/8/3K1k2/2P1R3/5P2/4P3/r7/8 w - -,training/data/samples/lichess_validation_250k.csv,validation_sample,endgame_2_10+quiet,,,
validation_0178,8/1q2kr2/4p1Q1/1p1pP3/p2P4/1P6/P4P2/1K5R b - -,training/data/samples/lichess_validation_250k.csv,validation_sample,late_11_16+capture_available,,,
pgn_v1_1_vs_v1_g10_p17,8/p3b3/2p5/1p2P1k1/1P4p1/2PN4/1P2K3/8 w - - 1 9,/home/rohanhs568/code/aichessathon-starter/v1_1_vs_v1.pgn,pgn,late_11_16+quiet,10,17,e2f2
pgn_nn_vs_material_g1_p68,1r3b1r/pp1kpQ1p/7p/1B3P2/6P1/P6P/1PP5/1K6 b - - 1 34,/home/rohanhs568/code/aichessathon-starter/nn_vs_material.pgn,pgn,middle_17_23+in_check,1,68,d7d8
pgn_nn_vs_stockfish_2000_g1_p32,r1b2b1r/ppq2kp1/5p2/PBppp2p/2P5/B7/P2N1PPP/1R1QR1K1 b - - 0 16,/home/rohanhs568/code/aichessathon-starter/nn_vs_stockfish_2000.pgn,pgn,high_material_24_32+capture_available,1,32,d5d4
validation_0152,8/2R5/2r5/2k1p3/1pP1P3/8/2Pn2B1/6K1 w - -,training/data/samples/lichess_validation_250k.csv,validation_sample,late_11_16+capture_available,,,
validation_0175,8/4kp2/2Q4p/6p1/1PP5/3PPB2/5PPP/6K1 w - -,training/data/samples/lichess_validation_250k.csv,validation_sample,late_11_16+capture_available,,,
validation_0283,r5k1/ppp3p1/5r1p/4NPRP/3Pp3/P1P5/6PK/8 w - -,training/data/samples/lichess_validation_250k.csv,validation_sample,middle_17_23+capture_available,,,
validation_0116,7k/p4p1p/1b6/3p4/4p3/2P3Pq/P2NRP2/2R2K2 w - -,training/data/samples/lichess_validation_250k.csv,validation_sample,late_11_16+in_check,,,
validation_0246,r3r3/ppp1kppp/8/8/4PBP1/8/PbP3PP/1R2K2R b K -,training/data/samples/lichess_validation_250k.csv,validation_sample,middle_17_23+quiet,,,
pgn_nn_vs_material_g18_p13,r3kb1r/ppp1qppp/2n2n2/3ppb2/8/8/PPPPPPPP/RNBQKBNR w KQkq - 8 7,/home/rohanhs568/code/aichessathon-starter/nn_vs_material.pgn,pgn,high_material_24_32+quiet,18,13,g1f3
validation_0198,5rk1/p2rp3/6p1/7p/4p3/P6K/2b5/8 b - -,training/data/samples/lichess_validation_250k.csv,validation_sample,late_11_16+quiet,,,
pgn_nn_vs_material_g20_p41,2kr4/ppp2ppp/8/5b2/7P/7B/PPnKP2P/RN5R w - - 1 21,/home/rohanhs568/code/aichessathon-starter/nn_vs_material.pgn,pgn,middle_17_23+in_check,20,41,d2c3
validation_0261,r5k1/pp3pp1/2pPr2p/3p4/3P2n1/3BN3/PPQB1Pq1/3KR3 b - -,training/data/samples/lichess_validation_250k.csv,validation_sample,middle_17_23+capture_rich,,,
validation_0008,8/8/1p2p1k1/1P2Ppp1/3K4/6PP/8/8 b - -,training/data/samples/lichess_validation_250k.csv,validation_sample,endgame_2_10+quiet,,,
pgn_v1_1_vs_v1_g7_p32,1r6/r2k1pBp/1p2p3/pR1n4/3PP2P/6P1/5PK1/2R5 b - - 0 16,/home/rohanhs568/code/aichessathon-starter/v1_1_vs_v1.pgn,pgn,middle_17_23+quiet,7,32,a7c7
validation_0123,3r2k1/1p3pbp/6p1/4P3/1P1p1P2/6PP/6B1/R5K1 b - -,training/data/samples/lichess_validation_250k.csv,validation_sample,late_11_16+capture_available,,,
validation_0305,1nbqkbnr/4pppp/r1pp4/8/3PP3/8/PP3PPP/RNBQKBNR w KQk -,training/data/samples/lichess_validation_250k.csv,validation_sample,high_material_24_32+capture_available,,,
suite_0015,2r2rk1/1p1nbppp/2q1p3/1pNpP3/PP1P4/4PN2/6PP/R1R2QK1 b - - 0 1,training/data/test_fens_60.txt,fen_suite,high_material_24_32+capture_rich,,,
validation_0330,rr4k1/3q1ppp/b1n5/p1pp4/1p5P/3P1NP1/PPP1QPB1/R3R1K1 w - -,training/data/samples/lichess_validation_250k.csv,validation_sample,high_material_24_32+quiet,,,
pgn_nn_vs_stockfish_2000_g7_p78,3k2Q1/pp6/1q1P2p1/2p4p/7b/P1P5/1P3r1P/K2R4 b - - 4 39,/home/rohanhs568/code/aichessathon-starter/nn_vs_stockfish_2000.pgn,pgn,middle_17_23+in_check,7,78,d8d7
validation_0026,8/8/p3k3/1P4pp/P3K3/8/6PP/8 b - -,training/data/samples/lichess_validation_250k.csv,validation_sample,endgame_2_10+capture_available,,,
pgn_nn_vs_material_g3_p23,rnbqkb1r/p1pppp1p/1p4pn/1N1PP1N1/5B2/7P/PPP1QPP1/R3KB1R w KQq - 0 12,/home/rohanhs568/code/aichessathon-starter/nn_vs_material.pgn,pgn,high_material_24_32+capture_rich,3,23,e1c1
validation_0174,8/1B2ppk1/5b2/5P1p/1p4p1/3q2P1/3r3P/4R1QK w - -,training/data/samples/lichess_validation_250k.csv,validation_sample,late_11_16+capture_available,,,
pgn_nn_vs_stockfish_2000_g2_p84,6k1/p7/1p3p1p/1P1r3P/P7/2b2N2/R4KP1/2B5 b - - 11 42,/home/rohanhs568/code/aichessathon-starter/nn_vs_stockfish_2000.pgn,pgn,late_11_16+capture_available,2,84,d5h5
suite_0004,r3k2r/pbp1qppp/1p2pn2/3p4/1QPP4/2P1P1P1/P4PBP/R1B1K2R w KQkq - 0 1,training/data/test_fens_60.txt,fen_suite,high_material_24_32+capture_rich,,,
pgn_v1_1_vs_v1_g2_p14,2r1r2k/pb1n1pp1/7q/1Np2B2/3p4/1P2PP2/PBQ3Pb/3R1R1K w - - 1 8,/home/rohanhs568/code/aichessathon-starter/v1_1_vs_v1.pgn,pgn,high_material_24_32+capture_rich,2,14,b5d4
validation_0249,2r1r3/p1q1kp2/1p3N2/n6R/6Q1/P7/5PPP/5RK1 b - -,training/data/samples/lichess_validation_250k.csv,validation_sample,middle_17_23+capture_available,,,
pgn_nn_vs_stockfish_2000_g6_p65,3R4/p4pkp/5p2/2B5/P4b1P/1b6/6P1/5K1R w - - 1 33,/home/rohanhs568/code/aichessathon-starter/nn_vs_stockfish_2000.pgn,pgn,late_11_16+capture_available,6,65,h4h5
pgn_v1_1_vs_v1_g5_p24,2b1r1k1/1pp3p1/7P/2p1pp2/1pP4R/rP1BPPp1/P2P2P1/R3K3 b Q - 0 12,/home/rohanhs568/code/aichessathon-starter/v1_1_vs_v1.pgn,pgn,high_material_24_32+capture_available,5,24,e5e4
validation_0005,8/8/4p3/5P2/1Bk2K2/2P4b/8/8 w - -,training/data/samples/lichess_validation_250k.csv,validation_sample,endgame_2_10+capture_available,,,
suite_0035,8/6p1/p1kbpp2/1p5p/3BKP2/P1P3PP/1P6/8 w - - 0 1,training/data/test_fens_60.txt,fen_suite,late_11_16+capture_available,,,
validation_0177,5qk1/6pp/1p4n1/3Q2N1/8/2P5/P5PP/7K b - -,training/data/samples/lichess_validation_250k.csv,validation_sample,late_11_16+in_check,,,
suite_0007,r1br2k1/pp2ppbp/5np1/4N1B1/q1B5/1Qn4P/PP3PP1/R4RK1 w - - 0 1,training/data/test_fens_60.txt,fen_suite,high_material_24_32+capture_rich,,,
validation_0271,2k2r1r/1p4p1/pQq5/3pP1Bp/P1p2P2/2P5/1P4PP/R5K1 w - -,training/data/samples/lichess_validation_250k.csv,validation_sample,middle_17_23+capture_available,,,
pgn_nn_vs_stockfish_2000_g2_p23,r1bq1rk1/pp3pp1/2nbpn1p/8/2BP4/P1N2N2/1P3PPP/R1BQ1RK1 w - - 3 12,/home/rohanhs568/code/aichessathon-starter/nn_vs_stockfish_2000.pgn,pgn,high_material_24_32+capture_available,2,23,c4a2
pgn_nn_vs_stockfish_full_g2_p30,B1b1r1k1/2ppqpp1/p2b3p/8/Pp1QP3/4B3/1PP2PPP/2KR3R b - - 4 15,/home/rohanhs568/code/aichessathon-starter/nn_vs_stockfish_full.pgn,pgn,high_material_24_32+capture_available,2,30,d6e5
validation_0280,1r2bk2/2p2p1p/p1p2np1/2Pp4/B2P2P1/1P3P1P/P3NK2/4R3 b - -,training/data/samples/lichess_validation_250k.csv,validation_sample,middle_17_23+capture_available,,,
validation_0095,2K5/4q3/8/8/8/8/k7/8 b - -,training/data/samples/lichess_validation_250k.csv,validation_sample,endgame_2_10+quiet,,,
pgn_v1_1_vs_v1_g7_p72,8/8/1p1R4/pk6/3PP2P/2K2n2/6r1/8 b - - 2 36,/home/rohanhs568/code/aichessathon-starter/v1_1_vs_v1.pgn,pgn,endgame_2_10+capture_available,7,72,f3d2
validation_0085,8/1R2n3/2pk2pp/8/4K2P/6P1/8/8 b - -,training/data/samples/lichess_validation_250k.csv,validation_sample,endgame_2_10+quiet,,,
validation_0400,r1bq1rk1/1ppnbppp/3p1n2/p2PpP2/2P1P3/2N1B3/PP4PP/R2QKBNR b KQ -,training/data/samples/lichess_validation_250k.csv,validation_sample,high_material_24_32+capture_available,,,
validation_0097,5R2/5p2/8/P2kp3/8/1PK5/8/7r b - -,training/data/samples/lichess_validation_250k.csv,validation_sample,endgame_2_10+quiet,,,
validation_0144,2k5/2p5/r2bK3/4pN2/4P3/1r6/2R2P1P/8 w - -,training/data/samples/lichess_validation_250k.csv,validation_sample,late_11_16+capture_available,,,
validation_0066,8/8/3K4/8/1k6/3Q2R1/8/8 b - -,training/data/samples/lichess_validation_250k.csv,validation_sample,endgame_2_10+quiet,,,
pgn_v1_1_vs_v1_g8_p51,8/5ppp/2k5/r3PpP1/2pP4/1pB3P1/p2K4/1R6 w - - 0 26,/home/rohanhs568/code/aichessathon-starter/v1_1_vs_v1.pgn,pgn,late_11_16+capture_available,8,51,b1h1
pgn_nn_vs_stockfish_full_g5_p35,rn4k1/pb4p1/1p3r2/2b4Q/2pq4/2N5/PP1B1PPP/R5K1 w - - 2 18,/home/rohanhs568/code/aichessathon-starter/nn_vs_stockfish_full.pgn,pgn,middle_17_23+capture_available,5,35,h5e8
validation_0203,r4r1k/pp2bpp1/4b2p/4P3/3N4/4B1Q1/Pq3PPP/R2R2K1 b - -,training/data/samples/lichess_validation_250k.csv,validation_sample,middle_17_23+capture_rich,,,
validation_0348,2b2rk1/3nbppp/1qp1p3/3pP3/r7/1P1B4/PBP1QPPP/R3R1K1 w - -,training/data/samples/lichess_validation_250k.csv,validation_sample,high_material_24_32+capture_available,,,
validation_0070,6k1/6pp/5p2/R7/8/4KPP1/P5r1/8 w - -,training/data/samples/lichess_validation_250k.csv,validation_sample,endgame_2_10+quiet,,,
validation_0320,r3k2r/2q2ppp/pnp1p1n1/2bpP3/1P6/2P2BBP/P4PP1/RN1Q1RK1 b kq -,training/data/samples/lichess_validation_250k.csv,validation_sample,high_material_24_32+capture_rich,,,
validation_0362,1r2brk1/pp4b1/2pNp1p1/1nP1N3/3P3q/8/PP2QPB1/3R1RK1 w - -,training/data/samples/lichess_validation_250k.csv,validation_sample,high_material_24_32+capture_rich,,,
pgn_nn_vs_material_g8_p16,2kr1b1r/ppp1qppp/2n2n2/3ppb2/8/3P3N/PPP1PPPP/RNBQKB1R b KQ - 0 8,/home/rohanhs568/code/aichessathon-starter/nn_vs_material.pgn,pgn,high_material_24_32+capture_available,8,16,e5e4
validation_0255,2kr4/1p4pp/p1pP4/3p4/P7/5P2/1PP1r1PP/2KR3R w - -,training/data/samples/lichess_validation_250k.csv,validation_sample,middle_17_23+capture_available,,,
validation_0040,8/8/6p1/6Pp/6kP/r7/8/6K1 b - -,training/data/samples/lichess_validation_250k.csv,validation_sample,endgame_2_10+capture_available,,,
validation_0032,8/8/8/5k1p/5P1P/1r6/5K2/8 b - -,training/data/samples/lichess_validation_250k.csv,validation_sample,endgame_2_10+capture_available,,,
validation_0155,3b4/N2k1pp1/7p/1PPnp3/8/7P/5KP1/8 b - -,training/data/samples/lichess_validation_250k.csv,validation_sample,late_11_16+quiet,,,
validation_0134,6k1/p5pp/4p3/P3Pp2/1p3P1P/r5P1/2R2K2/8 w - -,training/data/samples/lichess_validation_250k.csv,validation_sample,late_11_16+quiet,,,
validation_0376,3r2k1/ppqnrppp/2pRp3/4P3/1PP5/P1N3PP/4QPK1/3R4 b - -,training/data/samples/lichess_validation_250k.csv,validation_sample,high_material_24_32+capture_available,,,
pgn_nn_vs_material_g11_p34,r1bq3r/p2pkpbp/1ppR2pn/1Nn1P1N1/2Q2B2/7P/PPP2PP1/1K3B1R b - - 1 17,/home/rohanhs568/code/aichessathon-starter/nn_vs_material.pgn,pgn,high_material_24_32+capture_available,11,34,c6b5
pgn_nn_vs_material_g9_p94,1r4r1/p3k1b1/1p3n2/8/P1p5/2P2P1n/KP6/8 b - - 8 47,/home/rohanhs568/code/aichessathon-starter/nn_vs_material.pgn,pgn,late_11_16+quiet,9,94,g8h8
suite_0059,4k3/p7/2r4p/2pRP1p1/8/8/P4KPP/8 w - - 0 1,training/data/test_fens_60.txt,fen_suite,late_11_16+capture_available,,,
validation_0225,r2q1rk1/pp1n1p2/3Q4/3pp3/4P2b/3PR3/PPP2PPP/R4K2 w - -,training/data/samples/lichess_validation_250k.csv,validation_sample,middle_17_23+capture_rich,,,
validation_0395,r3kbnr/pp3ppp/2n1p3/2p5/Q1BPq3/2P2N2/PP3PPP/2B1R1K1 b kq -,training/data/samples/lichess_validation_250k.csv,validation_sample,high_material_24_32+capture_rich,,,
validation_0156,6B1/2k1b2p/3q1p2/4p3/Q7/2P5/pP5P/N1K4R w - -,training/data/samples/lichess_validation_250k.csv,validation_sample,late_11_16+capture_available,,,
pgn_nn_vs_material_g4_p12,r1b1kb1r/ppp1qppp/2n2n2/3pp3/8/8/PPPPPPPP/RNBQKBNR b KQkq - 7 6,/home/rohanhs568/code/aichessathon-starter/nn_vs_material.pgn,pgn,high_material_24_32+quiet,4,12,c8f5
validation_0098,k1r5/P1P5/1K6/8/8/8/3R2p1/8 w - -,training/data/samples/lichess_validation_250k.csv,validation_sample,endgame_2_10+capture_available,,,
validation_0276,3r4/p1r2k2/3p1p1p/2pR1P2/1pN1p3/1P2K3/P3B1PP/8 b - -,training/data/samples/lichess_validation_250k.csv,validation_sample,middle_17_23+quiet,,,
validation_0311,r2qr1k1/1ppb1pb1/3p1npp/p1n5/2PNPP2/2N3PP/PP4BK/1RBQR3 b - -,training/data/samples/lichess_validation_250k.csv,validation_sample,high_material_24_32+capture_rich,,,
pgn_nn_vs_stockfish_2000_g6_p37,5rk1/p2b1ppp/3bpq2/8/P1BP4/4P3/1rPB1QPP/R4K1R w - - 7 19,/home/rohanhs568/code/aichessathon-starter/nn_vs_stockfish_2000.pgn,pgn,middle_17_23+capture_available,6,37,f2f6
validation_0235,3rk2r/ppp2pp1/8/4n3/4n2p/3BK3/PPP3PP/R4R2 b k -,training/data/samples/lichess_validation_250k.csv,validation_sample,middle_17_23+capture_available,,,
validation_0166,2r5/1p4pp/p1b1k3/3p1BP1/PP1P1K2/8/8/2R5 b - -,training/data/samples/lichess_validation_250k.csv,validation_sample,late_11_16+in_check,,,
pgn_v1_1_vs_v1_g5_p15,2b2rk1/1pp3p1/r7/p1p1pp1P/1nP3p1/1PB1P3/P1BP1PP1/R3K2R w KQ - 1 8,/home/rohanhs568/code/aichessathon-starter/v1_1_vs_v1.pgn,pgn,high_material_24_32+capture_available,5,15,c3b4
pgn_v1_1_vs_v1_g7_p91,8/8/1p6/6R1/pQ1P3P/1n1K4/1k5r/8 w - - 4 46,/home/rohanhs568/code/aichessathon-starter/v1_1_vs_v1.pgn,pgn,endgame_2_10+capture_available,7,91,b4a4
validation_0253,r3r1k1/5ppp/2pqp3/1p3b2/1P1P4/PBN1n1P1/7P/R2Q1RK1 w - -,training/data/samples/lichess_validation_250k.csv,validation_sample,middle_17_23+capture_available,,,
pgn_nn_vs_stockfish_2000_g3_p106,4k3/8/2n5/2P4p/4bB1P/b7/7r/5K2 b - - 4 53,/home/rohanhs568/code/aichessathon-starter/nn_vs_stockfish_2000.pgn,pgn,endgame_2_10+capture_available,3,106,h2c2
validation_0297,r1bq1k2/1p1p3Q/3P1p2/p7/2P5/6R1/3P2PP/5R1K b - -,training/data/samples/lichess_validation_250k.csv,validation_sample,middle_17_23+quiet,,,
pgn_v1_1_vs_v1_g21_p24,8/R5k1/3K2p1/8/P6r/8/8/8 b - - 2 12,/home/rohanhs568/code/aichessathon-starter/v1_1_vs_v1.pgn,pgn,endgame_2_10+in_check,21,24,g7f6
validation_0227,1r4k1/p6p/1r3p2/3P2p1/2p1b1P1/RP2B2P/1R3P1K/8 b - -,training/data/samples/lichess_validation_250k.csv,validation_sample,middle_17_23+capture_available,,,
pgn_nn_vs_stockfish_full_g3_p24,r1b2rk1/1p2qppp/p1n2n2/2bp4/8/2N1PN2/PP2BPPP/2RQBRK1 b - - 3 12,/home/rohanhs568/code/aichessathon-starter/nn_vs_stockfish_full.pgn,pgn,high_material_24_32+capture_available,3,24,f8d8
validation_0135,4k3/2p2p1p/1pP1pPpP/p3P1P1/1P6/P1K5/8/8 b - -,training/data/samples/lichess_validation_250k.csv,validation_sample,late_11_16+capture_available,,,
validation_0201,N2k1bnr/pp2pppp/8/5b2/3n1B2/5P2/PP4PP/R3KB1R w KQ -,training/data/samples/lichess_validation_250k.csv,validation_sample,middle_17_23+quiet,,,
validation_0268,1r3rk1/7R/1b3p2/p3pP1B/1pP5/6PQ/4K2P/1q6 b - -,training/data/samples/lichess_validation_250k.csv,validation_sample,middle_17_23+capture_available,,,
pgn_v1_1_vs_v1_g19_p69,8/1k6/1P6/2K5/8/8/8/8 w - - 7 35,/home/rohanhs568/code/aichessathon-starter/v1_1_vs_v1.pgn,pgn,endgame_2_10+quiet,19,69,c5b5
validation_0302,r4rk1/p2n1qpp/1pPp1n2/4pp2/1P1N1B2/PQ4P1/4PPKP/3RR3 b - -,training/data/samples/lichess_validation_250k.csv,validation_sample,high_material_24_32+capture_available,,,
validation_0252,8/5pk1/4b1p1/1p2q2p/2p3P1/2PrP2P/R2P1Q2/3N2K1 w - -,training/data/samples/lichess_validation_250k.csv,validation_sample,middle_17_23+capture_available,,,
pgn_nn_vs_material_g9_p24,rnbqkb1r/p1pppp1p/1p4pn/1N1PP1N1/5B2/7P/PPP1QPP1/2KR1B1R b q - 1 12,/home/rohanhs568/code/aichessathon-starter/nn_vs_material.pgn,pgn,high_material_24_32+quiet,9,24,b8a6
validation_0172,4n1k1/3r1p1p/5Np1/3N4/8/8/5PPP/5K2 b - -,training/data/samples/lichess_validation_250k.csv,validation_sample,late_11_16+in_check,,,
pgn_v1_1_vs_v1_g11_p31,8/8/p2p4/Pp2k3/2r1b1Bp/8/4RK2/8 w - - 2 16,/home/rohanhs568/code/aichessathon-starter/v1_1_vs_v1.pgn,pgn,late_11_16+capture_available,11,31,g4d7
validation_0141,3k4/7p/P3R1p1/r2P1p2/5P2/4K2P/6P1/8 b - -,training/data/samples/lichess_validation_250k.csv,validation_sample,late_11_16+capture_available,,,
validation_0321,2r1r1k1/6p1/p3pn1p/1p1pn3/1P2pN2/1Bq1P3/PQ3PPP/R2R2K1 w - -,training/data/samples/lichess_validation_250k.csv,validation_sample,high_material_24_32+capture_rich,,,
validation_0180,8/5pk1/p1p3pp/8/4Q1P1/P3P1K1/2r2q2/8 w - -,training/data/samples/lichess_validation_250k.csv,validation_sample,late_11_16+in_check,,,
validation_0048,8/2Q2pk1/6p1/8/p7/5K1P/1q6/8 w - -,training/data/samples/lichess_validation_250k.csv,validation_sample,endgame_2_10+capture_available,,,
validation_0346,r4r2/pp2bkp1/2n2n1p/1N2p3/3pP3/4BN2/PPP2PPP/3R1RK1 w - -,training/data/samples/lichess_validation_250k.csv,validation_sample,high_material_24_32+capture_rich,,,
validation_0181,8/4kpp1/p3p2p/1p6/P3P1P1/1Pn1BK2/5P1P/8 w - -,training/data/samples/lichess_validation_250k.csv,validation_sample,late_11_16+capture_available,,,
pgn_nn_vs_material_g5_p53,3q3r/4kpbp/2Q4p/2Pp4/8/5N1P/P4PP1/6K1 w - - 3 27,/home/rohanhs568/code/aichessathon-starter/nn_vs_material.pgn,pgn,late_11_16+capture_available,5,53,c6b7
validation_0207,8/5kpp/2p1pr1q/p2p4/3P1PPr/2P3QP/PP3R2/5RK1 w - -,training/data/samples/lichess_validation_250k.csv,validation_sample,middle_17_23+capture_available,,,
pgn_v1_1_vs_v1_g13_p47,k3b3/1rK1P3/p4Bp1/6P1/8/8/8/8 w - - 4 24,/home/rohanhs568/code/aichessathon-starter/v1_1_vs_v1.pgn,pgn,endgame_2_10+in_check,13,47,c7d8
pgn_nn_vs_stockfish_2000_g2_p36,rbb2rk1/pp3pp1/1q2P2p/5n2/1P6/P1N2N2/B5PP/R1BQRK2 b - - 2 18,/home/rohanhs568/code/aichessathon-starter/nn_vs_stockfish_2000.pgn,pgn,high_material_24_32+capture_rich,2,36,f7e6
validation_0316,r1b1k2r/pp3p2/2n1Nn2/3p3p/3P4/2PB2qp/PP1NQ1P1/R4RK1 b kq -,training/data/samples/lichess_validation_250k.csv,validation_sample,high_material_24_32+capture_rich,,,
validation_0058,6k1/7p/R5p1/8/P6r/5P2/5K2/8 w - -,training/data/samples/lichess_validation_250k.csv,validation_sample,endgame_2_10+capture_available,,,
validation_0223,r3k2r/1p2ppbp/pn4p1/8/3N4/1PP1B3/1P3PPP/R4RK1 b kq -,training/data/samples/lichess_validation_250k.csv,validation_sample,middle_17_23+capture_available,,,
pgn_nn_vs_material_g5_p44,2rq3r/PQ1knpbp/7p/2Pp4/8/5N1P/P4PP1/4R1K1 b - - 0 22,/home/rohanhs568/code/aichessathon-starter/nn_vs_material.pgn,pgn,middle_17_23+in_check,5,44,c8c7
pgn_nn_vs_material_g5_p29,1r1q1b1r/pppknp1p/3p3p/3P4/1P1P4/5N1P/P1P2PP1/R2QR1K1 w - - 0 15,/home/rohanhs568/code/aichessathon-starter/nn_vs_material.pgn,pgn,high_material_24_32+capture_available,5,29,c2c4
pgn_nn_vs_stockfish_2000_g4_p26,r1b2rk1/pp3ppp/1qn1p3/3p2N1/1bP2B2/1Q2P3/PP1NB1PP/2K2R1n b - - 1 13,/home/rohanhs568/code/aichessathon-starter/nn_vs_stockfish_2000.pgn,pgn,high_material_24_32+capture_available,4,26,b4d2
validation_0131,6k1/8/4pPP1/5p2/p1bP4/P1P2B2/5K2/7R w - -,training/data/samples/lichess_validation_250k.csv,validation_sample,late_11_16+quiet,,,
validation_0164,8/4k2p/p1R3p1/r1p1pp2/2K2P2/4P1P1/7P/8 w - -,training/data/samples/lichess_validation_250k.csv,validation_sample,late_11_16+capture_rich,,,
validation_0034,3k4/8/PR6/5B2/8/8/1K6/8 b - -,training/data/samples/lichess_validation_250k.csv,validation_sample,endgame_2_10+quiet,,,
pgn_v1_1_vs_v1_g13_p15,1r6/1kr1Q3/p1b1pBp1/3pP1P1/P7/1P2Pp2/3K4/8 w - - 3 8,/home/rohanhs568/code/aichessathon-starter/v1_1_vs_v1.pgn,pgn,middle_17_23+capture_available,13,15,e7e6
validation_0143,2R5/5ppk/1p4p1/pP6/q2PrPP1/7P/1Q4K1/8 w - -,training/data/samples/lichess_validation_250k.csv,validation_sample,late_11_16+quiet,,,
suite_0042,8/8/1N2k3/1p2n3/4K3/8/1P6/8 w - - 0 1,training/data/test_fens_60.txt,fen_suite,endgame_2_10+quiet,,,
validation_0231,3r1k2/1q3ppp/p3pn2/1p2N3/1P6/P1Q3P1/4PPKP/2R5 w - -,training/data/samples/lichess_validation_250k.csv,validation_sample,middle_17_23+in_check,,,
validation_0081,8/2r1k1pp/8/8/3R4/4pP1P/4K1P1/8 b - -,training/data/samples/lichess_validation_250k.csv,validation_sample,endgame_2_10+quiet,,,
validation_0334,3rrnk1/1pp1bpp1/2n1q3/p2bp1P1/P3N3/2PPB3/1PBNQP2/R3K1R1 b Q -,training/data/samples/lichess_validation_250k.csv,validation_sample,high_material_24_32+capture_available,,,
suite_0022,8/1b4k1/p2p4/Pp1P2p1/1Pr5/1R3BKP/3R4/4r3 w - - 0 1,training/data/test_fens_60.txt,fen_suite,late_11_16+quiet,,,
validation_0179,1r5k/6p1/3p3p/q7/3b4/Q7/K1R3PP/3R4 b - -,training/data/samples/lichess_validation_250k.csv,validation_sample,late_11_16+capture_available,,,
validation_0281,2r3k1/p4ppp/Qp3n2/4p3/5B2/2q1P2P/P4PP1/2RR2K1 b - -,training/data/samples/lichess_validation_250k.csv,validation_sample,middle_17_23+capture_available,,,
pgn_v1_1_vs_v1_g13_p65,1k1Kb3/1r6/6p1/6P1/8/8/p7/B7 w - - 0 33,/home/rohanhs568/code/aichessathon-starter/v1_1_vs_v1.pgn,pgn,endgame_2_10+capture_available,13,65,a1e5
pgn_nn_vs_material_g6_p44,2kr2r1/ppp2pp1/8/3n1P1p/6n1/6P1/PqP1P2P/R1Q1KB1R b KQ - 1 22,/home/rohanhs568/code/aichessathon-starter/nn_vs_material.pgn,pgn,middle_17_23+capture_rich,6,44,b2c3
validation_0323,r3k2r/pp1b1pp1/3p1R1p/2pP4/1qP1P3/1PN5/P1Q1B1PP/3R2K1 b kq -,training/data/samples/lichess_validation_250k.csv,validation_sample,high_material_24_32+capture_rich,,,
validation_0308,4rrk1/p1qn2bp/2p1p1p1/2pp4/N4P2/1P1P1RQP/P1PB2P1/5R1K b - -,training/data/samples/lichess_validation_250k.csv,validation_sample,high_material_24_32+capture_available,,,
validation_0343,3rr1k1/1pp2pp1/p1n2b1p/8/3P2b1/2NBPN1P/PP3PP1/R4RK1 b - -,training/data/samples/lichess_validation_250k.csv,validation_sample,high_material_24_32+capture_rich,,,
validation_0036,8/k3rp2/P7/5RPp/1K5P/8/8/8 b - -,training/data/samples/lichess_validation_250k.csv,validation_sample,endgame_2_10+capture_available,,,
validation_0315,rnbq1rk1/1p1p1ppp/p7/4N3/1Q6/8/PPP1nPPP/R1B1K2R w KQ -,training/data/samples/lichess_validation_250k.csv,validation_sample,high_material_24_32+capture_rich,,,
pgn_v1_1_vs_v1_g11_p44,8/3B4/p7/P3k3/3pb2p/8/1pr5/4RK2 b - - 1 22,/home/rohanhs568/code/aichessathon-starter/v1_1_vs_v1.pgn,pgn,late_11_16+quiet,11,44,c2c1
validation_0288,5r1k/4rp1p/p3q1p1/2p5/2P5/P4Q1P/1P4P1/5R1K b - -,training/data/samples/lichess_validation_250k.csv,validation_sample,middle_17_23+capture_available,,,
validation_0107,8/5p1k/3Q2pp/1p2Pq2/p4P2/P6P/1P3KP1/8 w - -,training/data/samples/lichess_validation_250k.csv,validation_sample,late_11_16+capture_available,,,
validation_0039,8/6bP/p7/5k2/8/P7/5B2/5K2 w - -,training/data/samples/lichess_validation_250k.csv,validation_sample,endgame_2_10+quiet,,,
pgn_nn_vs_material_g5_p28,1r1qkb1r/pppBnp1p/3p3p/3P4/1P1P4/5N1P/P1P2PP1/R2QR1K1 b - - 0 14,/home/rohanhs568/code/aichessathon-starter/nn_vs_material.pgn,pgn,high_material_24_32+in_check,5,28,e8d7
suite_0009,r3kb1r/6p1/pqb1pp1p/3pB3/3p2P1/1P6/P1P2PBP/R2Q1RK1 w kq - 0 1,training/data/test_fens_60.txt,fen_suite,high_material_24_32+capture_rich,,,
validation_0153,8/5k2/ppp4p/6P1/4KP1P/8/PP6/8 w - -,training/data/samples/lichess_validation_250k.csv,validation_sample,late_11_16+capture_available,,,
validation_0367,3r1rk1/1q1b1pb1/ppn3pp/3p4/2n2BP1/1NP2N1P/PP3PB1/R2QR1K1 w - -,training/data/samples/lichess_validation_250k.csv,validation_sample,high_material_24_32+capture_available,,,
pgn_v1_1_vs_v1_g8_p47,8/3k1ppp/2r5/r3PpP1/2pP4/pp4P1/1B1K2B1/1R6 w - - 0 24,/home/rohanhs568/code/aichessathon-starter/v1_1_vs_v1.pgn,pgn,middle_17_23+capture_available,8,47,g2c6
pgn_v1_1_vs_v1_g22_p18,3k4/7R/5Kp1/p5P1/7p/r7/8/8 b - - 3 9,/home/rohanhs568/code/aichessathon-starter/v1_1_vs_v1.pgn,pgn,endgame_2_10+quiet,22,18,h4h3
validation_0120,4q2k/6pp/8/p3r3/R1Q5/5N2/3b1rPP/5RK1 b - -,training/data/samples/lichess_validation_250k.csv,validation_sample,late_11_16+capture_rich,,,
validation_0184,8/7p/7k/1r2N3/1P3Pn1/6P1/7P/1R4K1 w - -,training/data/samples/lichess_validation_250k.csv,validation_sample,late_11_16+capture_available,,,
validation_0154,4r3/B5k1/1p2p1pp/2p1n3/8/P4R2/1PPK2PP/8 b - -,training/data/samples/lichess_validation_250k.csv,validation_sample,late_11_16+capture_available,,,
pgn_v1_1_vs_v1_g23_p23,8/P6R/2k5/8/r7/7K/8/8 w - - 5 12,/home/rohanhs568/code/aichessathon-starter/v1_1_vs_v1.pgn,pgn,endgame_2_10+quiet,23,23,h3g2
pgn_v1_1_vs_v1_g14_p38,k3r3/1r2P3/3K1Bp1/p4bP1/P7/8/8/8 b - - 0 19,/home/rohanhs568/code/aichessathon-starter/v1_1_vs_v1.pgn,pgn,late_11_16+capture_available,14,38,f5g4
pgn_v1_1_vs_v1_g3_p27,rnb2k2/p4p1p/2pP4/7n/7b/2PB1PN1/p1P2RPP/R2Q2K1 w - - 1 14,/home/rohanhs568/code/aichessathon-starter/v1_1_vs_v1.pgn,pgn,middle_17_23+capture_available,3,27,g3h5
validation_0264,3q2k1/pp3ppp/3rpn2/2p5/2P5/1P2PN1P/P1Q2PP1/3R2K1 w - -,training/data/samples/lichess_validation_250k.csv,validation_sample,middle_17_23+capture_available,,,
validation_0314,3rr3/pp4k1/2p1pnp1/4b1q1/4PN1p/P2BQ1PP/1PP5/1K1R2R1 b - -,training/data/samples/lichess_validation_250k.csv,validation_sample,high_material_24_32+capture_rich,,,
validation_0232,1rbRn1k1/1p2qpp1/p6p/2r5/2N5/3QP2P/2B3P1/3R2K1 b - -,training/data/samples/lichess_validation_250k.csv,validation_sample,middle_17_23+capture_rich,,,
pgn_nn_vs_material_g5_p3,rnbqkb1r/pppppppp/7n/8/4P3/8/PPPP1PPP/RNBQKBNR w KQkq - 1 2,/home/rohanhs568/code/aichessathon-starter/nn_vs_material.pgn,pgn,high_material_24_32+quiet,5,3,d2d4
validation_0006,8/8/4B3/8/7K/8/6kn/6n1 w - -,training/data/samples/lichess_validation_250k.csv,validation_sample,endgame_2_10+quiet,,,
pgn_nn_vs_stockfish_2000_g1_p42,1r5r/p1q2kp1/p2b1p2/2pQp2p/B1Pp2b1/B7/P2N1PPP/1R2R1K1 b - - 7 21,/home/rohanhs568/code/aichessathon-starter/nn_vs_stockfish_2000.pgn,pgn,high_material_24_32+in_check,1,42,g4e6
suite_0017,2r2rk1/pp3ppp/2n5/3pPb2/1q6/1PnBP3/P1QN1PPP/R3K2R w KQ - 0 1,training/data/test_fens_60.txt,fen_suite,high_material_24_32+capture_available,,,
pgn_nn_vs_stockfish_full_g4_p42,r2kr3/2p1b3/2bpB2Q/pp6/8/2P1B3/P1P2PPP/3R1RK1 b - - 0 21,/home/rohanhs568/code/aichessathon-starter/nn_vs_stockfish_full.pgn,pgn,middle_17_23+capture_available,4,42,a8a6
validation_0092,8/3Kn3/2p2k2/8/1pp5/8/1P6/8 w - -,training/data/samples/lichess_validation_250k.csv,validation_sample,endgame_2_10+quiet,,,
validation_0313,rn1qk1nr/ppp1ppb1/2bp2pp/8/P3P2P/1PN3P1/2PP1PB1/R1BQK1NR b KQkq -,training/data/samples/lichess_validation_250k.csv,validation_sample,high_material_24_32+capture_available,,,
pgn_v1_1_vs_v1_g7_p82,8/8/1p2P3/p5R1/3P3P/1k1K4/3n3r/8 b - - 0 41,/home/rohanhs568/code/aichessathon-starter/v1_1_vs_v1.pgn,pgn,endgame_2_10+capture_available,7,82,b3b4
pgn_v1_1_vs_v1_g13_p23,k1r5/1b6/p2Q1Bp1/3pP1P1/P7/1P2Pp2/2r2K2/8 w - - 7 12,/home/rohanhs568/code/aichessathon-starter/v1_1_vs_v1.pgn,pgn,late_11_16+in_check,13,23,f2f3
validation_0103,8/1p1k1p2/1R6/3p4/3B4/1P2K3/r6P/4b3 b - -,training/data/samples/lichess_validation_250k.csv,validation_sample,late_11_16+capture_available,,,
pgn_v1_1_vs_v1_g13_p24,k1r5/1b6/p2Q1Bp1/3pP1P1/P7/1P2PK2/2r5/8 b - - 0 12,/home/rohanhs568/code/aichessathon-starter/v1_1_vs_v1.pgn,pgn,late_11_16+quiet,13,24,d5d4
validation_0216,1B4k1/p4ppp/8/8/3P2n1/2Q1n1P1/1P2P2P/q3KR2 w - -,training/data/samples/lichess_validation_250k.csv,validation_sample,middle_17_23+in_check,,,
validation_0265,6k1/pb1q2p1/1pn1p2p/5p2/7P/1PQ1P1P1/P2N1PB1/6K1 b - -,training/data/samples/lichess_validation_250k.csv,validation_sample,middle_17_23+capture_available,,,
pgn_nn_vs_material_g18_p11,r1b1kb1r/ppp1qppp/2n2n2/3pp3/8/7N/PPPPPPPP/RNBQKB1R w KQkq - 6 6,/home/rohanhs568/code/aichessathon-starter/nn_vs_material.pgn,pgn,high_material_24_32+quiet,18,11,h3g1
validation_0273,r1b2rk1/pp3ppp/4p3/8/2NPn3/P1B5/1P2BKPP/R6R w - -,training/data/samples/lichess_validation_250k.csv,validation_sample,middle_17_23+in_check,,,
pgn_nn_vs_stockfish_2000_g3_p19,rn2kb1r/p2bqppp/5n2/1B2p3/4P3/5N2/PPP2PPP/R1BQ1RK1 w kq - 3 10,/home/rohanhs568/code/aichessathon-starter/nn_vs_stockfish_2000.pgn,pgn,high_material_24_32+capture_available,3,19,f3e5
validation_0296,4r3/1q3k2/b5R1/2p2P2/p2p4/P2P3p/1P2r1PP/1R1Q3K w - -,training/data/samples/lichess_validation_250k.csv,validation_sample,middle_17_23+capture_available,,,
pgn_v1_1_vs_v1_g5_p72,4RR2/1p3k2/2p5/8/1pP1B1r1/1P2P3/P3K1P1/8 b - - 10 36,/home/rohanhs568/code/aichessathon-starter/v1_1_vs_v1.pgn,pgn,late_11_16+in_check,5,72,f7g7
validation_0375,8/7k/3b3p/3n2p1/p1pPqpN1/PpPb1N1P/1P1Br1P1/R2Q2K1 b - -,training/data/samples/lichess_validation_250k.csv,validation_sample,high_material_24_32+capture_rich,,,
pgn_v1_1_vs_v1_g5_p65,7k/1p6/2p5/4R3/1pP1B3/1P2P1r1/P3K1P1/5R2 w - - 3 33,/home/rohanhs568/code/aichessathon-starter/v1_1_vs_v1.pgn,pgn,late_11_16+capture_available,5,65,e5e8
validation_0061,8/8/5k2/1p6/1P2n3/1P1b4/2r5/4K3 b - -,training/data/samples/lichess_validation_250k.csv,validation_sample,endgame_2_10+quiet,,,
pgn_v1_1_vs_v1_g11_p40,8/3B4/p7/P3k3/2rpb2p/1p6/4RK2/8 b - - 1 20,/home/rohanhs568/code/aichessathon-starter/v1_1_vs_v1.pgn,pgn,late_11_16+quiet,11,40,c4c2
suite_0045,8/1r5R/1k1pK3/2pP4/8/8/8/8 w - - 0 1,training/data/test_fens_60.txt,fen_suite,endgame_2_10+capture_available,,,
pgn_v1_1_vs_v1_g17_p13,8/8/5k1p/3n4/3N2r1/8/6P1/5RK1 b - - 10 7,/home/rohanhs568/code/aichessathon-starter/v1_1_vs_v1.pgn,pgn,endgame_2_10+in_check,17,13,d5f4
pgn_nn_vs_stockfish_2000_g7_p136,3r4/1p6/1k4p1/7p/R7/2q5/K7/8 b - - 1 68,/home/rohanhs568/code/aichessathon-starter/nn_vs_stockfish_2000.pgn,pgn,endgame_2_10+quiet,7,136,c3c2
pgn_v1_1_vs_v1_g6_p44,r6k/ppp3q1/2b4p/2p2P2/2P1P3/1P6/3P1R1P/7K b - - 0 22,/home/rohanhs568/code/aichessathon-starter/v1_1_vs_v1.pgn,pgn,middle_17_23+capture_available,6,44,c6e4
validation_0217,1k6/pp4p1/2p3p1/3p4/1P1P4/P1K1P1P1/2R1QP2/5rq1 w - -,training/data/samples/lichess_validation_250k.csv,validation_sample,middle_17_23+capture_available,,,
validation_0202,r3nr1k/1pp1Nppp/p2p4/8/4P3/8/PQP2PPP/3R2K1 b - -,training/data/samples/lichess_validation_250k.csv,validation_sample,middle_17_23+quiet,,,
pgn_v1_1_vs_v1_g8_p24,r6r/5ppp/2k1pn2/p1Pp4/1p1P4/1b2P1P1/1B2KPBP/R1R5 b - - 3 12,/home/rohanhs568/code/aichessathon-starter/v1_1_vs_v1.pgn,pgn,middle_17_23+quiet,8,24,f6e4
validation_0245,3r1q1k/2p1Q1pp/pb3r2/5p2/1P3B2/6P1/5P1P/4R1K1 w - -,training/data/samples/lichess_validation_250k.csv,validation_sample,middle_17_23+capture_rich,,,
validation_0059,8/8/6N1/4k3/8/1B6/3K4/8 b - -,training/data/samples/lichess_validation_250k.csv,validation_sample,endgame_2_10+in_check,,,
validation_0364,r2qr1k1/pppn1p1p/6p1/6N1/2P1p1n1/2b1P2P/PPQ2PP1/R1B1R1K1 w - -,training/data/samples/lichess_validation_250k.csv,validation_sample,high_material_24_32+capture_rich,,,
validation_0186,8/6k1/6p1/p6p/1p3K1P/P2PN1P1/2Bn3b/8 w - -,training/data/samples/lichess_validation_250k.csv,validation_sample,late_11_16+capture_available,,,
validation_0368,rn3r1k/bpp1q1pp/p2pP2n/P3p2Q/2B1Pp2/2P4P/1P1N1PPK/R1B2R2 b - -,training/data/samples/lichess_validation_250k.csv,validation_sample,high_material_24_32+capture_available,,,
validation_0331,rnbqkb1r/p5pp/2p2n2/1p1p1p2/3PpN2/2N1P1P1/PPP2PBP/R1BQK2R w KQkq -,training/data/samples/lichess_validation_250k.csv,validation_sample,high_material_24_32+capture_rich,,,
suite_0050,2k4r/ppn3Q1/8/8/P4R2/8/q2B3P/6K1 b - - 0 1,training/data/test_fens_60.txt,fen_suite,late_11_16+capture_available,,,
suite_0039,3r2k1/5ppp/1P1b4/8/8/3pBQ1P/4qPP1/3R2K1 b - - 0 1,training/data/test_fens_60.txt,fen_suite,late_11_16+capture_rich,,,
pgn_v1_1_vs_v1_g7_p120,8/8/1p1K4/7P/8/8/4n1RQ/4k3 b - - 2 60,/home/rohanhs568/code/aichessathon-starter/v1_1_vs_v1.pgn,pgn,endgame_2_10+quiet,7,120,e1d2
suite_0051,8/8/6p1/5k1p/3K3P/8/6P1/8 w - - 0 1,training/data/test_fens_60.txt,fen_suite,endgame_2_10+quiet,,,
validation_0049,8/8/R4KP1/3kp3/8/4nP2/5r2/8 w - -,training/data/samples/lichess_validation_250k.csv,validation_sample,endgame_2_10+quiet,,,
validation_0047,8/7K/8/8/8/1k6/8/5Q2 w - -,training/data/samples/lichess_validation_250k.csv,validation_sample,endgame_2_10+quiet,,,
