case_id,fen,source,source_kind,category,game_index,ply,played_move,baseline_move,completed_depth,agent_nodes,agent_elapsed_s,sf_best_move,sf_best_score,sf_candidate_score,sf_best_expectation,sf_candidate_expectation,cp_delta_raw,cp_loss,expectation_delta_raw,expectation_loss,mate_blunder,sign_flip,winning_to_notwinning,pathology_priority
pgn_v1_1_vs_v1_g2_p146,8/8/8/4K3/6b1/q4k2/8/8 w - - 8 74,/home/rohanhs568/code/aichessathon-starter/v1_1_vs_v1.pgn,pgn,endgame_2_10+quiet,2,146,e5d5,e5d5,5,6424,0.17989229399245232,e5d5,-678,-678,0.0,0.0,0.0,0.0,0.0,0.0,False,False,False,0.0
validation_0151,6k1/1b1q2p1/1p5p/1P1n4/2Q5/5P1P/6P1/4R1K1 w - -,training/data/samples/lichess_validation_250k.csv,validation_sample,late_11_16+capture_available,,,,e1e3,5,42391,1.8768277609779034,g1h2,0,0,0.5,0.5,0.0,0.0,0.0,0.0,False,False,False,0.0
pgn_v1_1_vs_v1_g2_p83,8/5p2/4b3/4k3/6r1/8/6PK/R7 b - - 13 42,/home/rohanhs568/code/aichessathon-starter/v1_1_vs_v1.pgn,pgn,endgame_2_10+capture_available,2,83,g4h4,e6d5,5,27703,0.933861141995294,g4h4,+357,+400,1.0,1.0,-43.0,0.0,0.0,0.0,False,False,False,0.0
pgn_v1_1_vs_v1_g15_p59,8/2p5/2Kp4/3P2p1/5kP1/p7/B7/2b5 b - - 13 30,/home/rohanhs568/code/aichessathon-starter/v1_1_vs_v1.pgn,pgn,endgame_2_10+capture_available,15,59,f4g4,f4g4,5,1922,0.06814367297920398,f4g4,+605,+605,1.0,1.0,0.0,0.0,0.0,0.0,False,False,False,0.0
validation_0360,3r1rk1/2q2p1p/p1bp1bp1/1p2pP2/4PBP1/P1NB3Q/1PP4P/4RR1K b - -,training/data/samples/lichess_validation_250k.csv,validation_sample,high_material_24_32+capture_available,,,,e5f4,5,22988,1.4647399369860068,e5f4,+63,+63,0.577,0.577,0.0,0.0,0.0,0.0,False,False,False,0.0
pgn_v1_1_vs_v1_g8_p98,8/8/6p1/R7/8/8/pK6/4rk2 b - - 5 49,/home/rohanhs568/code/aichessathon-starter/v1_1_vs_v1.pgn,pgn,endgame_2_10+quiet,8,98,a2a1q,g6g5,5,4860,0.16805321499123238,a2a1q,+689,0,1.0,0.5,689.0,689.0,0.5,0.5,False,False,True,7.378
pgn_v1_1_vs_v1_g13_p69,4K3/k7/6p1/1r2B1P1/8/8/p7/8 w - - 1 35,/home/rohanhs568/code/aichessathon-starter/v1_1_vs_v1.pgn,pgn,endgame_2_10+quiet,13,69,e5c3,e5a1,5,11361,0.420261233986821,e5f6,-491,-624,0.0,0.0,133.0,133.0,0.0,0.0,False,False,False,0.266
validation_0347,r4rk1/p1p3pp/b1p5/2b2p2/3qP3/3PN3/PPP3PP/R1BQ1RK1 b - -,training/data/samples/lichess_validation_250k.csv,validation_sample,high_material_24_32+capture_rich,,,,f5e4,5,12042,0.6336485340143554,f5f4,+356,+238,1.0,0.9995,118.0,118.0,0.0004999999999999449,0.0004999999999999449,False,False,False,0.24099999999999944
validation_0147,8/p3n3/1p3k2/1P3pp1/8/3PP3/3K3P/2N5 w - -,training/data/samples/lichess_validation_250k.csv,validation_sample,late_11_16+quiet,,,,c1e2,5,2803,0.11640925399842672,c1e2,-3,-3,0.4995,0.4995,0.0,0.0,0.0,0.0,False,False,False,0.0
validation_0254,4r3/5pkR/3Nr1p1/p1p1P1P1/P1Pp1K2/1P6/2P5/7R b - -,training/data/samples/lichess_validation_250k.csv,validation_sample,middle_17_23+in_check,,,,g7f8,5,1499,0.09046517798560672,g7f8,-778,-778,0.0,0.0,0.0,0.0,0.0,0.0,False,False,False,0.0
validation_0119,8/1p3pp1/2kNp2p/r3P3/5PP1/2K5/7P/8 b - -,training/data/samples/lichess_validation_250k.csv,validation_sample,late_11_16+capture_available,,,,a5a4,5,12725,0.5063963660213631,a5a3,+482,+510,1.0,1.0,-28.0,0.0,0.0,0.0,False,False,False,0.0
suite_0010,r2q1rk1/1pp2pbp/3p1np1/p2Pp3/P1BnP3/2N4P/1PP2PP1/R1BQ1RK1 w - - 0 1,training/data/test_fens_60.txt,fen_suite,high_material_24_32+capture_available,,,,c1g5,5,16820,0.9673913070000708,c1g5,+92,+92,0.71,0.71,0.0,0.0,0.0,0.0,False,False,False,0.0
validation_0300,4r3/2RNn1kp/p4p2/1b1p2p1/3P4/5N2/PP3PPP/6K1 w - -,training/data/samples/lichess_validation_250k.csv,validation_sample,middle_17_23+capture_available,,,,d7c5,5,14200,0.7283278140239418,d7b6,+115,+77,0.8505,0.606,38.0,38.0,0.24450000000000005,0.24450000000000005,False,False,False,2.5210000000000004
validation_0126,3r2k1/p4p2/8/3p1Pp1/6QP/qpP3P1/4R3/1K6 b - -,training/data/samples/lichess_validation_250k.csv,validation_sample,late_11_16+quiet,,,,a3a6,5,8658,0.45791962498333305,a3a6,0,0,0.5,0.5,0.0,0.0,0.0,0.0,False,False,False,0.0
pgn_v1_1_vs_v1_g22_p48,8/8/5K2/3k4/R7/8/8/8 b - - 2 24,/home/rohanhs568/code/aichessathon-starter/v1_1_vs_v1.pgn,pgn,endgame_2_10+quiet,22,48,d5c5,d5c5,5,4152,0.11296208598650992,d5d6,-490,-502,0.0,0.0,12.0,12.0,0.0,0.0,False,False,False,0.024
suite_0006,rnbqk2r/pp2bppp/3p1n2/2p1p3/4P3/P1P2N2/1P1PBPPP/RNBQ1RK1 b kq - 0 1,training/data/test_fens_60.txt,fen_suite,high_material_24_32+capture_available,,,,e8g8,5,18715,1.059907928982284,e8g8,+3,+3,0.503,0.503,0.0,0.0,0.0,0.0,False,False,False,0.0
pgn_nn_vs_material_g10_p40,2krr3/ppp2ppp/8/8/3n3P/2K4b/PPP1P2P/RNB4R b - - 1 20,/home/rohanhs568/code/aichessathon-starter/nn_vs_material.pgn,pgn,middle_17_23+capture_available,10,40,d4e2,d4e2,5,24890,1.4259614190086722,d4e2,+595,+595,1.0,1.0,0.0,0.0,0.0,0.0,False,False,False,0.0
suite_0037,5k2/p4p1p/1b4p1/1P6/PN6/6PP/5r2/3RK3 b - - 0 1,training/data/test_fens_60.txt,fen_suite,late_11_16+quiet,,,,f2h2,5,11472,0.548639501008438,f2b2,+5,+1,0.501,0.5,4.0,4.0,0.0010000000000000009,0.0010000000000000009,False,False,False,0.01800000000000001
validation_0299,2b1k2r/pr4p1/2p5/q5Np/1b1Qpp1P/8/P1P2PP1/1R1R2K1 b k -,training/data/samples/lichess_validation_250k.csv,validation_sample,middle_17_23+capture_available,,,,e8g8,5,21792,1.370303594012512,e8g8,+24,+24,0.508,0.508,0.0,0.0,0.0,0.0,False,False,False,0.0
pgn_nn_vs_material_g19_p15,rnbqkb1r/pppppppp/7n/3P4/4P3/2N2N1P/PPP1QPP1/R1B1KB1R w KQq - 1 8,/home/rohanhs568/code/aichessathon-starter/nn_vs_material.pgn,pgn,high_material_24_32+capture_available,19,15,c3b5,e4e5,5,29782,2.004874881997239,c1f4,+362,+320,1.0,1.0,42.0,42.0,0.0,0.0,False,False,False,0.084
validation_0121,8/R5pk/5n1p/4N3/8/2p4P/P4PPK/2r5 w - -,training/data/samples/lichess_validation_250k.csv,validation_sample,late_11_16+capture_available,,,,a7c7,5,13330,0.651131605001865,a7c7,+6,+6,0.501,0.501,0.0,0.0,0.0,0.0,False,False,False,0.0
suite_0056,8/8/4p1N1/p3P2P/4k1K1/4b3/P7/8 w - - 0 1,training/data/test_fens_60.txt,fen_suite,endgame_2_10+quiet,,,,g6f8,5,2500,0.10212766198674217,g6e7,+23,+4,0.5045,0.501,19.0,19.0,0.0034999999999999476,0.0034999999999999476,False,False,False,0.07299999999999948
pgn_nn_vs_stockfish_2000_g2_p55,r6k/pp6/4pp1p/1bN1b3/1P6/P3B1P1/B4KP1/2RR4 w - - 8 28,/home/rohanhs568/code/aichessathon-starter/nn_vs_stockfish_2000.pgn,pgn,middle_17_23+capture_rich,2,55,a2e6,d1h1,5,28400,1.2432500129798427,a3a4,+767,+723,1.0,1.0,44.0,44.0,0.0,0.0,False,False,False,0.088
pgn_nn_vs_stockfish_2000_g6_p1,rnbqkbnr/pppppppp/8/8/8/8/PPPPPPPP/RNBQKBNR w KQkq - 0 1,/home/rohanhs568/code/aichessathon-starter/nn_vs_stockfish_2000.pgn,pgn,high_material_24_32+quiet,6,1,g1f3,d2d4,5,13483,0.8324840450077318,e2e4,+35,+31,0.5415,0.534,4.0,4.0,0.007499999999999951,0.007499999999999951,False,False,False,0.08299999999999952
validation_0138,8/6k1/3R4/p4p2/Bp3B2/2p5/3p2PK/r7 w - -,training/data/samples/lichess_validation_250k.csv,validation_sample,late_11_16+capture_available,,,,d6d7,5,5440,0.2573129340016749,a4c2,0,0,0.5,0.5,0.0,0.0,0.0,0.0,False,False,False,0.0
pgn_v1_1_vs_v1_g2_p118,8/8/8/4RpK1/6b1/8/1r4P1/3k4 w - - 14 60,/home/rohanhs568/code/aichessathon-starter/v1_1_vs_v1.pgn,pgn,endgame_2_10+capture_available,2,118,e5d5,g2g3,5,7926,0.2721105069795158,g5f4,-293,-322,0.0,0.0,29.0,29.0,0.0,0.0,False,False,False,0.058
pgn_nn_vs_material_g7_p56,r1b2k1r/p2nq1b1/1p2PNQn/8/2p5/7P/PPP2PP1/1K4R1 b - - 0 28,/home/rohanhs568/code/aichessathon-starter/nn_vs_material.pgn,pgn,middle_17_23+capture_rich,7,56,d7f6,d7f6,5,11281,0.5671238979848567,d7f6,+798,+798,1.0,1.0,0.0,0.0,0.0,0.0,False,False,False,0.0
validation_0289,3Q4/3bppk1/3p3p/3P4/4nPP1/P7/2r2b1N/1B4K1 w - -,training/data/samples/lichess_validation_250k.csv,validation_sample,middle_17_23+in_check,,,,g1h1,5,3804,0.17747267801314592,g1g2,-24,-44,0.4945,0.481,20.0,20.0,0.013500000000000012,0.013500000000000012,False,False,False,0.17500000000000013
validation_0074,8/p1k5/1p5R/1P6/3K3P/2P5/7r/8 b - -,training/data/samples/lichess_validation_250k.csv,validation_sample,endgame_2_10+capture_available,,,,h2h3,5,7048,0.2635502149933018,h2d2,-190,-282,0.0025,0.0,92.0,92.0,0.0025,0.0025,False,False,False,0.209
validation_0137,8/3rpkb1/8/6pp/3PBP2/3RP1P1/7P/6K1 b - -,training/data/samples/lichess_validation_250k.csv,validation_sample,late_11_16+capture_available,,,,g5f4,5,8871,0.37293882001540624,g5f4,-309,-309,0.0,0.0,0.0,0.0,0.0,0.0,False,False,False,0.0
validation_0387,r1b2rk1/1pp3pp/p1n5/2bNp1Pq/4P3/3B2Q1/PPPP1PP1/R1B1R1K1 b - -,training/data/samples/lichess_validation_250k.csv,validation_sample,high_material_24_32+capture_available,,,,c5f2,5,29224,1.7660313149972353,c5f2,+415,+415,1.0,1.0,0.0,0.0,0.0,0.0,False,False,False,0.0
pgn_v1_1_vs_v1_g2_p80,8/5p2/4bk2/8/6r1/8/6PK/1R6 w - - 10 41,/home/rohanhs568/code/aichessathon-starter/v1_1_vs_v1.pgn,pgn,endgame_2_10+quiet,2,80,b1f1,b1b2,5,24071,0.7172259610088076,b1b5,-348,-395,0.0,0.0,47.0,47.0,0.0,0.0,False,False,False,0.094
pgn_nn_vs_material_g5_p37,1r1q3r/pp1knpbp/7p/1Ppp4/3P4/1Q3N1P/P4PP1/R3R1K1 w - - 0 19,/home/rohanhs568/code/aichessathon-starter/nn_vs_material.pgn,pgn,high_material_24_32+capture_available,5,37,d4c5,d4c5,5,65624,3.426024407002842,f3e5,-22,-182,0.4925,0.007,160.0,160.0,0.4855,0.4855,False,False,False,5.175
validation_0237,5k2/p1n5/1p1r1b1p/2pPN1pP/2P1R3/1P6/P4PP1/6K1 w - -,training/data/samples/lichess_validation_250k.csv,validation_sample,middle_17_23+quiet,,,,e5g6,5,7450,0.3443695369933266,e5c6,-106,-188,0.206,0.003,82.0,82.0,0.20299999999999999,0.20299999999999999,False,False,False,2.194
pgn_nn_vs_material_g2_p20,2kr1b1r/ppp1qppp/2n5/3p1b2/4p1n1/8/PPPPPPPP/RNBQKBNR b KQ - 5 10,/home/rohanhs568/code/aichessathon-starter/nn_vs_material.pgn,pgn,high_material_24_32+capture_available,2,20,e7h4,g4f2,5,18082,1.0902937770006247,d5d4,+492,+360,1.0,1.0,132.0,132.0,0.0,0.0,False,False,False,0.264
validation_0024,8/8/4r2k/7P/8/8/p3pK2/4R3 w - -,training/data/samples/lichess_validation_250k.csv,validation_sample,endgame_2_10+capture_available,,,,f2g3,5,12004,0.4341915400000289,f2g2,-543,-548,0.0,0.0,5.0,5.0,0.0,0.0,False,False,False,0.01
pgn_nn_vs_stockfish_full_g5_p29,rn4k1/pb3rpp/1p2Rn2/2b5/2pq4/2N5/PPBB1PPP/R2Q2K1 w - - 1 15,/home/rohanhs568/code/aichessathon-starter/nn_vs_stockfish_full.pgn,pgn,high_material_24_32+capture_available,5,29,e6f6,d1e2,5,50404,2.908981318003498,d1e2,-398,-398,0.0,0.0,0.0,0.0,0.0,0.0,False,False,False,0.0
pgn_v1_1_vs_v1_g19_p52,2k5/8/1P6/4Kn2/2N5/8/8/8 b - - 4 26,/home/rohanhs568/code/aichessathon-starter/v1_1_vs_v1.pgn,pgn,endgame_2_10+quiet,19,52,f5e7,f5e7,5,2870,0.09321258100681007,f5g3,-20,-18,0.496,0.4965,-2.0,0.0,-0.0005000000000000004,0.0,False,False,False,0.0
validation_0325,2rqbrk1/pp2b2p/4ppp1/n2p3n/3PP3/P1NB1NB1/1PQ2PPP/R3R1K1 b - -,training/data/samples/lichess_validation_250k.csv,validation_sample,high_material_24_32+capture_rich,,,,d5e4,5,45558,2.7789069499995094,d5e4,+8,+8,0.507,0.507,0.0,0.0,0.0,0.0,False,False,False,0.0
pgn_nn_vs_material_g19_p46,r1b4r/p1kpQpbN/1p1R2pn/1pn1P3/8/7P/PPP2PP1/1K3B1R b - - 3 23,/home/rohanhs568/code/aichessathon-starter/nn_vs_material.pgn,pgn,high_material_24_32+capture_available,19,46,h8h7,h6f5,5,19416,1.149063285003649,h6f5,-379,-379,0.0,0.0,0.0,0.0,0.0,0.0,False,False,False,0.0
suite_0018,r1bqk2r/pp3ppp/2nbpn2/8/4P3/1N4P1/PP3PBP/RNBQ1RK1 w kq - 0 1,training/data/test_fens_60.txt,fen_suite,high_material_24_32+capture_available,,,,c1g5,5,29843,1.7716626150067896,b1c3,+75,+30,0.6355,0.5265,45.0,45.0,0.10899999999999999,0.10899999999999999,False,False,False,1.18
validation_0132,6k1/R2b2p1/5n1p/2pp4/6P1/4KP1P/8/8 w - -,training/data/samples/lichess_validation_250k.csv,validation_sample,late_11_16+capture_available,,,,a7c7,5,8757,0.3246775399893522,a7c7,-167,-167,0.0095,0.0095,0.0,0.0,0.0,0.0,False,False,False,0.0
pgn_nn_vs_stockfish_2000_g1_p93,8/8/p7/3k1p2/3p1BPP/8/5PK1/1q6 w - - 0 47,/home/rohanhs568/code/aichessathon-starter/nn_vs_stockfish_2000.pgn,pgn,endgame_2_10+capture_available,1,93,g4g5,g4g5,5,4209,0.15939402399817482,f2f3,-575,-691,0.0,0.0,116.0,116.0,0.0,0.0,False,False,False,0.232
pgn_nn_vs_material_g11_p19,rnbqkbr1/p1pppppp/1p5n/1N1PP3/8/5N1P/PPP1QPP1/R1B1KB1R w KQq - 0 10,/home/rohanhs568/code/aichessathon-starter/nn_vs_material.pgn,pgn,high_material_24_32+capture_available,11,19,f3g5,e2e4,5,35381,2.2830772049783263,d5d6,+467,+475,1.0,1.0,-8.0,0.0,0.0,0.0,False,False,False,0.0
pgn_nn_vs_material_g12_p24,2kr1b1r/ppp2ppp/2n5/3p1b2/4p2q/6P1/PPPPPK1P/RNBQ1BNR b - - 0 12,/home/rohanhs568/code/aichessathon-starter/nn_vs_material.pgn,pgn,high_material_24_32+capture_available,12,24,f8c5,h4h5,5,19614,1.2597050449985545,h4f6,+297,+76,1.0,0.6385,221.0,221.0,0.36150000000000004,0.36150000000000004,False,False,False,4.057
validation_0076,8/4k3/4P3/4K3/4R3/8/8/3r4 b - -,training/data/samples/lichess_validation_250k.csv,validation_sample,endgame_2_10+quiet,,,,d1b1,5,5421,0.16636027599452063,d1h1,-3,-3,0.4995,0.4995,0.0,0.0,0.0,0.0,False,False,False,0.0
validation_0355,r2r2k1/2qpbpp1/ppn1pn1p/8/2P1P3/1PN3P1/PB1Q1PNP/2R2RK1 w - -,training/data/samples/lichess_validation_250k.csv,validation_sample,high_material_24_32+capture_available,,,,d2e2,5,60755,3.5448711540084332,d2e2,+45,+45,0.541,0.541,0.0,0.0,0.0,0.0,False,False,False,0.0
validation_0350,4rr1k/7p/pq1p1p2/2p1nPpN/1p6/3P1Q2/PPP3PP/4RRK1 w - -,training/data/samples/lichess_validation_250k.csv,validation_sample,high_material_24_32+capture_available,,,,f3g3,5,12626,0.6789820579870138,f3d5,+62,-38,0.5585,0.483,100.0,100.0,0.07550000000000001,0.07550000000000001,False,False,False,0.9550000000000001
validation_0250,5rk1/pqp2ppp/1r6/8/5Q2/1PP5/P4PK1/R1B2R2 w - -,training/data/samples/lichess_validation_250k.csv,validation_sample,middle_17_23+in_check,,,,f2f3,5,6790,0.3352149809943512,f2f3,+95,+95,0.713,0.713,0.0,0.0,0.0,0.0,False,False,False,0.0
pgn_nn_vs_material_g14_p62,3rr3/1k3p1R/1pb5/8/6nP/N1P3K1/PP2P2P/R7 b - - 7 31,/home/rohanhs568/code/aichessathon-starter/nn_vs_material.pgn,pgn,middle_17_23+capture_available,14,62,e8e4,e8g8,5,25365,1.2694058660126757,g4e5,+282,+222,1.0,0.9995,60.0,60.0,0.0004999999999999449,0.0004999999999999449,False,False,False,0.12499999999999944
validation_0010,K2B4/3R4/2k5/8/8/8/8/5q1r w - -,training/data/samples/lichess_validation_250k.csv,validation_sample,endgame_2_10+quiet,,,,d7c7,5,7164,0.2806215229793452,d7c7,-506,-506,0.0,0.0,0.0,0.0,0.0,0.0,False,False,False,0.0
validation_0014,3n1k2/3r3p/p7/4K3/2p5/8/P6P/8 w - -,training/data/samples/lichess_validation_250k.csv,validation_sample,endgame_2_10+quiet,,,,e5f4,5,8379,0.2736206720001064,e5e4,-889,-916,0.0,0.0,27.0,27.0,0.0,0.0,False,False,False,0.054
validation_0159,8/1k4p1/4R3/P4p2/KP3Pp1/3r2P1/8/8 b - -,training/data/samples/lichess_validation_250k.csv,validation_sample,late_11_16+capture_available,,,,d3g3,5,5145,0.1908300150244031,g7g5,-402,-438,0.0,0.0,36.0,36.0,0.0,0.0,False,False,False,0.072
validation_0248,N2k2nr/pQ4pp/3b2n1/8/3p4/8/PPP3PP/R1B2RK1 w - -,training/data/samples/lichess_validation_250k.csv,validation_sample,middle_17_23+capture_available,,,,b7d5,5,24327,1.1078471600194462,c1g5,+922,+914,1.0,1.0,8.0,8.0,0.0,0.0,False,False,False,0.016
validation_0234,8/p4rk1/p1p1n2p/2PpP1p1/3P2P1/2P4P/6K1/1R2B3 w - -,training/data/samples/lichess_validation_250k.csv,validation_sample,middle_17_23+quiet,,,,e1g3,5,8552,0.3883223670127336,e1g3,+111,+111,0.824,0.824,0.0,0.0,0.0,0.0,False,False,False,0.0
suite_0054,5k2/7R/5p2/p7/5P2/1P3K1P/r7/8 b - - 0 1,training/data/test_fens_60.txt,fen_suite,endgame_2_10+quiet,,,,a2b2,5,3098,0.11590997100574896,a2a3,-25,-19,0.495,0.4965,-6.0,0.0,-0.0015000000000000013,0.0,False,False,False,0.0
validation_0122,3Q4/pp3pk1/8/1Kp1P3/P1PNn3/5P2/7P/1q6 w - -,training/data/samples/lichess_validation_250k.csv,validation_sample,late_11_16+in_check,,,,d4b3,5,1683,0.08299694399465807,d4b3,#-2,#-2,0.0,0.0,0.0,0.0,0.0,0.0,False,False,False,0.0
validation_0055,8/6p1/6k1/6P1/3R4/6K1/4b3/8 w - -,training/data/samples/lichess_validation_250k.csv,validation_sample,endgame_2_10+quiet,,,,g3f4,5,4046,0.12584271701052785,g3f4,+218,+218,0.9995,0.9995,0.0,0.0,0.0,0.0,False,False,False,0.0
validation_0037,2b5/8/6k1/4b1B1/4P3/1B3K2/5N2/8 w - -,training/data/samples/lichess_validation_250k.csv,validation_sample,endgame_2_10+quiet,,,,f2d3,5,13591,0.49724578799214214,g5e7,+318,+337,1.0,1.0,-19.0,0.0,0.0,0.0,False,False,False,0.0
validation_0274,r1b1k2r/1p2b1p1/p1q1p2p/6P1/4p3/5B1Q/P1PB3P/1R2K2R w Kkq -,training/data/samples/lichess_validation_250k.csv,validation_sample,middle_17_23+capture_rich,,,,f3h5,5,17460,1.0509721619891934,f3h5,+152,+152,0.968,0.968,0.0,0.0,0.0,0.0,False,False,False,0.0
validation_0057,8/8/6K1/8/5PP1/2k5/3r3P/8 b - -,training/data/samples/lichess_validation_250k.csv,validation_sample,endgame_2_10+capture_available,,,,c3d4,5,6397,0.1980199459940195,d2h2,-17,-21,0.4965,0.496,4.0,4.0,0.0005000000000000004,0.0005000000000000004,False,False,False,0.013000000000000005
validation_0354,1rbq1rk1/1p2ppbp/p1np1np1/2p5/P3P2N/2NP2PP/1PP2PB1/R1BQ1RK1 b - -,training/data/samples/lichess_validation_250k.csv,validation_sample,high_material_24_32+capture_available,,,,f6d7,5,27344,1.6665014360041823,b7b5,+34,+33,0.5385,0.5375,1.0,1.0,0.0010000000000000009,0.0010000000000000009,False,False,False,0.012000000000000009
validation_0306,3r1rk1/pb1qbppp/1pn1p2n/2p5/4PP2/1P3NP1/PB1PN1BP/2RQR1K1 b - -,training/data/samples/lichess_validation_250k.csv,validation_sample,high_material_24_32+capture_available,,,,b7a6,5,47288,2.978960198990535,c6b4,+215,+118,0.9935,0.8305,97.0,97.0,0.16300000000000003,0.16300000000000003,False,False,False,1.8240000000000003
pgn_v1_1_vs_v1_g2_p58,8/pR3p2/r5k1/8/P7/1P4K1/2b3P1/8 w - - 6 30,/home/rohanhs568/code/aichessathon-starter/v1_1_vs_v1.pgn,pgn,endgame_2_10+capture_available,2,58,a4a5,b7b4,5,12355,0.46033150900620967,g3f4,-363,-402,0.0,0.0,39.0,39.0,0.0,0.0,False,False,False,0.078
validation_0105,8/1p4r1/3p3p/p1p1k3/P2p2pN/1P1P4/4R3/3K4 b - -,training/data/samples/lichess_validation_250k.csv,validation_sample,late_11_16+in_check,,,,e5f4,5,2666,0.11314897099509835,e5f4,+224,+224,0.9995,0.9995,0.0,0.0,0.0,0.0,False,False,False,0.0
validation_0344,r1bqkb1r/pp1ppp1p/6pB/2p5/2B1PQn1/3P4/PPP2PPP/RN2K1NR b KQkq -,training/data/samples/lichess_validation_250k.csv,validation_sample,high_material_24_32+capture_rich,,,,g4h6,5,12079,0.8121519819833338,g4h6,-9,-9,0.493,0.493,0.0,0.0,0.0,0.0,False,False,False,0.0
validation_0356,r1bqk1nr/pp2bppp/2n1p3/2pp4/4PP2/3P2P1/PPP1N1BP/RNBQK2R b KQkq -,training/data/samples/lichess_validation_250k.csv,validation_sample,high_material_24_32+capture_available,,,,a8b8,5,25966,1.5949683079961687,d5e4,+69,-14,0.6245,0.486,83.0,83.0,0.13850000000000007,0.13850000000000007,False,False,False,1.5510000000000006
validation_0389,2kr3r/pppqbpp1/4b3/n2np2p/8/PPN1P1PP/1B1PNPB1/R2QK2R w KQ -,training/data/samples/lichess_validation_250k.csv,validation_sample,high_material_24_32+capture_available,,,,h3h4,5,53485,3.319387307012221,h3h4,-161,-161,0.0455,0.0455,0.0,0.0,0.0,0.0,False,False,False,0.0
pgn_nn_vs_material_g8_p32,2kr2r1/ppp1bpp1/2n5/5b1p/6nq/2N1P1PN/PPPBP2P/R1Q1KB1R b KQ - 1 16,/home/rohanhs568/code/aichessathon-starter/nn_vs_material.pgn,pgn,high_material_24_32+capture_rich,8,32,c6b4,h4f6,4,103424,6.006906914000865,h4f6,+243,+243,0.998,0.998,0.0,0.0,0.0,0.0,False,False,False,0.0
validation_0196,8/pp2k3/8/2P2ppp/1P2p3/PR2K1PP/2r2P2/8 b - -,training/data/samples/lichess_validation_250k.csv,validation_sample,late_11_16+capture_available,,,,e7e6,5,6310,0.27887966998969205,e7e6,+212,+212,0.999,0.999,0.0,0.0,0.0,0.0,False,False,False,0.0
pgn_nn_vs_stockfish_2000_g2_p80,6k1/p7/1p3p1p/1P5P/P7/2brBN2/4RKP1/8 b - - 7 40,/home/rohanhs568/code/aichessathon-starter/nn_vs_stockfish_2000.pgn,pgn,late_11_16+capture_available,2,80,d3d8,c3b4,5,11237,0.49318603999563493,g8f8,-515,-518,0.0,0.0,3.0,3.0,0.0,0.0,False,False,False,0.006
validation_0326,2rr1k2/pp3p1p/5QpP/4p3/b3P2P/1NPq4/PP2N1B1/1K1n1R2 w - -,training/data/samples/lichess_validation_250k.csv,validation_sample,high_material_24_32+in_check,,,,b1a1,5,7965,0.4485346300061792,b1a1,0,0,0.5005,0.5005,0.0,0.0,0.0,0.0,False,False,False,0.0
validation_0183,8/1b5p/1p3pp1/p1k5/5P2/P2K2P1/1PN4P/8 w - -,training/data/samples/lichess_validation_250k.csv,validation_sample,late_11_16+quiet,,,,b2b4,5,3501,0.13570496800821275,b2b3,-6,-10,0.499,0.4985,4.0,4.0,0.0005000000000000004,0.0005000000000000004,False,False,False,0.013000000000000005
pgn_nn_vs_stockfish_2000_g5_p24,r2qk2r/pp3pp1/2npbb1p/3p4/3P4/2PB1N2/PP3PPP/R1BQR1K1 b kq - 0 12,/home/rohanhs568/code/aichessathon-starter/nn_vs_stockfish_2000.pgn,pgn,high_material_24_32+capture_available,5,24,d8d7,e8g8,5,12605,0.6890089670196176,d8d7,-137,-134,0.0845,0.093,-3.0,0.0,-0.008499999999999994,0.0,False,False,False,0.0
pgn_nn_vs_material_g5_p10,rnbqkbr1/pppppppp/7n/8/3PP3/2N2N1P/PPP2PP1/R1BQKB1R b KQq - 0 5,/home/rohanhs568/code/aichessathon-starter/nn_vs_material.pgn,pgn,high_material_24_32+quiet,5,10,g8h8,c7c6,5,19916,1.1795232009899337,g8h8,-270,-265,0.001,0.0015,-5.0,0.0,-0.0005,0.0,False,False,False,0.0
pgn_v1_1_vs_v1_g22_p1,8/2R5/4k1p1/p4r2/2K2P1p/P5PP/8/8 w - - 0 1,/home/rohanhs568/code/aichessathon-starter/v1_1_vs_v1.pgn,pgn,late_11_16+capture_available,22,1,c7c6,c7c6,5,3470,0.14031790298759006,g3h4,+1,+3,0.5,0.5005,-2.0,0.0,-0.0004999999999999449,0.0,False,False,False,0.0
validation_0303,2rr2k1/4ppbp/pn1q2p1/1pN5/3PP3/2P2Q1P/P1RB1PP1/2R3K1 b - -,training/data/samples/lichess_validation_250k.csv,validation_sample,high_material_24_32+capture_rich,,,,b6c4,5,57753,3.2002758489979897,d6f6,-172,-157,0.0135,0.028,-15.0,0.0,-0.0145,0.0,False,False,False,0.0
validation_0260,4r1k1/pp3pp1/2n2n1p/3rp3/8/2PP1N2/1P3PPP/R1BR2K1 w - -,training/data/samples/lichess_validation_250k.csv,validation_sample,middle_17_23+capture_available,,,,c1e3,5,28680,1.4701983699924313,c1e3,-3,-3,0.499,0.499,0.0,0.0,0.0,0.0,False,False,False,0.0
validation_0214,1n3rk1/r4p2/p3p1P1/1p2P1N1/1b1p1B1P/5P2/PP4K1/2R4R b - -,training/data/samples/lichess_validation_250k.csv,validation_sample,middle_17_23+capture_available,,,,f7g6,5,7086,0.40748361599980853,f7g6,-387,-387,0.0,0.0,0.0,0.0,0.0,0.0,False,False,False,0.0
validation_0236,6k1/1b6/1ppnqn2/p2pNp2/P2P1P1p/4PN1B/1PQ4P/7K w - -,training/data/samples/lichess_validation_250k.csv,validation_sample,middle_17_23+capture_rich,,,,f3g5,5,15738,0.7521271659934428,f3g5,+300,+300,1.0,1.0,0.0,0.0,0.0,0.0,False,False,False,0.0
pgn_nn_vs_stockfish_2000_g3_p87,4k3/4n3/8/7p/2PB4/b4b1P/r5PK/8 w - - 0 44,/home/rohanhs568/code/aichessathon-starter/nn_vs_stockfish_2000.pgn,pgn,late_11_16+quiet,3,87,h2g1,d4e5,5,10784,0.4722363140026573,d4f2,-779,#-5,0.0,0.0,99216.0,99216.0,0.0,0.0,True,False,False,7.0
pgn_nn_vs_stockfish_2000_g9_p22,r1bqk2r/2pn1pbp/2p3p1/p3p1B1/P1N1P3/5N2/1PP2PPP/R2Q1RK1 b kq - 1 11,/home/rohanhs568/code/aichessathon-starter/nn_vs_stockfish_2000.pgn,pgn,high_material_24_32+capture_available,9,22,f7f6,f7f6,5,12825,0.7468152539804578,f7f6,-66,-66,0.408,0.408,0.0,0.0,0.0,0.0,False,False,False,0.0
validation_0372,r2q1rk1/ppp2ppp/3bpn2/3pnb2/3P1P2/2P1P3/PP1NB1PP/R1BQ1RK1 b - -,training/data/samples/lichess_validation_250k.csv,validation_sample,high_material_24_32+quiet,,,,e5g4,5,25920,1.3784283040149603,e5g4,+527,+527,1.0,1.0,0.0,0.0,0.0,0.0,False,False,False,0.0
pgn_v1_1_vs_v1_g14_p18,6r1/kr6/p4Bp1/2QpP1P1/8/2K1P3/P3bp2/8 b - - 4 9,/home/rohanhs568/code/aichessathon-starter/v1_1_vs_v1.pgn,pgn,late_11_16+in_check,14,18,a7a8,a7a8,5,4239,0.19883083199965768,a7a8,+592,+592,1.0,1.0,0.0,0.0,0.0,0.0,False,False,False,0.0
validation_0080,8/8/8/p3k3/2P5/2K5/8/8 b - -,training/data/samples/lichess_validation_250k.csv,validation_sample,endgame_2_10+quiet,,,,e5e4,5,1109,0.03394049301277846,a5a4,+2,0,0.5005,0.5,2.0,2.0,0.0004999999999999449,0.0004999999999999449,False,False,False,0.00899999999999945
pgn_v1_1_vs_v1_g15_p8,7k/2p3b1/3p1p2/3P2pN/p3B1P1/Pn5K/1P6/8 w - - 2 5,/home/rohanhs568/code/aichessathon-starter/v1_1_vs_v1.pgn,pgn,late_11_16+capture_available,15,8,e4c2,e4f5,5,6008,0.24356704301317222,e4c2,+28,+13,0.507,0.5025,15.0,15.0,0.0045000000000000595,0.0045000000000000595,False,False,False,0.0750000000000006
pgn_nn_vs_stockfish_2000_g4_p28,r1b2rk1/pp3ppp/1qn1p3/3p2N1/2P2B2/1Q2P3/PP1KB1PP/5R1n b - - 0 14,/home/rohanhs568/code/aichessathon-starter/nn_vs_stockfish_2000.pgn,pgn,high_material_24_32+capture_available,4,28,b6b3,b6b3,5,28832,1.7195746790093835,b6b3,+412,+412,1.0,1.0,0.0,0.0,0.0,0.0,False,False,False,0.0
validation_0163,6k1/2p2r2/2Np2p1/3n4/p5P1/2P4P/PP2RP2/2K5 b - -,training/data/samples/lichess_validation_250k.csv,validation_sample,late_11_16+capture_available,,,,a4a3,5,9072,0.4119805560039822,d5f4,-222,-269,0.0005,0.0,47.0,47.0,0.0005,0.0005,False,False,False,0.099
pgn_v1_1_vs_v1_g19_p16,8/2k5/2n5/2K5/2N5/1P6/8/8 b - - 8 8,/home/rohanhs568/code/aichessathon-starter/v1_1_vs_v1.pgn,pgn,endgame_2_10+quiet,19,16,c6b8,c6b8,5,4436,0.13199740799609572,c6b8,-17,-17,0.497,0.497,0.0,0.0,0.0,0.0,False,False,False,0.0
validation_0292,4k3/1pR4r/pq2pb2/3p1p2/3P1P1p/1P2PN2/4Q1P1/3R2K1 b - -,training/data/samples/lichess_validation_250k.csv,validation_sample,middle_17_23+capture_rich,,,,h7c7,5,6091,0.3087905020220205,h7c7,+71,+71,0.579,0.579,0.0,0.0,0.0,0.0,False,False,False,0.0
pgn_v1_1_vs_v1_g5_p3,r1bq1rk1/ppp3p1/2n4p/2p1pp1Q/2P5/1P1BP3/PB1P1PPP/R3K2R w KQ - 2 2,/home/rohanhs568/code/aichessathon-starter/v1_1_vs_v1.pgn,pgn,high_material_24_32+capture_rich,5,3,d3b1,d3e2,5,34446,2.0773819079913665,d3c2,+8,+11,0.5035,0.505,-3.0,0.0,-0.0015000000000000568,0.0,False,False,False,0.0
pgn_v1_1_vs_v1_g15_p1,5b1k/2p5/3p1pqP/3P2pN/p3p1P1/P7/1PBnQ2K/8 b - - 0 1,/home/rohanhs568/code/aichessathon-starter/v1_1_vs_v1.pgn,pgn,middle_17_23+capture_available,15,1,d2b3,d2f3,5,13803,0.6961141060164664,d2f3,-25,-25,0.494,0.494,0.0,0.0,0.0,0.0,False,False,False,0.0
validation_0162,8/5p2/p5p1/3K1p1p/5P1P/Pk4P1/1P6/8 w - -,training/data/samples/lichess_validation_250k.csv,validation_sample,late_11_16+quiet,,,,d5d6,5,948,0.03543173801153898,d5c5,+291,-463,1.0,0.0,754.0,754.0,1.0,1.0,False,True,True,13.508
suite_0046,8/p3R3/6kp/6p1/3p2P1/3r3P/P5K1/8 w - - 0 1,training/data/test_fens_60.txt,fen_suite,late_11_16+capture_available,,,,e7a7,5,4007,0.14335159401525743,e7a7,-19,-19,0.4965,0.4965,0.0,0.0,0.0,0.0,False,False,False,0.0
suite_0038,5k2/1R2Rp1p/5rp1/p7/4PP2/4r1P1/7P/5K2 b - - 0 1,training/data/test_fens_60.txt,fen_suite,late_11_16+capture_available,,,,h7h5,5,16504,0.7214958010008559,g6g5,-8,-105,0.4985,0.214,97.0,97.0,0.2845,0.2845,False,False,False,3.0389999999999997
pgn_v1_1_vs_v1_g15_p76,4K3/8/2Bp4/3P4/5b2/4k3/6p1/q7 w - - 0 39,/home/rohanhs568/code/aichessathon-starter/v1_1_vs_v1.pgn,pgn,endgame_2_10+quiet,15,76,e8f7,c6d7,5,6831,0.29187720399932005,c6b7,-1093,#-6,0.0,0.0,98901.0,98901.0,0.0,0.0,True,False,False,7.0
validation_0275,r3k1r1/pp5p/4b3/2Bnp1p1/4N1n1/P2B4/1PP2P1P/2KR3R b q -,training/data/samples/lichess_validation_250k.csv,validation_sample,middle_17_23+capture_available,,,,e8c8,5,19720,1.037943829986034,e8f7,-236,-251,0.0,0.0,15.0,15.0,0.0,0.0,False,False,False,0.03
suite_0008,r3r1k1/pp1q1pb1/2p3p1/3pBb1p/3P4/2N5/PPPQ1PPP/R3R1K1 w - - 0 1,training/data/test_fens_60.txt,fen_suite,high_material_24_32+capture_available,,,,e5g7,5,25369,1.5198180739826057,e5g7,-22,-22,0.4905,0.4905,0.0,0.0,0.0,0.0,False,False,False,0.0
pgn_v1_1_vs_v1_g7_p11,4k2r/5ppp/rpb1pn2/p2p4/2PP4/B3P1P1/P4PBP/R4RK1 w k - 2 6,/home/rohanhs568/code/aichessathon-starter/v1_1_vs_v1.pgn,pgn,high_material_24_32+capture_available,7,11,f1c1,f1b1,5,14968,0.7663254149956629,f1c1,+144,+114,0.9645,0.8455,30.0,30.0,0.119,0.119,False,False,False,1.25
pgn_nn_vs_material_g13_p43,r1bq3r/p2pk1bN/1p1R2pn/1pn1P1p1/5Q2/7P/PPP2PP1/1K3B1R w - - 0 22,/home/rohanhs568/code/aichessathon-starter/nn_vs_material.pgn,pgn,high_material_24_32+capture_rich,13,43,f4g5,f4g5,5,42397,2.371613660012372,f4g5,-33,-33,0.477,0.477,0.0,0.0,0.0,0.0,False,False,False,0.0
pgn_nn_vs_material_g4_p81,1k6/8/1pb1r3/6KP/8/N1P1n2P/PP2P1r1/R7 w - - 1 41,/home/rohanhs568/code/aichessathon-starter/nn_vs_material.pgn,pgn,late_11_16+in_check,4,81,g5f4,g5f4,5,4335,0.21319621001021005,g5f4,#-12,#-12,0.0,0.0,0.0,0.0,0.0,0.0,False,False,False,0.0
validation_0390,r1b5/pp1knp1p/3bP3/q3Q3/5B2/2N2N2/PnP2PPP/R3KB1R b KQ -,training/data/samples/lichess_validation_250k.csv,validation_sample,high_material_24_32+in_check,,,,f7e6,5,5028,0.31030425199423917,f7e6,-896,-896,0.0,0.0,0.0,0.0,0.0,0.0,False,False,False,0.0
validation_0211,6k1/1pp3b1/p2p3p/P2P4/4QP1q/2P3p1/1P6/R5K1 b - -,training/data/samples/lichess_validation_250k.csv,validation_sample,middle_17_23+capture_available,,,,h4h2,5,1701,0.08580344499205239,h4h2,#+2,#+2,1.0,1.0,0.0,0.0,0.0,0.0,False,False,False,0.0
validation_0106,8/8/5rk1/PQ2p3/3q2p1/2p3P1/5P1P/5RK1 w - -,training/data/samples/lichess_validation_250k.csv,validation_sample,late_11_16+capture_available,,,,b5e8,5,11986,0.547234015975846,a5a6,+155,+20,0.9805,0.504,135.0,135.0,0.47650000000000003,0.47650000000000003,False,False,True,6.035
validation_0266,3Rr1k1/pp3pp1/7p/2p5/4p3/1PP3P1/P4P1P/4N1K1 b - -,training/data/samples/lichess_validation_250k.csv,validation_sample,middle_17_23+capture_available,,,,e8d8,5,2945,0.12629630297305994,e8d8,+500,+500,1.0,1.0,0.0,0.0,0.0,0.0,False,False,False,0.0
suite_0048,6k1/3R4/7p/8/3p2PK/5r2/8/8 w - - 0 1,training/data/test_fens_60.txt,fen_suite,endgame_2_10+capture_available,,,,h4h5,5,4045,0.12536553599056788,g4g5,+3,+7,0.5005,0.501,-4.0,0.0,-0.000500000000000056,0.0,False,False,False,0.0
validation_0295,6k1/5rr1/3p2p1/pNpPp3/PnP1P2q/5RR1/7P/3Q1K2 b - -,training/data/samples/lichess_validation_250k.csv,validation_sample,middle_17_23+capture_rich,,,,h4h2,5,9949,0.500706673017703,h4h2,+405,+405,1.0,1.0,0.0,0.0,0.0,0.0,False,False,False,0.0
validation_0359,rn2k2r/p1pp2pp/1p2p3/4P3/2PPn3/P1P3P1/7P/R1BK2NR w kq -,training/data/samples/lichess_validation_250k.csv,validation_sample,high_material_24_32+quiet,,,,g1h3,5,7204,0.4039600169926416,g1h3,-10,-10,0.498,0.498,0.0,0.0,0.0,0.0,False,False,False,0.0
validation_0285,r5r1/pp5k/7p/2bb4/3N1PP1/1PP5/P4NP1/3RR1K1 b - -,training/data/samples/lichess_validation_250k.csv,validation_sample,middle_17_23+capture_rich,,,,a8e8,5,32134,1.5903381730022375,a8e8,-409,-409,0.0,0.0,0.0,0.0,0.0,0.0,False,False,False,0.0
pgn_nn_vs_material_g14_p49,3rr3/Bkp2p1R/1pb5/8/1n5P/N7/PPP1P2P/R3K3 w - - 1 25,/home/rohanhs568/code/aichessathon-starter/nn_vs_material.pgn,pgn,middle_17_23+capture_available,14,49,c2c3,a1d1,5,12583,0.6301499620021787,a7b6,-143,-153,0.037,0.0215,10.0,10.0,0.0155,0.0155,False,False,False,0.175
validation_0294,2r1r3/1p2bk2/p4p1p/3b2p1/1P1P3P/P3BN2/5PP1/2R1R1K1 w - -,training/data/samples/lichess_validation_250k.csv,validation_sample,middle_17_23+capture_rich,,,,h4g5,5,28022,1.4029238449875265,h4g5,-40,-40,0.485,0.485,0.0,0.0,0.0,0.0,False,False,False,0.0
pgn_v1_1_vs_v1_g2_p73,8/5p2/5k2/5r2/8/Rb6/6P1/6K1 b - - 3 37,/home/rohanhs568/code/aichessathon-starter/v1_1_vs_v1.pgn,pgn,endgame_2_10+quiet,2,73,b3c4,f5b5,5,11608,0.3770457739883568,b3d5,+377,+368,1.0,1.0,9.0,9.0,0.0,0.0,False,False,False,0.018
validation_0219,6r1/1p1bn1rp/p4p1k/3p4/3Pp2p/1NP1R3/PP3PPK/5BR1 b - -,training/data/samples/lichess_validation_250k.csv,validation_sample,middle_17_23+capture_available,,,,f6f5,5,20936,1.0426767729804851,f6f5,+233,+233,1.0,1.0,0.0,0.0,0.0,0.0,False,False,False,0.0
pgn_v1_1_vs_v1_g19_p45,1k6/4n3/8/2K5/1PN5/8/8/8 w - - 17 23,/home/rohanhs568/code/aichessathon-starter/v1_1_vs_v1.pgn,pgn,endgame_2_10+quiet,19,45,b4b5,b4b5,5,3357,0.10153658498893492,b4b5,+18,+18,0.5035,0.5035,0.0,0.0,0.0,0.0,False,False,False,0.0
validation_0029,8/8/8/p1R5/7p/4k2K/r7/8 b - -,training/data/samples/lichess_validation_250k.csv,validation_sample,endgame_2_10+quiet,,,,a2a4,5,5920,0.19681479199789464,e3d4,+109,+71,0.8145,0.575,38.0,38.0,0.23950000000000005,0.23950000000000005,False,False,False,2.4710000000000005
pgn_v1_1_vs_v1_g2_p12,2r1r2k/pb1n1pp1/8/1Np2Bq1/3p4/1P2P3/PBQ2PPb/3R1R1K w - - 0 7,/home/rohanhs568/code/aichessathon-starter/v1_1_vs_v1.pgn,pgn,high_material_24_32+capture_rich,2,12,f2f3,f2f3,5,49553,2.9815304380026646,f5h3,-228,-301,0.001,0.0,73.0,73.0,0.001,0.001,False,False,False,0.156
pgn_nn_vs_stockfish_2000_g2_p162,8/8/3k1P2/7K/8/6r1/5R2/8 b - - 0 81,/home/rohanhs568/code/aichessathon-starter/nn_vs_stockfish_2000.pgn,pgn,endgame_2_10+quiet,2,162,d6e6,g3h3,5,4316,0.1641426549758762,g3h3,-499,-499,0.0,0.0,0.0,0.0,0.0,0.0,False,False,False,0.0
pgn_nn_vs_material_g20_p23,2kr3r/ppp2ppp/2n5/2bp1b2/4p1nq/7N/PPPPPPPP/RNBQKB1R w KQ - 8 12,/home/rohanhs568/code/aichessathon-starter/nn_vs_material.pgn,pgn,high_material_24_32+quiet,20,23,g2g3,g2g3,5,21773,1.4051592689938843,g2g3,-465,-465,0.0,0.0,0.0,0.0,0.0,0.0,False,False,False,0.0
pgn_nn_vs_material_g6_p41,2kr2r1/ppp2pp1/5q2/3n1b1p/4P1n1/6P1/PPPQP2P/R3KB1R w KQ - 1 21,/home/rohanhs568/code/aichessathon-starter/nn_vs_material.pgn,pgn,high_material_24_32+capture_available,6,41,e4f5,e1c1,5,15280,0.8851691829913761,e4d5,-668,-723,0.0,0.0,55.0,55.0,0.0,0.0,False,False,False,0.11
suite_0014,r4rk1/1bp1q1pp/1p2p3/p2pPp2/P3nP2/1P1BP2R/1BP1Q1PP/R5K1 b - - 0 1,training/data/test_fens_60.txt,fen_suite,high_material_24_32+quiet,,,,h7h6,5,36563,2.17630101100076,e7e8,+24,-32,0.512,0.4815,56.0,56.0,0.030500000000000027,0.030500000000000027,False,False,False,0.41700000000000026
suite_0036,3qk2r/3rbppp/p1p2n2/8/3p4/4B3/PPP1QPPP/RN1R2K1 w k - 0 1,training/data/test_fens_60.txt,fen_suite,high_material_24_32+capture_available,,,,e3f4,5,25768,1.5035569719912019,e3g5,+35,+34,0.5175,0.5165,1.0,1.0,0.0010000000000000009,0.0010000000000000009,False,False,False,0.012000000000000009
pgn_v1_1_vs_v1_g11_p9,8/1b4k1/p2p4/Pp1P2p1/1P1rB3/1R4KP/8/8 w - - 5 5,/home/rohanhs568/code/aichessathon-starter/v1_1_vs_v1.pgn,pgn,late_11_16+quiet,11,9,e4b1,e4b1,5,7532,0.3327503599866759,e4g2,-35,-248,0.4885,0.0,213.0,213.0,0.4885,0.4885,False,False,False,5.311
pgn_nn_vs_material_g1_p32,rnbqkbnr/pppPp1pp/8/1Q4B1/2B3P1/2N2N1P/PPP2P2/2KR3R b q - 0 16,/home/rohanhs568/code/aichessathon-starter/nn_vs_material.pgn,pgn,high_material_24_32+in_check,1,32,b8d7,b8d7,5,12399,0.8143835230148397,c8d7,-769,-834,0.0,0.0,65.0,65.0,0.0,0.0,False,False,False,0.13
pgn_nn_vs_material_g15_p16,rnbqkb1r/pppppppp/7n/1N1P4/4P3/5N1P/PPP1QPP1/R1B1KB1R b KQq - 2 8,/home/rohanhs568/code/aichessathon-starter/nn_vs_material.pgn,pgn,high_material_24_32+quiet,15,16,h8g8,a7a6,5,10173,0.5807685349718668,d7d6,-230,-246,0.005,0.003,16.0,16.0,0.002,0.002,False,False,False,0.052000000000000005
validation_0194,5k2/R4p1p/6p1/pr6/7P/5PK1/6P1/8 b - -,training/data/samples/lichess_validation_250k.csv,validation_sample,late_11_16+quiet,,,,h7h5,5,7417,0.2565615719940979,h7h5,+1,+1,0.5005,0.5005,0.0,0.0,0.0,0.0,False,False,False,0.0
validation_0093,R7/7k/8/pr2B1p1/8/8/5P2/5K2 w - -,training/data/samples/lichess_validation_250k.csv,validation_sample,endgame_2_10+capture_available,,,,e5c3,5,9398,0.3525125570013188,a8a7,+356,+356,1.0,1.0,0.0,0.0,0.0,0.0,False,False,False,0.0
validation_0221,rq3k1r/p1pQ1pp1/6b1/6Pp/5n1P/2P2P2/P1P5/2KR1BNR w - -,training/data/samples/lichess_validation_250k.csv,validation_sample,middle_17_23+capture_available,,,,d7d4,5,18896,1.0376946780015714,g1h3,+168,+137,0.9855,0.936,31.0,31.0,0.04949999999999999,0.04949999999999999,False,False,False,0.5569999999999999
validation_0272,4k2r/p4pRp/bp2pn2/2p1N3/1N1r4/P3KP2/1P5P/R7 b k -,training/data/samples/lichess_validation_250k.csv,validation_sample,middle_17_23+capture_available,,,,a6b5,5,22547,1.2757215079909656,a6b5,+208,+208,0.999,0.999,0.0,0.0,0.0,0.0,False,False,False,0.0
validation_0215,r1b2rk1/5pp1/1pp4p/p3p3/P1B1n3/4PN1P/1PP3P1/3RK1R1 b - -,training/data/samples/lichess_validation_250k.csv,validation_sample,middle_17_23+capture_available,,,,f8e8,5,15611,0.7875125790014863,f8e8,+87,+87,0.6575,0.6575,0.0,0.0,0.0,0.0,False,False,False,0.0
validation_0378,rnbqkb1r/p1p2pp1/1p1p1n1p/1B2p3/4P3/2N2N2/PPPP1PPP/R1BQ1RK1 b kq -,training/data/samples/lichess_validation_250k.csv,validation_sample,high_material_24_32+in_check,,,,c7c6,5,6882,0.4285383519891184,c7c6,-9,-9,0.491,0.491,0.0,0.0,0.0,0.0,False,False,False,0.0
validation_0310,r4rk1/2p2pp1/p3p2p/qpQn4/3P4/4PN2/PPR1KPPP/7R w - -,training/data/samples/lichess_validation_250k.csv,validation_sample,high_material_24_32+capture_rich,,,,a2a3,5,26831,1.4907480910187587,h1a1,+164,+106,0.9835,0.791,58.0,58.0,0.1925,0.1925,False,False,False,2.041
validation_0197,b3k3/3r4/p2p2p1/3P2pp/2BK4/PP4P1/5P2/4R3 b - -,training/data/samples/lichess_validation_250k.csv,validation_sample,late_11_16+in_check,,,,e8f7,5,5768,0.24459178597317077,e8f8,-223,-240,0.0005,0.0,17.0,17.0,0.0005,0.0005,False,False,False,0.039
pgn_v1_1_vs_v1_g13_p75,8/1k1K4/6p1/6P1/3B4/3r4/p7/8 w - - 7 38,/home/rohanhs568/code/aichessathon-starter/v1_1_vs_v1.pgn,pgn,endgame_2_10+quiet,13,75,d7e7,d7e7,5,2002,0.07777142900158651,d7e6,#-10,#-10,0.0,0.0,0.0,0.0,0.0,0.0,False,False,False,0.0
pgn_nn_vs_material_g2_p7,r1bqkbnr/ppp2ppp/2n5/3pp3/8/7N/PPPPPPPP/RNBQKB1R w KQkq - 2 4,/home/rohanhs568/code/aichessathon-starter/nn_vs_material.pgn,pgn,high_material_24_32+quiet,2,7,h3g1,g2g3,5,12957,0.7749043939984404,c2c3,-168,-178,0.041,0.0295,10.0,10.0,0.011500000000000003,0.011500000000000003,False,False,False,0.13500000000000004
validation_0301,rnb1k2r/ppp1Bp1p/3b2p1/3N4/6n1/5N2/PPP2PPP/2KR1B1R b - -,training/data/samples/lichess_validation_250k.csv,validation_sample,high_material_24_32+capture_rich,,,,d6e7,5,10835,0.6793827959918417,d6e7,-186,-186,0.0045,0.0045,0.0,0.0,0.0,0.0,False,False,False,0.0
pgn_nn_vs_stockfish_full_g6_p42,1r4k1/4qpp1/p6p/2pBB3/Pp2PPb1/3Q4/1KP3PP/3R3R b - - 1 21,/home/rohanhs568/code/aichessathon-starter/nn_vs_stockfish_full.pgn,pgn,middle_17_23+capture_available,6,42,b4b3,b8c8,5,70287,3.524424839008134,e7e8,-692,-670,0.0,0.0,-22.0,0.0,0.0,0.0,False,False,False,0.0
validation_0322,r1bqk2r/pp2bppp/2n1pn2/3p4/3P4/2PB4/PP1NNPPP/R1BQ1RK1 b kq -,training/data/samples/lichess_validation_250k.csv,validation_sample,high_material_24_32+capture_available,,,,e7d6,5,34810,1.9868070539960172,e6e5,-26,-51,0.4755,0.433,25.0,25.0,0.04249999999999998,0.04249999999999998,False,False,False,0.4749999999999998
pgn_nn_vs_stockfish_2000_g8_p31,1n1qr1k1/1p3ppp/1b6/3p1b2/8/2P1PN1n/RB1NB1PP/4QRK1 w - - 2 16,/home/rohanhs568/code/aichessathon-starter/nn_vs_stockfish_2000.pgn,pgn,high_material_24_32+in_check,8,31,g1h1,g1h1,5,17332,0.7767448439844884,g1h1,+379,+379,1.0,1.0,0.0,0.0,0.0,0.0,False,False,False,0.0
pgn_v1_1_vs_v1_g8_p89,8/6p1/8/8/2R5/Kp3k2/p7/r7 w - - 1 45,/home/rohanhs568/code/aichessathon-starter/v1_1_vs_v1.pgn,pgn,endgame_2_10+capture_available,8,89,a3b3,a3b3,5,3220,0.13484139801585115,c4c3,-519,-498,0.0,0.0,-21.0,0.0,0.0,0.0,False,False,False,0.0
validation_0041,8/5k2/8/pp4RP/3r1K2/1P5P/P7/8 w - -,training/data/samples/lichess_validation_250k.csv,validation_sample,endgame_2_10+in_check,,,,f4e5,5,2754,0.11122493998846039,f4e3,+298,+299,1.0,1.0,-1.0,0.0,0.0,0.0,False,False,False,0.0
validation_0206,4r1k1/1p3p2/2N3p1/q2pb1p1/8/P3P2P/1QR2PP1/5BK1 b - -,training/data/samples/lichess_validation_250k.csv,validation_sample,middle_17_23+capture_available,,,,b7c6,5,11825,0.6458538050064817,b7c6,-10,-10,0.498,0.498,0.0,0.0,0.0,0.0,False,False,False,0.0
pgn_nn_vs_material_g1_p52,r1bqkb1r/pppnp1pp/4R2B/1N1QNP2/2B3P1/P6P/1PP5/1K1R4 b - - 0 26,/home/rohanhs568/code/aichessathon-starter/nn_vs_material.pgn,pgn,high_material_24_32+capture_available,1,52,g7h6,a8b8,4,104192,6.013482279988239,a7a6,-888,-1046,0.0,0.0,158.0,158.0,0.0,0.0,False,False,False,0.316
pgn_nn_vs_stockfish_2000_g2_p170,5Q2/8/4k3/8/5K2/7r/5R2/8 b - - 0 85,/home/rohanhs568/code/aichessathon-starter/nn_vs_stockfish_2000.pgn,pgn,endgame_2_10+quiet,2,170,h3h4,h3h4,5,3579,0.12627080400125124,h3h4,-1022,-1022,0.0,0.0,0.0,0.0,0.0,0.0,False,False,False,0.0
validation_0022,R7/8/8/4r3/7P/1Bk5/p4PP1/6K1 b - -,training/data/samples/lichess_validation_250k.csv,validation_sample,endgame_2_10+capture_available,,,,c3b3,5,4588,0.19478846399579197,c3b3,+38,+38,0.5125,0.5125,0.0,0.0,0.0,0.0,False,False,False,0.0
validation_0317,r1b1k2r/1pq1np1p/p3p1p1/2p5/P1BbNP2/3P4/1PP3PP/R1BQK2R w KQkq -,training/data/samples/lichess_validation_250k.csv,validation_sample,high_material_24_32+capture_available,,,,c2c3,5,40870,2.5162836959934793,c2c3,+17,+17,0.5105,0.5105,0.0,0.0,0.0,0.0,False,False,False,0.0
pgn_nn_vs_material_g4_p69,1k4r1/8/1pb5/8/4r2P/N1P1n1KP/PP2PR2/R7 w - - 3 35,/home/rohanhs568/code/aichessathon-starter/nn_vs_material.pgn,pgn,late_11_16+in_check,4,69,g3f3,g3h2,5,4572,0.2380444229929708,g3h2,-508,-508,0.0,0.0,0.0,0.0,0.0,0.0,False,False,False,0.0
validation_0108,8/p1pr1k2/4p2P/8/8/8/P1P2PP1/6K1 b - -,training/data/samples/lichess_validation_250k.csv,validation_sample,late_11_16+quiet,,,,f7g6,5,6705,0.27103304900811054,d7d1,+587,+581,1.0,1.0,6.0,6.0,0.0,0.0,False,False,False,0.012
suite_0058,8/3R4/8/5r2/3k4/3p4/P5KP/8 b - - 0 1,training/data/test_fens_60.txt,fen_suite,endgame_2_10+in_check,,,,f5d5,5,5238,0.18176182699971832,d4c3,+34,-653,0.51,0.0,687.0,687.0,0.51,0.51,False,False,False,6.474
pgn_nn_vs_material_g9_p71,1r3k1r/p5b1/1p3nQn/6P1/2p5/P6P/KPP2P2/6q1 w - - 3 36,/home/rohanhs568/code/aichessathon-starter/nn_vs_material.pgn,pgn,middle_17_23+capture_rich,9,71,c2c3,h3h4,5,17062,0.7711395400110632,f2f4,-811,-851,0.0,0.0,40.0,40.0,0.0,0.0,False,False,False,0.08
validation_0060,8/2k5/8/4n3/8/5P1P/3K2P1/8 w - -,training/data/samples/lichess_validation_250k.csv,validation_sample,endgame_2_10+quiet,,,,d2e3,5,2594,0.08099851498263888,d2e3,+50,+50,0.525,0.525,0.0,0.0,0.0,0.0,False,False,False,0.0
validation_0114,2r5/p4p1k/2r5/5p1p/1p6/4P3/PB1K2P1/2b2R2 w - -,training/data/samples/lichess_validation_250k.csv,validation_sample,late_11_16+in_check,,,,b2c1,5,4152,0.17159199001616798,b2c1,-616,-616,0.0,0.0,0.0,0.0,0.0,0.0,False,False,False,0.0
pgn_v1_1_vs_v1_g7_p101,8/8/1p6/1Q1K2RP/3P4/8/2k1n2r/8 w - - 3 51,/home/rohanhs568/code/aichessathon-starter/v1_1_vs_v1.pgn,pgn,endgame_2_10+capture_available,7,101,b5a4,d5c4,5,21908,0.7717792219773401,b5c4,+612,+599,1.0,1.0,13.0,13.0,0.0,0.0,False,False,False,0.026
validation_0030,8/7p/RP4pk/8/P7/7P/1rr5/7K w - -,training/data/samples/lichess_validation_250k.csv,validation_sample,endgame_2_10+quiet,,,,b6b7,5,741,0.032386747014243156,a4a5,#-1,#-1,0.0,0.0,0.0,0.0,0.0,0.0,False,False,False,0.0
validation_0100,8/8/1K6/B7/k2p3P/3B4/P1P3N1/5N2 w - -,training/data/samples/lichess_validation_250k.csv,validation_sample,endgame_2_10+quiet,,,,b6c5,5,23559,0.772178008017363,f1d2,+1243,+1051,1.0,1.0,192.0,192.0,0.0,0.0,False,False,False,0.384
pgn_nn_vs_material_g4_p78,1k3r2/8/1pb1r3/6K1/7P/N1P1n2P/PP2PR2/R7 b - - 12 39,/home/rohanhs568/code/aichessathon-starter/nn_vs_material.pgn,pgn,late_11_16+capture_available,4,78,f8f2,f8f2,5,5497,0.2863106059958227,f8f2,+806,+806,1.0,1.0,0.0,0.0,0.0,0.0,False,False,False,0.0
pgn_nn_vs_stockfish_2000_g7_p105,1k1q1r2/1p1P4/6p1/2pR3p/p6P/2P5/8/K7 w - - 0 53,/home/rohanhs568/code/aichessathon-starter/nn_vs_stockfish_2000.pgn,pgn,late_11_16+capture_available,7,105,d5d1,d5d1,5,6591,0.2785608829872217,d5d6,-675,-739,0.0,0.0,64.0,64.0,0.0,0.0,False,False,False,0.128
validation_0062,K7/8/2B2kq1/8/3Q4/1B6/8/8 b - -,training/data/samples/lichess_validation_250k.csv,validation_sample,endgame_2_10+in_check,,,,f6e7,5,6328,0.23638728400692344,f6g5,-265,-323,0.0,0.0,58.0,58.0,0.0,0.0,False,False,False,0.116
validation_0158,2r2k2/5pp1/4p1p1/5n2/8/1B3P1P/PP3KP1/3R4 w - -,training/data/samples/lichess_validation_250k.csv,validation_sample,late_11_16+capture_available,,,,g2g4,5,5883,0.23529702200903557,g2g4,+218,+218,0.9995,0.9995,0.0,0.0,0.0,0.0,False,False,False,0.0
suite_0031,r4rk1/pp3ppp/6q1/3Ppb2/4N3/P2R1P2/1PQ3PP/1K2R3 b - - 0 1,training/data/test_fens_60.txt,fen_suite,middle_17_23+capture_available,,,,f8c8,5,24292,1.350155630003428,a8c8,-6,-24,0.4985,0.4925,18.0,18.0,0.006000000000000005,0.006000000000000005,False,False,False,0.09600000000000006
validation_0078,5k2/8/6p1/3K1p2/5P2/1P1Bb3/8/8 w - -,training/data/samples/lichess_validation_250k.csv,validation_sample,endgame_2_10+capture_available,,,,b3b4,5,5551,0.18964714801404625,d5e6,0,-14,0.5,0.4975,14.0,14.0,0.0025000000000000022,0.0025000000000000022,False,False,False,0.05300000000000002
validation_0018,8/8/p7/Pk6/1P5p/6r1/1K6/8 b - -,training/data/samples/lichess_validation_250k.csv,validation_sample,endgame_2_10+capture_available,,,,b5b4,5,6187,0.2225806759961415,h4h3,#+8,#+7,1.0,1.0,-1.0,0.0,0.0,0.0,False,False,False,0.0
pgn_nn_vs_stockfish_2000_g1_p140,8/8/p7/K2k1p2/8/3p4/1q6/8 b - - 11 70,/home/rohanhs568/code/aichessathon-starter/nn_vs_stockfish_2000.pgn,pgn,endgame_2_10+quiet,1,140,b2b5,b2b5,5,6848,0.227465501986444,b2b5,#+1,#+1,1.0,1.0,0.0,0.0,0.0,0.0,False,False,False,0.0
validation_0399,1brr4/4qpk1/2p1bpp1/pn6/2NPP3/1P3BPp/1QN2P1P/2R1R1K1 b - -,training/data/samples/lichess_validation_250k.csv,validation_sample,high_material_24_32+capture_rich,,,,b8a7,5,33785,1.8269276549981441,e6c4,+193,+118,0.9925,0.8475,75.0,75.0,0.14500000000000002,0.14500000000000002,False,False,False,1.6
validation_0226,r3r1k1/1p1n1pp1/5n1p/4P3/2Np2b1/P5P1/3b2BP/R3R2K w - -,training/data/samples/lichess_validation_250k.csv,validation_sample,middle_17_23+capture_available,,,,c4d2,5,18385,0.9814769600052387,c4d2,-507,-507,0.0,0.0,0.0,0.0,0.0,0.0,False,False,False,0.0
validation_0342,r4rk1/1p3pbp/p2n3q/2Npn1p1/P2N4/1P3PPb/2P2BB1/1R1QR1K1 w - -,training/data/samples/lichess_validation_250k.csv,validation_sample,high_material_24_32+capture_rich,,,,c5d3,5,42776,2.3823084039904643,c5d3,-101,-101,0.245,0.245,0.0,0.0,0.0,0.0,False,False,False,0.0
validation_0088,6R1/8/1k5p/8/1K4r1/8/8/8 w - -,training/data/samples/lichess_validation_250k.csv,validation_sample,endgame_2_10+in_check,,,,g8g4,5,2054,0.056451190990628675,g8g4,+563,+563,1.0,1.0,0.0,0.0,0.0,0.0,False,False,False,0.0
pgn_nn_vs_material_g13_p73,1r3k1r/p4nb1/1p3nQ1/6P1/2p5/P1P4P/KP3P2/6q1 w - - 1 37,/home/rohanhs568/code/aichessathon-starter/nn_vs_material.pgn,pgn,middle_17_23+capture_rich,13,73,g6f5,g6f5,5,20040,0.8501266409875825,h3h4,-842,-1032,0.0,0.0,190.0,190.0,0.0,0.0,False,False,False,0.38
pgn_v1_1_vs_v1_g3_p36,r4k2/p4p1B/2pPb3/4n2N/8/2P2P2/R1PQ1KPP/8 b - - 2 18,/home/rohanhs568/code/aichessathon-starter/v1_1_vs_v1.pgn,pgn,middle_17_23+capture_available,3,36,e6a2,e6a2,5,6109,0.27834999197511934,e5d7,-897,#-3,0.0,0.0,99100.0,99100.0,0.0,0.0,True,False,False,7.0
pgn_nn_vs_material_g18_p67,7R/1kp2p2/8/K7/2b1P2P/7P/PP6/RN3r2 w - - 3 34,/home/rohanhs568/code/aichessathon-starter/nn_vs_material.pgn,pgn,late_11_16+quiet,18,67,h8f8,b1a3,5,3239,0.14335679699433967,b1d2,+605,+579,1.0,1.0,26.0,26.0,0.0,0.0,False,False,False,0.052
validation_0386,1rbqk2r/ppp2ppp/2nbpn2/3p4/3P1B2/2N1PP2/PPPQN1PP/R3KB1R w KQk -,training/data/samples/lichess_validation_250k.csv,validation_sample,high_material_24_32+capture_available,,,,g2g4,5,32536,2.1371656299743336,f4d6,+28,+30,0.531,0.533,-2.0,0.0,-0.0020000000000000018,0.0,False,False,False,0.0
pgn_nn_vs_stockfish_full_g6_p39,1r4k1/2p1qpp1/p6p/3B4/Pp2PPb1/3QB3/1KP3PP/3R3R w - - 1 20,/home/rohanhs568/code/aichessathon-starter/nn_vs_stockfish_full.pgn,pgn,middle_17_23+capture_available,6,39,e3d4,d3a6,5,101043,4.862812623992795,e3d4,+637,+585,1.0,1.0,52.0,52.0,0.0,0.0,False,False,False,0.104
pgn_nn_vs_material_g16_p47,2krr3/ppp2ppp/8/8/3n3P/1K5b/PPP4P/RNB4R w - - 6 24,/home/rohanhs568/code/aichessathon-starter/nn_vs_material.pgn,pgn,middle_17_23+in_check,16,47,b3c3,b3c3,5,8969,0.40007515001343563,b3c4,-688,-663,0.0,0.0,-25.0,0.0,0.0,0.0,False,False,False,0.0
validation_0028,2r5/6n1/8/6p1/1K3k2/1P6/2P4n/8 b - -,training/data/samples/lichess_validation_250k.csv,validation_sample,endgame_2_10+capture_available,,,,g5g4,5,43812,1.2249967679963447,c8c2,+773,+881,1.0,1.0,-108.0,0.0,0.0,0.0,False,False,False,0.0
pgn_nn_vs_material_g7_p77,1r3k1r/p5b1/1p3nQ1/8/2p5/P1P4n/KP3P2/6q1 w - - 0 39,/home/rohanhs568/code/aichessathon-starter/nn_vs_material.pgn,pgn,late_11_16+capture_available,7,77,g6g1,g6f5,5,20361,0.7902939509949647,g6f5,-951,-951,0.0,0.0,0.0,0.0,0.0,0.0,False,False,False,0.0
suite_0030,6k1/1p2qpp1/2pn3p/3p1b1P/p2P1Q1N/P1P5/1P3PP1/5BK1 b - - 0 1,training/data/test_fens_60.txt,fen_suite,middle_17_23+capture_available,,,,f5c2,5,15091,0.7282027629844379,f5b1,0,-8,0.5,0.4985,8.0,8.0,0.0015000000000000013,0.0015000000000000013,False,False,False,0.031000000000000014
pgn_nn_vs_stockfish_2000_g9_p45,r1k4r/2pn2bp/b1p3q1/N4pB1/PP2p3/2P2N1Q/5PPP/R3R1K1 w - - 0 23,/home/rohanhs568/code/aichessathon-starter/nn_vs_stockfish_2000.pgn,pgn,high_material_24_32+capture_rich,9,45,a1d1,a1d1,5,28657,1.7126503149920609,g5f4,+157,+34,0.966,0.522,123.0,123.0,0.44399999999999995,0.44399999999999995,False,False,True,5.686
pgn_v1_1_vs_v1_g16_p23,8/2p5/3p3k/3P1K1P/B7/8/1b6/8 b - - 3 12,/home/rohanhs568/code/aichessathon-starter/v1_1_vs_v1.pgn,pgn,endgame_2_10+capture_available,16,23,h6h5,h6h5,5,3069,0.09961065300740302,b2e5,0,0,0.5,0.5,0.0,0.0,0.0,0.0,False,False,False,0.0
validation_0394,1qrr2k1/1b2bpp1/4p2p/p1p1P1n1/PpB1P3/1P1N1P2/4QBPP/2RR2K1 w - -,training/data/samples/lichess_validation_250k.csv,validation_sample,high_material_24_32+capture_rich,,,,h2h3,5,64959,3.719223284017062,h2h4,+210,+163,0.9955,0.9695,47.0,47.0,0.026000000000000023,0.026000000000000023,False,False,False,0.3540000000000002
pgn_v1_1_vs_v1_g12_p34,Q7/8/3p4/5kp1/8/1K5P/8/8 b - - 0 17,/home/rohanhs568/code/aichessathon-starter/v1_1_vs_v1.pgn,pgn,endgame_2_10+quiet,12,34,f5f4,f5f4,5,9597,0.27112554700579494,f5g6,-617,-643,0.0,0.0,26.0,26.0,0.0,0.0,False,False,False,0.052
validation_0204,4k1nr/4bpp1/4p3/pp1pP2p/2PP4/8/P3RPPP/1N4K1 b k -,training/data/samples/lichess_validation_250k.csv,validation_sample,middle_17_23+capture_available,,,,d5c4,5,9287,0.4401500300155021,d5c4,+531,+531,1.0,1.0,0.0,0.0,0.0,0.0,False,False,False,0.0
pgn_nn_vs_stockfish_2000_g9_p64,R7/1kp5/6N1/5pp1/PP6/3p4/5PPP/6K1 b - - 0 32,/home/rohanhs568/code/aichessathon-starter/nn_vs_stockfish_2000.pgn,pgn,late_11_16+capture_available,9,64,c7c5,b7a8,5,1288,0.053509094985201955,b7a8,-667,-667,0.0,0.0,0.0,0.0,0.0,0.0,False,False,False,0.0
validation_0263,r6r/1b1k4/p4B1p/5N2/2p5/2N5/PPP2bPP/2K2R2 b - -,training/data/samples/lichess_validation_250k.csv,validation_sample,middle_17_23+capture_available,,,,h8f8,5,9481,0.502687803003937,h8f8,-8,-8,0.4985,0.4985,0.0,0.0,0.0,0.0,False,False,False,0.0
validation_0349,r1b1k1nr/ppqp1ppp/2nbp3/2p5/4PP2/2NP1NP1/PPP4P/R1BQKB1R b KQkq -,training/data/samples/lichess_validation_250k.csv,validation_sample,high_material_24_32+capture_available,,,,d6e7,5,18930,1.1662217789853457,d6e7,-66,-66,0.3865,0.3865,0.0,0.0,0.0,0.0,False,False,False,0.0
pgn_v1_1_vs_v1_g7_p115,8/8/1p1K4/3Q2RP/8/4k3/4n2r/8 w - - 2 58,/home/rohanhs568/code/aichessathon-starter/v1_1_vs_v1.pgn,pgn,endgame_2_10+quiet,7,115,d5e5,d5e5,5,8583,0.3407658679934684,d5e5,+885,+885,1.0,1.0,0.0,0.0,0.0,0.0,False,False,False,0.0
pgn_v1_1_vs_v1_g19_p33,1n6/1k6/8/8/1P1N4/1K6/8/8 w - - 5 17,/home/rohanhs568/code/aichessathon-starter/v1_1_vs_v1.pgn,pgn,endgame_2_10+quiet,19,33,d4b5,b3b2,5,4519,0.13151701801689342,d4e6,+6,+3,0.501,0.5005,3.0,3.0,0.000500000000000056,0.000500000000000056,False,False,False,0.01100000000000056
validation_0277,3r3r/1k3p2/1Bq1p3/p2pPp2/P2Q1P2/2P3P1/1P4K1/R4R2 b - -,training/data/samples/lichess_validation_250k.csv,validation_sample,middle_17_23+capture_available,,,,c6b6,5,21781,1.1553048659989145,c6b6,-27,-27,0.4925,0.4925,0.0,0.0,0.0,0.0,False,False,False,0.0
pgn_nn_vs_material_g20_p6,rnbqkbnr/ppp2ppp/8/3pp3/8/7N/PPPPPPPP/RNBQKB1R b KQkq - 1 3,/home/rohanhs568/code/aichessathon-starter/nn_vs_material.pgn,pgn,high_material_24_32+capture_available,20,6,b8c6,g8f6,5,37775,2.290395952994004,b8c6,+175,+178,0.9675,0.9705,-3.0,0.0,-0.0030000000000000027,0.0,False,False,False,0.0
pgn_nn_vs_material_g13_p30,r1bq3r/p1ppkpbp/np4pn/1N2P1N1/5B2/7P/PPP1QPP1/1K1R1B1R b - - 1 15,/home/rohanhs568/code/aichessathon-starter/nn_vs_material.pgn,pgn,high_material_24_32+capture_available,13,30,a6c5,a6c5,5,36517,2.254763521021232,c8b7,-419,-424,0.0,0.0,5.0,5.0,0.0,0.0,False,False,False,0.01
validation_0212,2r1r1k1/pQ3p1p/6p1/4qb2/7P/4B3/P1P2PP1/1R2K2R b - -,training/data/samples/lichess_validation_250k.csv,validation_sample,middle_17_23+capture_available,,,,c8c2,5,49043,2.6313811209984124,c8b8,+508,+347,1.0,1.0,161.0,161.0,0.0,0.0,False,False,False,0.322
pgn_v1_1_vs_v1_g4_p32,r1b2kBQ/p4p2/3q1n2/3p4/8/1P3PN1/P2P2PP/2R4K b - - 0 16,/home/rohanhs568/code/aichessathon-starter/v1_1_vs_v1.pgn,pgn,middle_17_23+capture_available,4,32,f6g8,f6g8,5,15350,0.6541725120041519,f6g8,-28,-28,0.4925,0.4925,0.0,0.0,0.0,0.0,False,False,False,0.0
validation_0046,5n2/6k1/3Q1b2/q7/8/p4P2/6PP/7K b - -,training/data/samples/lichess_validation_250k.csv,validation_sample,endgame_2_10+quiet,,,,a5e1,5,1045,0.04737481300253421,a5e1,#+1,#+1,1.0,1.0,0.0,0.0,0.0,0.0,False,False,False,0.0
pgn_nn_vs_stockfish_2000_g7_p16,rnbk1b1r/pp1pqp1p/5np1/2pP2B1/8/2N5/PPP1QPPP/2KR1BNR b - - 7 8,/home/rohanhs568/code/aichessathon-starter/nn_vs_stockfish_2000.pgn,pgn,high_material_24_32+capture_available,7,16,d7d6,d7d6,5,18909,1.1735414229915477,d7d6,-471,-471,0.0,0.0,0.0,0.0,0.0,0.0,False,False,False,0.0
pgn_nn_vs_stockfish_2000_g6_p46,1r4k1/p4p1p/2bb1p2/3p4/P7/1B2P3/1rP3PP/3RBK1R b - - 1 23,/home/rohanhs568/code/aichessathon-starter/nn_vs_stockfish_2000.pgn,pgn,middle_17_23+capture_rich,6,46,d6c5,d6e5,5,41123,2.1470471669745166,d6e5,+53,+53,0.5305,0.5305,0.0,0.0,0.0,0.0,False,False,False,0.0
validation_0228,4Rrk1/p5p1/7p/q1p5/2Pp2P1/1P3r1P/P3Q1K1/4R3 b - -,training/data/samples/lichess_validation_250k.csv,validation_sample,middle_17_23+capture_rich,,,,a5c3,5,12479,0.6555315630102996,a5c3,+33,+33,0.511,0.511,0.0,0.0,0.0,0.0,False,False,False,0.0
pgn_nn_vs_material_g1_p5,rnbqkbr1/pppppppp/7n/8/3PP3/8/PPP2PPP/RNBQKBNR w KQq - 1 3,/home/rohanhs568/code/aichessathon-starter/nn_vs_material.pgn,pgn,high_material_24_32+capture_available,1,5,b1c3,f1e2,5,33329,2.0028843250183854,b1c3,+217,+212,0.9925,0.9905,5.0,5.0,0.0020000000000000018,0.0020000000000000018,False,False,False,0.03000000000000002
suite_0013,r1bqkbnr/ppp1pppp/2np4/8/8/1PN2N2/P1PPPPPP/R1BQKB1R b KQkq - 0 1,training/data/test_fens_60.txt,fen_suite,high_material_24_32+quiet,,,,d6d5,5,20414,1.2113656980218366,d6d5,-14,-14,0.486,0.486,0.0,0.0,0.0,0.0,False,False,False,0.0
validation_0003,8/6pk/1q5p/8/6P1/4K2P/3R4/8 w - -,training/data/samples/lichess_validation_250k.csv,validation_sample,endgame_2_10+in_check,,,,e3f3,5,8865,0.2949824040115345,e3f3,-440,-440,0.0,0.0,0.0,0.0,0.0,0.0,False,False,False,0.0
validation_0358,r3kb1r/6pp/p2p1p2/q1p1nP2/2p1PB2/2N5/PPPR2PP/2K1Q2R w kq -,training/data/samples/lichess_validation_250k.csv,validation_sample,high_material_24_32+capture_available,,,,e1h4,5,28772,1.658848875988042,e1e2,+319,+256,1.0,1.0,63.0,63.0,0.0,0.0,False,False,False,0.126
validation_0068,8/8/6Q1/5p2/5P2/2Kr2P1/4k2P/8 w - -,training/data/samples/lichess_validation_250k.csv,validation_sample,endgame_2_10+in_check,,,,c3c4,5,2114,0.08134710500598885,c3c4,+550,+550,1.0,1.0,0.0,0.0,0.0,0.0,False,False,False,0.0
pgn_nn_vs_stockfish_2000_g3_p6,rnbqkbnr/ppp2ppp/3p4/4P3/4P3/8/PPP2PPP/RNBQKBNR b KQkq - 0 3,/home/rohanhs568/code/aichessathon-starter/nn_vs_stockfish_2000.pgn,pgn,high_material_24_32+capture_available,3,6,d8e7,d6e5,5,14445,0.9148343489796389,d6e5,-36,-36,0.459,0.459,0.0,0.0,0.0,0.0,False,False,False,0.0
validation_0190,8/3k1r2/p1pP4/2P5/1P6/4B1KR/8/1b6 w - -,training/data/samples/lichess_validation_250k.csv,validation_sample,late_11_16+quiet,,,,h3h6,5,7519,0.2990599589829799,h3h8,+88,+88,0.6665,0.663,0.0,0.0,0.0034999999999999476,0.0034999999999999476,False,False,False,0.034999999999999476
pgn_nn_vs_stockfish_2000_g4_p29,r1b2rk1/pp3ppp/2n1p3/3p2N1/2P2B2/1q2P3/PP1KB1PP/5R1n w - - 0 15,/home/rohanhs568/code/aichessathon-starter/nn_vs_stockfish_2000.pgn,pgn,high_material_24_32+capture_rich,4,29,a2b3,a2b3,5,16059,0.8203235119872261,a2b3,-383,-383,0.0,0.0,0.0,0.0,0.0,0.0,False,False,False,0.0
validation_0240,2kr4/ppp2ppp/2n5/5N2/1P3N2/P5PP/3r1P2/R5K1 b - -,training/data/samples/lichess_validation_250k.csv,validation_sample,middle_17_23+capture_available,,,,d2d1,5,13085,0.6168353419925552,g7g6,+538,+496,1.0,1.0,42.0,42.0,0.0,0.0,False,False,False,0.084
validation_0229,2Rr2k1/p4ppp/5n2/4p1B1/1p1n4/6P1/PP3PBP/3R1K2 b - -,training/data/samples/lichess_validation_250k.csv,validation_sample,middle_17_23+capture_available,,,,d8c8,5,5060,0.22860915897763334,d8c8,+3,+3,0.5005,0.5005,0.0,0.0,0.0,0.0,False,False,False,0.0
validation_0339,rnbqk2r/ppp1bpp1/7p/4p3/4n2P/2NP4/PPP2PP1/R1BQKB1R w KQkq -,training/data/samples/lichess_validation_250k.csv,validation_sample,high_material_24_32+capture_available,,,,d3e4,5,7597,0.48988445597933605,d3e4,-3,-3,0.4975,0.4975,0.0,0.0,0.0,0.0,False,False,False,0.0
validation_0379,rqb2rk1/pp2nppp/4p3/3pP3/1Pn3P1/R2B1N2/1BPQ1P1P/4K2R w K -,training/data/samples/lichess_validation_250k.csv,validation_sample,high_material_24_32+capture_available,,,,d3h7,5,28757,1.692121945990948,d3h7,-10,-10,0.495,0.495,0.0,0.0,0.0,0.0,False,False,False,0.0
pgn_nn_vs_stockfish_full_g2_p16,r1bqkb1r/2ppnpp1/p1n4p/3Np3/Pp2P3/1B3N2/1PPP1PPP/R1BQK2R b KQkq - 1 8,/home/rohanhs568/code/aichessathon-starter/nn_vs_stockfish_full.pgn,pgn,high_material_24_32+capture_available,2,16,e7d5,c8b7,5,23474,1.5311745770159177,e7d5,-83,-120,0.323,0.166,37.0,37.0,0.157,0.157,False,False,False,1.6440000000000001
validation_0369,r4rk1/p1p3pp/2p5/2bqP3/2bP1pQ1/2P2N2/PP4PP/R1B1K2R w KQ -,training/data/samples/lichess_validation_250k.csv,validation_sample,high_material_24_32+capture_rich,,,,f3d2,5,20646,1.297246706992155,e1f2,+45,-110,0.5295,0.19,155.0,155.0,0.33949999999999997,0.33949999999999997,False,False,False,3.7049999999999996
validation_0205,1b6/4qpk1/6p1/1p1P4/p3p2r/1PP2Q1P/P1B3P1/5R1K w - -,training/data/samples/lichess_validation_250k.csv,validation_sample,middle_17_23+capture_rich,,,,f3e3,5,27813,1.435522988991579,d5d6,-253,-272,0.0,0.0,19.0,19.0,0.0,0.0,False,False,False,0.038
validation_0063,8/8/2p2k2/p7/2B2P2/P7/8/6K1 w - -,training/data/samples/lichess_validation_250k.csv,validation_sample,endgame_2_10+quiet,,,,g1f2,5,4413,0.15550416297628544,g1g2,+592,+592,1.0,1.0,0.0,0.0,0.0,0.0,False,False,False,0.0
validation_0091,8/1pk5/p7/8/r4P2/3R4/3K4/8 w - -,training/data/samples/lichess_validation_250k.csv,validation_sample,endgame_2_10+quiet,,,,d2e3,5,10525,0.36800139900879003,d2e3,-25,-25,0.4945,0.4945,0.0,0.0,0.0,0.0,False,False,False,0.0
validation_0027,8/5p2/6p1/p6p/7P/3K2P1/1k3P2/8 w - -,training/data/samples/lichess_validation_250k.csv,validation_sample,endgame_2_10+quiet,,,,f2f3,5,1991,0.06778208701871336,d3d4,-623,-672,0.0,0.0,49.0,49.0,0.0,0.0,False,False,False,0.098
validation_0398,rn1q1rk1/pbp1bpp1/1p2pn1p/3p4/3P3B/4PN2/PPPNBPPP/R2Q1RK1 w - -,training/data/samples/lichess_validation_250k.csv,validation_sample,high_material_24_32+capture_available,,,,a1c1,5,28523,1.6792035170074087,c2c4,+3,-6,0.503,0.4945,9.0,9.0,0.008500000000000008,0.008500000000000008,False,False,False,0.10300000000000008
pgn_nn_vs_material_g7_p79,1r3k1r/p5b1/1p3n2/8/2p5/P1P5/KP3P2/6n1 w - - 0 40,/home/rohanhs568/code/aichessathon-starter/nn_vs_material.pgn,pgn,late_11_16+quiet,7,79,a2b1,a3a4,5,5792,0.2594578620046377,a3a4,-960,-960,0.0,0.0,0.0,0.0,0.0,0.0,False,False,False,0.0
pgn_nn_vs_stockfish_2000_g1_p57,7R/p3k1p1/p2bb3/q1p1pp1B/2Pp4/8/P2N1PPP/2B1R1K1 w - - 6 29,/home/rohanhs568/code/aichessathon-starter/nn_vs_stockfish_2000.pgn,pgn,middle_17_23+capture_available,1,57,h8h7,g2g4,5,26516,1.495655851002084,h8h7,+213,+202,0.9995,0.9985,11.0,11.0,0.0010000000000000009,0.0010000000000000009,False,False,False,0.03200000000000001
validation_0324,2k4r/ppqr1ppp/2pbpnb1/6B1/3PN3/3B3P/PPP2PP1/R2QR1K1 b - -,training/data/samples/lichess_validation_250k.csv,validation_sample,high_material_24_32+capture_available,,,,d6h2,5,12695,0.7750652050017379,f6e4,+65,+45,0.5905,0.542,20.0,20.0,0.04849999999999999,0.04849999999999999,False,False,False,0.5249999999999999
pgn_nn_vs_stockfish_full_g5_p6,rnbqkbnr/ppp2ppp/4p3/3p4/2PP4/4P3/PP3PPP/RNBQKBNR b KQkq - 0 3,/home/rohanhs568/code/aichessathon-starter/nn_vs_stockfish_full.pgn,pgn,high_material_24_32+capture_available,5,6,g8f6,g8f6,5,19718,1.187069537001662,g8f6,-8,-8,0.492,0.492,0.0,0.0,0.0,0.0,False,False,False,0.0
validation_0244,4r1k1/6p1/6Pp/2Rp1p1P/1n1PpP2/pP6/P4B2/1K6 b - -,training/data/samples/lichess_validation_250k.csv,validation_sample,middle_17_23+capture_available,,,,b4d3,5,3410,0.1419836439890787,b4d3,+249,+249,1.0,1.0,0.0,0.0,0.0,0.0,False,False,False,0.0
validation_0089,8/7B/3k4/8/6KP/6P1/8/4b3 w - -,training/data/samples/lichess_validation_250k.csv,validation_sample,endgame_2_10+quiet,,,,h7b1,5,6128,0.1821469150017947,h7e4,+13,+14,0.5025,0.5025,-1.0,0.0,0.0,0.0,False,False,False,0.0
validation_0383,q4rk1/1ppn1pp1/r2pb2p/8/1bPBP1P1/1N3N1P/p1Q1BP2/R4RK1 b - -,training/data/samples/lichess_validation_250k.csv,validation_sample,high_material_24_32+capture_available,,,,c7c5,5,25365,1.655395359994145,c7c5,-185,-185,0.0135,0.0135,0.0,0.0,0.0,0.0,False,False,False,0.0
pgn_nn_vs_stockfish_2000_g1_p31,r1b2b1r/ppq2kp1/5p2/PBppp2p/8/B7/P1PN1PPP/1R1QR1K1 w - - 2 16,/home/rohanhs568/code/aichessathon-starter/nn_vs_stockfish_2000.pgn,pgn,high_material_24_32+capture_available,1,31,c2c4,d2f3,5,74815,4.4346827040135395,d1f3,+389,+262,1.0,0.9995,127.0,127.0,0.0004999999999999449,0.0004999999999999449,False,False,False,0.25899999999999945
pgn_nn_vs_stockfish_2000_g5_p9,r1bqkb1r/pppp1ppp/2n1p3/3nP3/3P4/2N5/PPP2PPP/R1BQKBNR w KQkq - 1 5,/home/rohanhs568/code/aichessathon-starter/nn_vs_stockfish_2000.pgn,pgn,high_material_24_32+capture_available,5,9,c3d5,g1f3,5,27221,1.701677025994286,g1f3,+67,+67,0.617,0.617,0.0,0.0,0.0,0.0,False,False,False,0.0
validation_0013,2k5/4r3/2K5/8/8/7Q/8/8 b - -,training/data/samples/lichess_validation_250k.csv,validation_sample,endgame_2_10+in_check,,,,c8d8,5,2869,0.08758638199651614,c8d8,#-6,#-6,0.0,0.0,0.0,0.0,0.0,0.0,False,False,False,0.0
pgn_v1_1_vs_v1_g4_p39,r1b1k1n1/p4p2/3Q4/3p3N/8/1P3P2/P2q2PP/2R4K w - - 2 20,/home/rohanhs568/code/aichessathon-starter/v1_1_vs_v1.pgn,pgn,middle_17_23+capture_available,4,39,h5g7,h5g7,5,5409,0.2547272329975385,h5g7,#+1,#+1,1.0,1.0,0.0,0.0,0.0,0.0,False,False,False,0.0
validation_0150,8/2p3k1/6p1/p2K4/P3p1Bb/2P1P3/5P2/8 w - -,training/data/samples/lichess_validation_250k.csv,validation_sample,late_11_16+capture_available,,,,f2f4,5,4584,0.1735147239814978,f2f3,+4,+7,0.5005,0.501,-3.0,0.0,-0.000500000000000056,0.0,False,False,False,0.0
suite_0028,1r2rk2/6bR/3pp3/p2R1p2/1pB3P1/1P6/P7/1K6 w - - 0 1,training/data/test_fens_60.txt,fen_suite,late_11_16+capture_rich,,,,d5d6,5,11485,0.5661563489993569,d5d6,-18,-18,0.496,0.496,0.0,0.0,0.0,0.0,False,False,False,0.0
validation_0083,3k4/1P6/B7/1P2K3/8/8/P7/8 b - -,training/data/samples/lichess_validation_250k.csv,validation_sample,endgame_2_10+quiet,,,,d8c7,5,830,0.02751401998102665,d8c7,-694,-694,0.0,0.0,0.0,0.0,0.0,0.0,False,False,False,0.0
pgn_nn_vs_material_g15_p7,rnbqkb1r/pppppppp/7n/8/3PP3/2N5/PPP2PPP/R1BQKBNR w KQq - 3 4,/home/rohanhs568/code/aichessathon-starter/nn_vs_material.pgn,pgn,high_material_24_32+capture_available,15,7,g1f3,g1f3,5,39123,2.3858442780037876,c1h6,+240,+201,0.9965,0.9865,39.0,39.0,0.010000000000000009,0.010000000000000009,False,False,False,0.1780000000000001
validation_0139,4r3/K5p1/3Bkp2/PR2p2p/1p5P/1b4P1/5P2/8 w - -,training/data/samples/lichess_validation_250k.csv,validation_sample,late_11_16+capture_rich,,,,d6b4,5,6534,0.286490002006758,b5b4,0,0,0.5,0.5,0.0,0.0,0.0,0.0,False,False,False,0.0
pgn_v1_1_vs_v1_g21_p36,8/8/2K2k1R/P7/r7/8/6p1/8 b - - 1 18,/home/rohanhs568/code/aichessathon-starter/v1_1_vs_v1.pgn,pgn,endgame_2_10+in_check,21,36,f6g7,f6g7,5,2884,0.10096200701082125,f6g7,+521,+521,1.0,1.0,0.0,0.0,0.0,0.0,False,False,False,0.0
suite_0026,8/4pp2/p5pp/P1RPk3/6PP/5P2/r7/5K2 w - - 0 1,training/data/test_fens_60.txt,fen_suite,late_11_16+quiet,,,,c5c7,5,3868,0.15904413899988867,c5c7,-18,-18,0.4965,0.4965,0.0,0.0,0.0,0.0,False,False,False,0.0
pgn_nn_vs_stockfish_2000_g2_p34,rbbq1rk1/pp3pp1/4P2p/5n2/1P6/P1N2N2/B4KPP/R1BQR3 b - - 0 17,/home/rohanhs568/code/aichessathon-starter/nn_vs_stockfish_2000.pgn,pgn,high_material_24_32+capture_rich,2,34,d8b6,d8b6,5,15506,1.052581633994123,d8f6,-388,-410,0.0,0.0,22.0,22.0,0.0,0.0,False,False,False,0.044
suite_0020,3r1rk1/pb5p/npq1pbp1/5p2/2PBp3/PP2P1N1/B2RQPPP/3R2K1 b - - 0 1,training/data/test_fens_60.txt,fen_suite,high_material_24_32+capture_available,,,,f6d4,5,27088,1.5955561230075546,e6e5,+74,-44,0.622,0.4605,118.0,118.0,0.16149999999999998,0.16149999999999998,False,False,False,1.8509999999999998
pgn_v1_1_vs_v1_g5_p11,r1b2rk1/1pp3p1/2n5/p1p1pp2/2P3pP/1PB1P3/P2P1PP1/RB2K2R w KQ - 0 6,/home/rohanhs568/code/aichessathon-starter/v1_1_vs_v1.pgn,pgn,high_material_24_32+capture_available,5,11,b1c2,f2f3,5,17555,0.9889692149881739,f2f3,+83,+83,0.636,0.636,0.0,0.0,0.0,0.0,False,False,False,0.0
validation_0318,r1b2r2/pp1n2p1/2n1pk2/1N1p2N1/1q1p1P1P/2PQ4/PP4P1/R3K2R b KQ -,training/data/samples/lichess_validation_250k.csv,validation_sample,high_material_24_32+capture_rich,,,,d7c5,5,20420,1.1984358610061463,d7c5,+259,+259,1.0,1.0,0.0,0.0,0.0,0.0,False,False,False,0.0
suite_0003,r1bqr1k1/ppp3p1/2n4p/2p1pp2/2P5/1P1BP3/PB1P1PPP/R2QK2R w KQ - 0 1,training/data/test_fens_60.txt,fen_suite,high_material_24_32+capture_available,,,,d1h5,5,16099,0.9517745369812474,d3c2,+29,+15,0.5155,0.507,14.0,14.0,0.008499999999999952,0.008499999999999952,False,False,False,0.11299999999999952
suite_0016,r2q1r2/p1pnbk2/2p1b3/3pPp2/5Bp1/2NB2Q1/PPP2PP1/R3R1K1 w - - 0 1,training/data/test_fens_60.txt,fen_suite,high_material_24_32+capture_available,,,,d3f5,5,37445,2.2461687850009184,f4h6,+20,0,0.511,0.5,20.0,20.0,0.01100000000000001,0.01100000000000001,False,False,False,0.1500000000000001
pgn_v1_1_vs_v1_g9_p11,5b2/8/p1p1k3/1p4pp/1P2P3/2PNK2P/1P6/8 w - - 2 6,/home/rohanhs568/code/aichessathon-starter/v1_1_vs_v1.pgn,pgn,late_11_16+quiet,9,11,e3f3,e3d4,5,7796,0.315743865998229,e3f2,-23,-12,0.495,0.498,-11.0,0.0,-0.0030000000000000027,0.0,False,False,False,0.0
validation_0149,7k/2p4P/3p3q/P1pP4/2P4Q/P6K/8/8 b - -,training/data/samples/lichess_validation_250k.csv,validation_sample,late_11_16+capture_available,,,,h6e3,5,2592,0.11022067500744015,h6e3,-46,-46,0.4785,0.4785,0.0,0.0,0.0,0.0,False,False,False,0.0
validation_0259,rnb3k1/pp2brp1/1q6/3nN2Q/8/6N1/PPP3PP/R1B4K w - -,training/data/samples/lichess_validation_250k.csv,validation_sample,middle_17_23+capture_available,,,,h5f7,5,16454,1.0118993659853004,h5f7,+356,+356,1.0,1.0,0.0,0.0,0.0,0.0,False,False,False,0.0
validation_0167,8/p7/1b4kp/1R6/P4KP1/1P6/1r4BP/8 w - -,training/data/samples/lichess_validation_250k.csv,validation_sample,late_11_16+capture_available,,,,g2e4,5,6613,0.2797518379811663,g2e4,+254,+254,1.0,1.0,0.0,0.0,0.0,0.0,False,False,False,0.0
pgn_nn_vs_material_g2_p15,r3kb1r/ppp1qppp/2n2n2/3p1b2/4p3/5N2/PPPPPPPP/RNBQKB1R w KQkq - 0 8,/home/rohanhs568/code/aichessathon-starter/nn_vs_material.pgn,pgn,high_material_24_32+quiet,2,15,f3g5,f3h4,5,9896,0.6335633390117437,f3h4,-261,-261,0.0015,0.0015,0.0,0.0,0.0,0.0,False,False,False,0.0
pgn_v1_1_vs_v1_g2_p162,5K2/8/8/8/4k1b1/q7/8/8 w - - 24 82,/home/rohanhs568/code/aichessathon-starter/v1_1_vs_v1.pgn,pgn,endgame_2_10+in_check,2,162,f8e8,f8f7,5,13161,0.4119450309954118,f8f7,-694,-694,0.0,0.0,0.0,0.0,0.0,0.0,False,False,False,0.0
pgn_nn_vs_stockfish_2000_g2_p156,5r2/8/8/2k2P2/6K1/8/3R4/8 b - - 2 78,/home/rohanhs568/code/aichessathon-starter/nn_vs_stockfish_2000.pgn,pgn,endgame_2_10+capture_available,2,156,f8g8,f8f6,5,6797,0.20787459699204192,f8f5,-484,-491,0.0,0.0,7.0,7.0,0.0,0.0,False,False,False,0.014
pgn_v1_1_vs_v1_g14_p12,1k4r1/8/p2Q1Bp1/2ppP1P1/8/2K1P3/Pr2bp2/8 b - - 4 6,/home/rohanhs568/code/aichessathon-starter/v1_1_vs_v1.pgn,pgn,late_11_16+in_check,14,12,b8a7,b8a7,5,4581,0.21654868801124394,b8a7,0,0,0.5,0.5,0.0,0.0,0.0,0.0,False,False,False,0.0
validation_0243,r1k5/pp3p1p/8/2b3B1/3P4/3P4/PP4rP/R2K3R b - -,training/data/samples/lichess_validation_250k.csv,validation_sample,middle_17_23+capture_rich,,,,c5d4,5,5777,0.26883592701051384,c5d6,+67,+70,0.5635,0.574,-3.0,0.0,-0.010499999999999954,0.0,False,False,False,0.0
validation_0230,1k1r3r/ppp3p1/1q6/6p1/3pP2p/P2n1P1Q/1P1B2PP/R3R2K w - -,training/data/samples/lichess_validation_250k.csv,validation_sample,middle_17_23+capture_available,,,,h3f5,5,28698,1.5247242040059064,h3f5,-403,-403,0.0,0.0,0.0,0.0,0.0,0.0,False,False,False,0.0
validation_0015,8/6k1/6p1/5pKp/4p2P/1R3rP1/8/8 w - -,training/data/samples/lichess_validation_250k.csv,validation_sample,endgame_2_10+capture_available,,,,b3b7,5,1322,0.05281481900601648,b3b7,-25,-25,0.495,0.495,0.0,0.0,0.0,0.0,False,False,False,0.0
validation_0169,6R1/4k3/1r6/2r4p/3p2P1/3K4/P2B4/5R2 b - -,training/data/samples/lichess_validation_250k.csv,validation_sample,late_11_16+capture_available,,,,b6b5,5,20765,0.9372841230069753,b6b5,-430,-430,0.0,0.0,0.0,0.0,0.0,0.0,False,False,False,0.0
validation_0145,8/2r2p1p/4p3/3p2Pk/5R1P/6P1/4K3/8 w - -,training/data/samples/lichess_validation_250k.csv,validation_sample,late_11_16+capture_available,,,,e2f3,5,8895,0.34505111299222335,e2f2,-132,-118,0.067,0.1275,-14.0,0.0,-0.0605,0.0,False,False,False,0.0
suite_0041,2N5/p3k3/4P2p/4r3/8/8/n5P1/5RK1 b - - 0 1,training/data/test_fens_60.txt,fen_suite,endgame_2_10+in_check,,,,e7e6,5,2236,0.09747512900503352,e7e6,+5,+5,0.501,0.501,0.0,0.0,0.0,0.0,False,False,False,0.0
suite_0019,r1bqr1k1/pp3pp1/2p2n1p/P1bPn3/3N1B2/1BN5/1PP2PPP/R2Q1RK1 b - - 0 1,training/data/test_fens_60.txt,fen_suite,high_material_24_32+capture_rich,,,,c8g4,5,34529,2.111743719986407,c6d5,+11,-34,0.5085,0.467,45.0,45.0,0.041499999999999926,0.041499999999999926,False,False,False,0.5049999999999992
validation_0341,r1bqkb1r/4nppp/2n1p3/pp1pP3/3P4/PB3N2/1P3PPP/RNBQK2R w KQkq -,training/data/samples/lichess_validation_250k.csv,validation_sample,high_material_24_32+capture_available,,,,e1g1,5,19783,1.2437078230141196,e1g1,+61,+61,0.593,0.593,0.0,0.0,0.0,0.0,False,False,False,0.0
validation_0096,8/6Q1/8/6P1/5p2/1pr5/1kpR4/3q2K1 w - -,training/data/samples/lichess_validation_250k.csv,validation_sample,endgame_2_10+in_check,,,,d2d1,5,843,0.03332521399715915,d2d1,#-9,#-9,0.0,0.0,0.0,0.0,0.0,0.0,False,False,False,0.0
validation_0191,4k3/pb3nQ1/1p3P1p/2p4P/5q2/2P5/PP4P1/7K w - -,training/data/samples/lichess_validation_250k.csv,validation_sample,late_11_16+capture_available,,,,g7g8,5,1868,0.08893773399177007,g7g8,0,0,0.5,0.5,0.0,0.0,0.0,0.0,False,False,False,0.0
pgn_v1_1_vs_v1_g8_p107,8/8/8/8/8/2K3p1/8/5k2 w - - 0 54,/home/rohanhs568/code/aichessathon-starter/v1_1_vs_v1.pgn,pgn,endgame_2_10+quiet,8,107,c3c4,c3d4,5,1194,0.034382076002657413,c3d4,-704,-704,0.0,0.0,0.0,0.0,0.0,0.0,False,False,False,0.0
validation_0242,r1b5/2qp1k2/2pbp3/p5Q1/8/8/PPP3PP/1K1R1B1R w - -,training/data/samples/lichess_validation_250k.csv,validation_sample,middle_17_23+capture_available,,,,f1c4,5,20360,1.0487095649878029,f1e2,+944,+833,1.0,1.0,111.0,111.0,0.0,0.0,False,False,False,0.222
validation_0208,2r1k2r/p4ppp/b7/8/1b1Np3/2N1P1P1/P2K1P1P/R1R5 w k -,training/data/samples/lichess_validation_250k.csv,validation_sample,middle_17_23+quiet,,,,a2a3,5,10472,0.49142860498977825,a2a3,+10,+10,0.5015,0.5015,0.0,0.0,0.0,0.0,False,False,False,0.0
validation_0256,2r3k1/pp4pp/5rn1/q2p3Q/3N1p2/1PP5/P1R2PPP/3R2K1 w - -,training/data/samples/lichess_validation_250k.csv,validation_sample,middle_17_23+capture_available,,,,c3c4,5,61386,3.404038713022601,d4f3,+164,+90,0.9845,0.686,74.0,74.0,0.2985,0.2985,False,False,False,3.133
validation_0327,r4rk1/pn2qpp1/1p1Pp2p/b1p5/2PP4/P2B1N2/1P3PPP/RQ3RK1 b - -,training/data/samples/lichess_validation_250k.csv,validation_sample,high_material_24_32+capture_available,,,,e7d6,5,14909,0.8155667649989482,e7d6,-278,-278,0.0,0.0,0.0,0.0,0.0,0.0,False,False,False,0.0
validation_0307,r1bq1rk1/1p2bpp1/5n1p/p1np4/8/5NP1/PPQNPPBP/R1BR2K1 w - -,training/data/samples/lichess_validation_250k.csv,validation_sample,high_material_24_32+capture_available,,,,f3d4,5,31377,1.8665032499993686,d2b1,+7,-41,0.505,0.4575,48.0,48.0,0.04749999999999999,0.04749999999999999,False,False,False,0.5709999999999998
pgn_nn_vs_stockfish_full_g1_p68,r5k1/6p1/4qp2/3p4/3Q4/5P2/PP3KPP/2R1r3 b - - 4 34,/home/rohanhs568/code/aichessathon-starter/nn_vs_stockfish_full.pgn,pgn,late_11_16+capture_available,1,68,e1c1,e1c1,5,7477,0.3747383589798119,e1c1,+747,+747,1.0,1.0,0.0,0.0,0.0,0.0,False,False,False,0.0
validation_0051,8/8/7q/pk1N4/3QP2P/8/6K1/8 w - -,training/data/samples/lichess_validation_250k.csv,validation_sample,endgame_2_10+quiet,,,,e4e5,5,15764,0.546127556997817,g2g3,+411,+413,1.0,1.0,-2.0,0.0,0.0,0.0,False,False,False,0.0
validation_0072,8/1R6/8/4KP2/p7/k7/8/7r w - -,training/data/samples/lichess_validation_250k.csv,validation_sample,endgame_2_10+quiet,,,,f5f6,5,8006,0.26352441898779944,b7a7,0,0,0.5,0.5,0.0,0.0,0.0,0.0,False,False,False,0.0
validation_0012,k3K3/8/1Q6/8/2B5/8/8/8 w - -,training/data/samples/lichess_validation_250k.csv,validation_sample,endgame_2_10+quiet,,,,c4d5,5,5439,0.17119960498530418,c4d5,#+1,#+1,1.0,1.0,0.0,0.0,0.0,0.0,False,False,False,0.0
validation_0279,r2qk2r/1pp2p2/p2pb3/4p3/4P1p1/1P1P1Q2/1PP3PN/R4RK1 w kq -,training/data/samples/lichess_validation_250k.csv,validation_sample,middle_17_23+capture_rich,,,,h2g4,5,19403,1.1497239680029452,h2g4,-249,-249,0.0,0.0,0.0,0.0,0.0,0.0,False,False,False,0.0
pgn_v1_1_vs_v1_g4_p33,r1b2knQ/p4p2/3q4/3p4/8/1P3PN1/P2P2PP/2R4K w - - 0 17,/home/rohanhs568/code/aichessathon-starter/v1_1_vs_v1.pgn,pgn,middle_17_23+capture_available,4,33,g3h5,g3h5,5,29170,1.3793915990099777,g3h5,+39,+39,0.5145,0.5145,0.0,0.0,0.0,0.0,False,False,False,0.0
pgn_nn_vs_material_g12_p23,2kr1b1r/ppp2ppp/2n5/3p1b2/4p2q/8/PPPPPKPP/RNBQ1BNR w - - 1 12,/home/rohanhs568/code/aichessathon-starter/nn_vs_material.pgn,pgn,high_material_24_32+in_check,12,23,g2g3,g2g3,5,4261,0.2607663180097006,g2g3,-316,-316,0.0,0.0,0.0,0.0,0.0,0.0,False,False,False,0.0
pgn_nn_vs_stockfish_full_g5_p4,rnbqkbnr/ppp1pppp/8/3p4/2PP4/8/PP2PPPP/RNBQKBNR b KQkq - 0 2,/home/rohanhs568/code/aichessathon-starter/nn_vs_stockfish_full.pgn,pgn,high_material_24_32+capture_available,5,4,e7e6,e7e6,5,20980,1.2793714620056562,c7c6,-29,-33,0.468,0.4625,4.0,4.0,0.005500000000000005,0.005500000000000005,False,False,False,0.06300000000000006
pgn_v1_1_vs_v1_g11_p53,8/8/p7/P7/4bkBp/3p4/5K2/2q5 w - - 2 27,/home/rohanhs568/code/aichessathon-starter/v1_1_vs_v1.pgn,pgn,endgame_2_10+quiet,11,53,g4f3,g4d7,5,7820,0.31454840398509987,g4h3,#-5,#-3,0.0,0.0,2.0,2.0,0.0,0.0,False,False,False,0.004
validation_0189,2bR4/5k2/2p1p1p1/1pP1P2p/1P5P/5P2/5PK1/8 b - -,training/data/samples/lichess_validation_250k.csv,validation_sample,late_11_16+quiet,,,,c8a6,5,4148,0.15732009999919683,c8a6,-644,-644,0.0,0.0,0.0,0.0,0.0,0.0,False,False,False,0.0
validation_0361,3rk2r/1b2npb1/pq2p1pp/1p1p4/3pPB2/P2P1P2/BPPQN1PP/R4R1K w k -,training/data/samples/lichess_validation_250k.csv,validation_sample,high_material_24_32+capture_rich,,,,a3a4,5,72064,4.736901491007302,h2h3,+2,-73,0.5015,0.3785,75.0,75.0,0.12299999999999994,0.12299999999999994,False,False,False,1.3799999999999994
validation_0336,rnb1nrk1/1p1p1ppp/1pp5/8/2P1PB2/2PB1N2/P4PPP/2KR3R w - -,training/data/samples/lichess_validation_250k.csv,validation_sample,high_material_24_32+capture_available,,,,e4e5,5,23541,1.2868327879987191,e4e5,+63,+63,0.556,0.556,0.0,0.0,0.0,0.0,False,False,False,0.0
validation_0312,2rq1rk1/1p1bppbp/1n1p1np1/p7/P1PNP3/1BN5/1P1BQPPP/R4RK1 b - -,training/data/samples/lichess_validation_250k.csv,validation_sample,high_material_24_32+capture_rich,,,,d7g4,5,26659,1.5761421890056226,d7c6,-54,-64,0.425,0.398,10.0,10.0,0.02699999999999997,0.02699999999999997,False,False,False,0.2899999999999997
pgn_v1_1_vs_v1_g10_p1,8/p7/2pbk3/1p4pp/1P2P3/2PN1K1P/1P6/8 w - - 0 1,/home/rohanhs568/code/aichessathon-starter/v1_1_vs_v1.pgn,pgn,late_11_16+quiet,10,1,d3f2,d3f2,5,6010,0.22978632000740618,f3g2,-51,-147,0.4745,0.0295,96.0,96.0,0.44499999999999995,0.44499999999999995,False,False,False,4.6419999999999995
validation_0035,8/1Qp5/8/p5k1/8/8/PPP1K2P/8 w - -,training/data/samples/lichess_validation_250k.csv,validation_sample,endgame_2_10+capture_available,,,,b7c7,5,52903,1.6955761370190885,b7g2,+838,+812,1.0,1.0,26.0,26.0,0.0,0.0,False,False,False,0.052
validation_0124,8/p4pk1/1pB1p1p1/3n3p/3P3P/P2K2P1/1P3P2/8 w - -,training/data/samples/lichess_validation_250k.csv,validation_sample,late_11_16+capture_available,,,,d3c4,5,5135,0.21376728999894112,d3c4,+61,+61,0.547,0.547,0.0,0.0,0.0,0.0,False,False,False,0.0
suite_0055,8/6kp/p5p1/3R4/3p4/7P/P5PK/5r2 b - - 0 1,training/data/test_fens_60.txt,fen_suite,late_11_16+quiet,,,,f1d1,5,6805,0.2598673489992507,f1d1,+17,+17,0.503,0.503,0.0,0.0,0.0,0.0,False,False,False,0.0
suite_0027,2r5/pp2kp2/4p1p1/3p2P1/3PnP2/2N4R/PPP5/2K5 b - - 0 1,training/data/test_fens_60.txt,fen_suite,middle_17_23+capture_available,,,,e4c3,5,6059,0.2821434560173657,e4d6,+36,0,0.5125,0.5,36.0,36.0,0.012499999999999956,0.012499999999999956,False,False,False,0.19699999999999956
pgn_nn_vs_stockfish_2000_g2_p27,rbbq1rk1/pp3pp1/2n1p2p/8/3P2n1/P1N2N2/BP3PPP/R1BQR1K1 w - - 7 14,/home/rohanhs568/code/aichessathon-starter/nn_vs_stockfish_2000.pgn,pgn,high_material_24_32+capture_available,2,27,b2b4,c3e4,5,42816,2.467921078990912,h2h3,+66,+72,0.6035,0.6255,-6.0,0.0,-0.02199999999999991,0.0,False,False,False,0.0
pgn_nn_vs_stockfish_2000_g4_p55,r7/pp3kp1/8/8/2nn4/6Pb/1P1K3P/8 w - - 0 28,/home/rohanhs568/code/aichessathon-starter/nn_vs_stockfish_2000.pgn,pgn,late_11_16+in_check,4,55,d2d3,d2c3,5,6163,0.19175416900543496,d2d3,-867,-892,0.0,0.0,25.0,25.0,0.0,0.0,False,False,False,0.05
validation_0396,2kr1bnr/pppq1ppp/2n5/4p3/6b1/4PN2/PPPNBPPP/R1BQ1RK1 w - -,training/data/samples/lichess_validation_250k.csv,validation_sample,high_material_24_32+capture_available,,,,d2c4,5,41754,2.4051310170034412,h2h3,+4,-108,0.5035,0.2135,112.0,112.0,0.2899999999999999,0.2899999999999999,False,False,False,3.1239999999999997
validation_0220,2r3k1/5pp1/4p3/2pqP2p/3r3P/4B3/P1R1QP2/2R3K1 b - -,training/data/samples/lichess_validation_250k.csv,validation_sample,middle_17_23+capture_available,,,,d4h4,5,27528,1.2705513370165136,d4g4,+304,-34,1.0,0.488,338.0,338.0,0.512,0.512,False,False,True,6.796
validation_0111,5rk1/2RQ1p2/p3p1pp/8/6PK/P4q2/7P/8 w - -,training/data/samples/lichess_validation_250k.csv,validation_sample,late_11_16+capture_available,,,,g4g5,5,7987,0.37147946702316403,g4g5,-504,-504,0.0,0.0,0.0,0.0,0.0,0.0,False,False,False,0.0
suite_0047,8/3R2p1/7k/8/1r4P1/3P4/3K4/8 b - - 0 1,training/data/test_fens_60.txt,fen_suite,endgame_2_10+capture_available,,,,b4g4,5,5594,0.16838020502473228,b4g4,-12,-12,0.498,0.498,0.0,0.0,0.0,0.0,False,False,False,0.0
validation_0345,r2qr1k1/3pnpbp/p2Bb1p1/1pN1P3/3N4/8/PP3PPP/R2QR1K1 w - -,training/data/samples/lichess_validation_250k.csv,validation_sample,high_material_24_32+capture_rich,,,,a2a4,5,89374,5.418099194008391,d1f3,+120,+86,0.854,0.676,34.0,34.0,0.17799999999999994,0.17799999999999994,False,False,False,1.8479999999999994
pgn_nn_vs_stockfish_2000_g9_p51,r1k4r/2pR4/2p3qp/N4pB1/PP2p3/2b2N1Q/5PPP/4R1K1 w - - 0 26,/home/rohanhs568/code/aichessathon-starter/nn_vs_stockfish_2000.pgn,pgn,middle_17_23+capture_rich,9,51,f3e5,d7c7,5,116046,5.95963180900435,f3h4,+580,+516,1.0,1.0,64.0,64.0,0.0,0.0,False,False,False,0.128
validation_0087,8/4k3/6K1/bB3P2/6P1/8/8/8 w - -,training/data/samples/lichess_validation_250k.csv,validation_sample,endgame_2_10+quiet,,,,g4g5,5,4600,0.14923548701335676,g4g5,+552,+552,1.0,1.0,0.0,0.0,0.0,0.0,False,False,False,0.0
validation_0374,rn1qkb1r/pp2pppp/2p2nN1/8/2pP4/2N1P3/PP3PPP/R1BQKB1R b KQkq -,training/data/samples/lichess_validation_250k.csv,validation_sample,high_material_24_32+capture_available,,,,h7g6,5,10559,0.7121340449957643,h7g6,-47,-47,0.446,0.446,0.0,0.0,0.0,0.0,False,False,False,0.0
validation_0195,2b3k1/p4pp1/1p6/3p4/3P4/B3P2P/1P3PP1/6K1 w - -,training/data/samples/lichess_validation_250k.csv,validation_sample,late_11_16+quiet,,,,f2f3,5,5260,0.2167086839908734,a3d6,+118,+58,0.8695,0.5385,60.0,60.0,0.33100000000000007,0.33100000000000007,False,False,True,4.430000000000001
validation_0044,q7/2P5/KP6/8/3k1b2/P6Q/7p/8 w - -,training/data/samples/lichess_validation_250k.csv,validation_sample,endgame_2_10+in_check,,,,a6b5,5,5339,0.24737709198961966,a6b5,-25,-25,0.494,0.494,0.0,0.0,0.0,0.0,False,False,False,0.0
validation_0213,4r3/1pr2k1p/1NpP1np1/p4p2/8/PP2P1P1/5PBP/3R2K1 b - -,training/data/samples/lichess_validation_250k.csv,validation_sample,middle_17_23+capture_available,,,,c7d7,5,11345,0.639973013981944,c7d7,-56,-56,0.4635,0.4635,0.0,0.0,0.0,0.0,False,False,False,0.0
pgn_v1_1_vs_v1_g20_p14,1k6/8/8/1K6/1P6/8/8/8 b - - 0 7,/home/rohanhs568/code/aichessathon-starter/v1_1_vs_v1.pgn,pgn,endgame_2_10+quiet,20,14,b8b7,b8b7,5,798,0.022164311027154326,b8b7,-10,-10,0.498,0.498,0.0,0.0,0.0,0.0,False,False,False,0.0
pgn_nn_vs_stockfish_2000_g3_p56,3rk1nr/4b2p/1Bb5/4p1p1/1P6/8/P1P2PPP/4R1K1 b k - 1 28,/home/rohanhs568/code/aichessathon-starter/nn_vs_stockfish_2000.pgn,pgn,middle_17_23+capture_available,3,56,d8d7,e7b4,5,19155,0.8136334310111124,d8d7,+704,+649,1.0,1.0,55.0,55.0,0.0,0.0,False,False,False,0.11
validation_0007,r6K/5P2/6P1/6k1/8/1b6/8/8 w - -,training/data/samples/lichess_validation_250k.csv,validation_sample,endgame_2_10+in_check,,,,h8g7,5,1615,0.0644825040071737,h8g7,-592,-592,0.0,0.0,0.0,0.0,0.0,0.0,False,False,False,0.0
pgn_nn_vs_material_g6_p9,r1bqkb1r/ppp2ppp/2n2n2/3pp3/8/8/PPPPPPPP/RNBQKBNR w KQkq - 4 5,/home/rohanhs568/code/aichessathon-starter/nn_vs_material.pgn,pgn,high_material_24_32+quiet,6,9,g1h3,d2d3,5,21430,1.2019808100012597,d2d3,-201,-201,0.0135,0.0135,0.0,0.0,0.0,0.0,False,False,False,0.0
validation_0338,r1b1k1nr/pppp1p1p/6p1/2bP4/4P2q/2N2P2/PPP1K2P/R1BQ1B1R w kq -,training/data/samples/lichess_validation_250k.csv,validation_sample,high_material_24_32+quiet,,,,d1e1,5,10158,0.6320960980083328,d1e1,+57,+57,0.567,0.567,0.0,0.0,0.0,0.0,False,False,False,0.0
validation_0335,r1bq1rk1/3nbppp/2n1p3/pp1pP3/3P4/P2B1NB1/1P1NQPPP/R3K2R w KQ -,training/data/samples/lichess_validation_250k.csv,validation_sample,high_material_24_32+capture_available,,,,a1c1,5,49828,2.8997245730133727,h2h4,+79,+57,0.657,0.582,22.0,22.0,0.07500000000000007,0.07500000000000007,False,False,False,0.7940000000000007
validation_0118,5k2/5p2/4p2p/3b2p1/5P2/1n5P/2p3P1/2N2K2 w - -,training/data/samples/lichess_validation_250k.csv,validation_sample,late_11_16+capture_available,,,,c1e2,5,8757,0.36946694800280966,f4g5,-686,-748,0.0,0.0,62.0,62.0,0.0,0.0,False,False,False,0.124
validation_0168,5rk1/2p5/2Pb2Np/6p1/4b3/1R2B2P/6P1/6K1 b - -,training/data/samples/lichess_validation_250k.csv,validation_sample,late_11_16+capture_available,,,,e4g6,5,12494,0.5938001619942952,e4g6,+495,+495,1.0,1.0,0.0,0.0,0.0,0.0,False,False,False,0.0
validation_0371,2kr1b1r/ppp2ppp/2n1b3/3qp3/8/1PP2N2/P2PBPPP/R1BQK2R w KQ -,training/data/samples/lichess_validation_250k.csv,validation_sample,high_material_24_32+capture_available,,,,c1b2,5,35279,2.0803824619797524,e1g1,-155,-180,0.042,0.0155,25.0,25.0,0.026500000000000003,0.026500000000000003,False,False,False,0.315
pgn_nn_vs_material_g6_p10,r1bqkb1r/ppp2ppp/2n2n2/3pp3/8/7N/PPPPPPPP/RNBQKB1R b KQkq - 5 5,/home/rohanhs568/code/aichessathon-starter/nn_vs_material.pgn,pgn,high_material_24_32+capture_available,6,10,d8e7,f8e7,5,30672,1.9248119170079008,f8d6,+249,+243,0.9975,0.997,6.0,6.0,0.000500000000000056,0.000500000000000056,False,False,False,0.01700000000000056
validation_0064,8/5k2/6R1/p6P/6K1/5PB1/6q1/8 w - -,training/data/samples/lichess_validation_250k.csv,validation_sample,endgame_2_10+quiet,,,,g6a6,5,3321,0.11141963599948213,g6a6,0,0,0.5,0.5,0.0,0.0,0.0,0.0,False,False,False,0.0
pgn_nn_vs_material_g8_p40,2kr2r1/ppp2pp1/8/3n1b1p/4P1nq/6P1/PPPQP2P/R3KB1R b KQ - 0 20,/home/rohanhs568/code/aichessathon-starter/nn_vs_material.pgn,pgn,high_material_24_32+capture_rich,8,40,h4f6,h4f6,5,26272,1.5564643219986465,h4f6,+707,+707,1.0,1.0,0.0,0.0,0.0,0.0,False,False,False,0.0
suite_0049,8/1k5p/p4P2/1p6/2p5/P3Q2P/KPq5/8 b - - 0 1,training/data/test_fens_60.txt,fen_suite,late_11_16+capture_available,,,,b5b4,5,14505,0.6085251490003429,c2f5,-23,-338,0.495,0.0,315.0,315.0,0.495,0.495,False,False,False,5.58
validation_0222,r1r3k1/2pp1ppp/b3q3/p7/P2QP3/1P6/1P3PPP/1BR1R1K1 b - -,training/data/samples/lichess_validation_250k.csv,validation_sample,middle_17_23+capture_available,,,,c7c5,5,46328,2.4989094780175947,a8b8,-77,-143,0.3885,0.044,66.0,66.0,0.34450000000000003,0.34450000000000003,False,False,False,3.5770000000000004
validation_0129,3NQ3/1p5Q/1k5p/7N/5P2/pP6/P4KPn/2R5 w - -,training/data/samples/lichess_validation_250k.csv,validation_sample,late_11_16+capture_available,,,,h7b7,5,18263,0.8607844409998506,h7b7,#+2,#+2,1.0,1.0,0.0,0.0,0.0,0.0,False,False,False,0.0
validation_0291,r1b1k2r/3p1p1p/2pPpp2/8/q1PQ3P/8/P3BPP1/1R3K1R b k -,training/data/samples/lichess_validation_250k.csv,validation_sample,middle_17_23+capture_available,,,,e6e5,5,14821,0.7589294679928571,e6e5,-157,-157,0.0215,0.0215,0.0,0.0,0.0,0.0,False,False,False,0.0
validation_0233,8/5pkp/R2p2p1/1NpP4/P1B2r2/4b2P/3n2PK/8 w - -,training/data/samples/lichess_validation_250k.csv,validation_sample,middle_17_23+capture_available,,,,c4d3,5,7706,0.34756332100369036,c4e2,-404,-428,0.0,0.0,24.0,24.0,0.0,0.0,False,False,False,0.048
pgn_v1_1_vs_v1_g13_p12,1r2r3/1k6/p1b1pBp1/2QpP1P1/P7/1P2Pp2/3K4/8 b - - 0 6,/home/rohanhs568/code/aichessathon-starter/v1_1_vs_v1.pgn,pgn,middle_17_23+capture_available,13,12,e8c8,e8c8,5,11714,0.544730597990565,b8c8,+52,0,0.5285,0.5,52.0,52.0,0.02849999999999997,0.02849999999999997,False,False,False,0.3889999999999997
validation_0073,8/8/B6b/2k3pP/4K1P1/5p2/8/8 w - -,training/data/samples/lichess_validation_250k.csv,validation_sample,endgame_2_10+capture_available,,,,e4f3,5,2314,0.0749598300026264,e4f5,+201,+7,0.9985,0.501,194.0,194.0,0.49750000000000005,0.49750000000000005,False,False,True,6.363
validation_0071,8/8/8/8/5kp1/5r2/6R1/4K3 b - -,training/data/samples/lichess_validation_250k.csv,validation_sample,endgame_2_10+quiet,,,,f3a3,5,8523,0.27059986197855324,g4g3,+430,+428,1.0,1.0,2.0,2.0,0.0,0.0,False,False,False,0.004
pgn_nn_vs_stockfish_full_g5_p39,rn2Qbk1/pb4p1/1p3r2/8/2p3q1/2N1B3/PP3PPP/R5K1 w - - 6 20,/home/rohanhs568/code/aichessathon-starter/nn_vs_stockfish_full.pgn,pgn,middle_17_23+capture_available,5,39,c3d5,f2f3,5,33135,1.8776137229870073,g2g3,-660,-897,0.0,0.0,237.0,237.0,0.0,0.0,False,False,False,0.474
validation_0370,r3r1k1/1ppq1pp1/2n1bn1p/2b1p3/4P2N/pPP3NP/P1B1QPP1/R1B2RK1 b - -,training/data/samples/lichess_validation_250k.csv,validation_sample,high_material_24_32+capture_rich,,,,c6b4,4,100096,6.006487530015875,e6h3,+133,-380,0.889,0.0,513.0,513.0,0.889,0.889,False,True,True,11.916
pgn_v1_1_vs_v1_g7_p122,8/8/1p1K4/7P/8/8/3kR2Q/8 b - - 0 61,/home/rohanhs568/code/aichessathon-starter/v1_1_vs_v1.pgn,pgn,endgame_2_10+in_check,7,122,d2c3,d2d3,5,6538,0.2143715670099482,d2c3,#-7,#-6,0.0,0.0,1.0,1.0,0.0,0.0,False,False,False,0.002
validation_0102,3Q4/7p/6k1/8/1P1Q4/5nKP/1B6/4qr2 w - -,training/data/samples/lichess_validation_250k.csv,validation_sample,late_11_16+in_check,,,,g3g2,5,4880,0.23528152299695648,g3g2,-525,-525,0.0,0.0,0.0,0.0,0.0,0.0,False,False,False,0.0
pgn_v1_1_vs_v1_g6_p26,r3b3/ppp1r1k1/5q1p/2p2p2/2P2P2/1P2PQ2/2BP2PP/2n2RK1 b - - 14 13,/home/rohanhs568/code/aichessathon-starter/v1_1_vs_v1.pgn,pgn,middle_17_23+capture_available,6,26,f6b2,f6b2,5,37583,1.9263801159977447,e8c6,+452,+426,1.0,1.0,26.0,26.0,0.0,0.0,False,False,False,0.052
validation_0033,8/p7/4b3/1k6/8/8/p7/K7 b - -,training/data/samples/lichess_validation_250k.csv,validation_sample,endgame_2_10+quiet,,,,b5c5,5,7165,0.2128029240120668,b5a4,+83,+88,0.633,0.6635,-5.0,0.0,-0.03049999999999997,0.0,False,False,False,0.0
validation_0385,1r3rk1/1bpn3p/1p1ppq2/p4p2/2PPn2N/P5P1/1PQBPPB1/2RR2K1 w - -,training/data/samples/lichess_validation_250k.csv,validation_sample,high_material_24_32+capture_rich,,,,d2f4,5,49325,3.114418214012403,d2e3,+63,+47,0.5845,0.5445,16.0,16.0,0.040000000000000036,0.040000000000000036,False,False,False,0.4320000000000004
validation_0077,4k3/2K5/8/2P3p1/p6p/P5P1/8/8 w - -,training/data/samples/lichess_validation_250k.csv,validation_sample,endgame_2_10+capture_available,,,,g3h4,5,984,0.03581522501190193,g3h4,+1,+1,0.5,0.5,0.0,0.0,0.0,0.0,False,False,False,0.0
pgn_v1_1_vs_v1_g21_p53,8/1K2r1k1/8/8/8/7q/8/8 w - - 2 27,/home/rohanhs568/code/aichessathon-starter/v1_1_vs_v1.pgn,pgn,endgame_2_10+in_check,21,53,b7a6,b7c6,5,9637,0.27155613101786,b7c6,-893,-893,0.0,0.0,0.0,0.0,0.0,0.0,False,False,False,0.0
validation_0333,3r1rk1/1b3p1p/p3p1p1/1pqnN1PQ/8/3B4/PPP2P1P/2KR2R1 w - -,training/data/samples/lichess_validation_250k.csv,validation_sample,high_material_24_32+capture_rich,,,,h5h6,5,37197,2.103066620999016,h5e2,-20,-68,0.492,0.417,48.0,48.0,0.07500000000000001,0.07500000000000001,False,False,False,0.8460000000000001
validation_0101,8/3k2p1/7p/p4P2/1b2N3/3K3P/R5P1/5r2 w - -,training/data/samples/lichess_validation_250k.csv,validation_sample,late_11_16+capture_available,,,,g2g4,5,12047,0.525551588012604,e4g3,-21,-32,0.4955,0.4905,11.0,11.0,0.0050000000000000044,0.0050000000000000044,False,False,False,0.07200000000000004
suite_0011,2rq1rk1/pp4pp/2n2np1/4N3/1b4P1/2N4P/PPPB1P2/R2QR1K1 w - - 0 1,training/data/test_fens_60.txt,fen_suite,high_material_24_32+capture_available,,,,e5d3,5,38475,2.2789063710079063,e5f3,+45,+26,0.536,0.5145,19.0,19.0,0.021500000000000075,0.021500000000000075,False,False,False,0.2530000000000007
validation_0160,8/3q1kp1/Q3pn1p/8/p7/7P/5PP1/2R3K1 w - -,training/data/samples/lichess_validation_250k.csv,validation_sample,late_11_16+capture_available,,,,c1a1,5,14205,0.5348554609809071,a6a5,+362,+382,1.0,1.0,-20.0,0.0,0.0,0.0,False,False,False,0.0
validation_0270,3k3r/pR3p2/4p3/q1bpPp2/2P2P1p/3QNP1P/P4K2/8 b - -,training/data/samples/lichess_validation_250k.csv,validation_sample,middle_17_23+capture_available,,,,a5a2,5,16463,0.8783510340144858,a5a2,+29,+29,0.5075,0.5075,0.0,0.0,0.0,0.0,False,False,False,0.0
validation_0267,r1b4k/pp2q1p1/2n5/3Qp2p/P3Pp2/2P2P2/4N1PP/1RB4K w - -,training/data/samples/lichess_validation_250k.csv,validation_sample,middle_17_23+capture_rich,,,,c1f4,5,35239,1.8885243750119116,d5b3,-34,-63,0.4885,0.444,29.0,29.0,0.044499999999999984,0.044499999999999984,False,False,False,0.5029999999999999
validation_0357,2rqr1k1/p4ppp/b1p2b2/3p4/8/2N1P1P1/PPQ2PBP/R2R2K1 b - -,training/data/samples/lichess_validation_250k.csv,validation_sample,high_material_24_32+capture_available,,,,c8b8,5,54776,3.0550645719922613,d8a5,-9,-19,0.497,0.4925,10.0,10.0,0.004500000000000004,0.004500000000000004,False,False,False,0.06500000000000004
validation_0148,5r1k/3R4/1p3qpp/8/1P1Q1p2/2P3PP/1p6/1K6 w - -,training/data/samples/lichess_validation_250k.csv,validation_sample,late_11_16+capture_rich,,,,g3f4,5,6926,0.3641070470039267,g3f4,+212,+212,0.999,0.999,0.0,0.0,0.0,0.0,False,False,False,0.0
pgn_nn_vs_stockfish_2000_g1_p101,8/6P1/p7/3k1p2/3p2qP/8/5P2/5K2 w - - 1 51,/home/rohanhs568/code/aichessathon-starter/nn_vs_stockfish_2000.pgn,pgn,endgame_2_10+quiet,1,101,g7g8q,g7g8q,5,2019,0.07469474300160073,f1e1,-795,-800,0.0,0.0,5.0,5.0,0.0,0.0,False,False,False,0.01
validation_0161,8/6pk/7p/2n5/2Bn4/5PP1/5BKP/8 b - -,training/data/samples/lichess_validation_250k.csv,validation_sample,late_11_16+capture_available,,,,c5b3,5,4628,0.16907088499283418,c5e6,-222,-218,0.0005,0.0005,-4.0,0.0,0.0,0.0,False,False,False,0.0
validation_0269,r1b2bk1/1p3p2/p3p2p/2p1P3/2P5/1R2B3/P1BNnPPP/6K1 w - -,training/data/samples/lichess_validation_250k.csv,validation_sample,middle_17_23+in_check,,,,g1h1,5,3418,0.16970616302569397,g1f1,+156,+50,0.981,0.526,106.0,106.0,0.45499999999999996,0.45499999999999996,False,False,True,5.762
validation_0262,4k2r/p2b3p/3p3q/1p6/3pP1p1/PP1Pp1P1/2QNB2P/4KR2 w k -,training/data/samples/lichess_validation_250k.csv,validation_sample,middle_17_23+capture_available,,,,c2c7,5,5978,0.3327038630086463,c2c7,0,0,0.5,0.5,0.0,0.0,0.0,0.0,False,False,False,0.0
validation_0340,r1b1k2r/ppp1q3/3bpnpp/4n3/3N4/1QN3P1/PP2PPBP/R1B2RK1 w kq -,training/data/samples/lichess_validation_250k.csv,validation_sample,high_material_24_32+capture_rich,,,,d4b5,5,71829,4.5946559360018,d4b5,+297,+297,1.0,1.0,0.0,0.0,0.0,0.0,False,False,False,0.0
validation_0025,8/8/4k1p1/8/4p3/5R2/r4PPP/2K5 w - -,training/data/samples/lichess_validation_250k.csv,validation_sample,endgame_2_10+quiet,,,,f3f8,5,4040,0.1491940859996248,f3f8,-1,-1,0.5,0.5,0.0,0.0,0.0,0.0,False,False,False,0.0
validation_0199,8/1R6/7p/1p6/p3n1P1/P3k3/KP5r/8 w - -,training/data/samples/lichess_validation_250k.csv,validation_sample,late_11_16+capture_available,,,,b7e7,5,6148,0.23136246000649408,a2b1,-461,-480,0.0,0.0,19.0,19.0,0.0,0.0,False,False,False,0.038
validation_0238,1r4k1/p1p2qp1/7p/2n1P3/3Q4/7P/P3rPP1/R2R2K1 w - -,training/data/samples/lichess_validation_250k.csv,validation_sample,middle_17_23+capture_available,,,,d4c5,5,18260,0.9589415460068267,d4c5,+42,+42,0.5175,0.5175,0.0,0.0,0.0,0.0,False,False,False,0.0
pgn_v1_1_vs_v1_g16_p7,5b1k/2p4P/3p1p2/3P2pP/p7/P4p2/1PB4K/8 b - - 0 4,/home/rohanhs568/code/aichessathon-starter/v1_1_vs_v1.pgn,pgn,late_11_16+quiet,16,7,f6f5,f8h6,5,4478,0.2107255940209143,g5g4,+8,-23,0.501,0.495,31.0,31.0,0.006000000000000005,0.006000000000000005,False,False,False,0.12200000000000005
suite_0012,r1bqkb1r/ppp1nppp/5n2/3pp3/2B1P3/2P2Q2/PP1PNPPP/RNB1K2R w KQkq - 0 1,training/data/test_fens_60.txt,fen_suite,high_material_24_32+capture_available,,,,e4d5,5,17959,1.114963689004071,e4d5,-97,-97,0.263,0.263,0.0,0.0,0.0,0.0,False,False,False,0.0
validation_0112,2Qb4/3P1pk1/1q4pp/1B6/P3P3/6P1/5P1P/6K1 w - -,training/data/samples/lichess_validation_250k.csv,validation_sample,late_11_16+capture_available,,,,c8c3,5,13017,0.6315289070189465,c8c3,+452,+452,1.0,1.0,0.0,0.0,0.0,0.0,False,False,False,0.0
pgn_nn_vs_material_g16_p41,2krr3/ppp2ppp/8/8/7P/2K4b/PPP1n2P/RNB4R w - - 0 21,/home/rohanhs568/code/aichessathon-starter/nn_vs_material.pgn,pgn,middle_17_23+in_check,16,41,c3b3,c3b4,5,6882,0.3379032649972942,c3b4,-582,-582,0.0,0.0,0.0,0.0,0.0,0.0,False,False,False,0.0
pgn_nn_vs_stockfish_2000_g1_p99,8/8/p5P1/3k1p2/3p1q1P/8/5P2/5K2 w - - 0 50,/home/rohanhs568/code/aichessathon-starter/nn_vs_stockfish_2000.pgn,pgn,endgame_2_10+quiet,1,99,g6g7,g6g7,5,4593,0.18901406801887788,h4h5,-777,-893,0.0,0.0,116.0,116.0,0.0,0.0,False,False,False,0.232
validation_0363,r4rk1/1bq2ppp/p2bpn2/2p5/4P3/P1N1B1P1/1P3PBP/R2QK2R w KQ -,training/data/samples/lichess_validation_250k.csv,validation_sample,high_material_24_32+capture_available,,,,e1g1,5,43012,2.6103821280121338,e1g1,-15,-15,0.492,0.492,0.0,0.0,0.0,0.0,False,False,False,0.0
pgn_nn_vs_stockfish_2000_g3_p86,4k3/4n3/2b5/7p/2PB4/b4P1P/r5PK/8 b - - 3 43,/home/rohanhs568/code/aichessathon-starter/nn_vs_stockfish_2000.pgn,pgn,late_11_16+capture_available,3,86,c6f3,e7f5,5,9333,0.3581245469977148,c6f3,+801,+825,1.0,1.0,-24.0,0.0,0.0,0.0,False,False,False,0.0
pgn_v1_1_vs_v1_g21_p49,8/3K2k1/4R3/4r3/8/7q/8/8 w - - 6 25,/home/rohanhs568/code/aichessathon-starter/v1_1_vs_v1.pgn,pgn,endgame_2_10+quiet,21,49,d7c8,d7d6,5,8260,0.2826585360162426,d7c6,-991,#-9,0.0,0.0,99000.0,99000.0,0.0,0.0,True,False,False,7.0
validation_0193,8/2k3p1/5rp1/6R1/PbNp4/3K4/P5PP/8 w - -,training/data/samples/lichess_validation_250k.csv,validation_sample,late_11_16+capture_available,,,,d3d4,5,11295,0.4870460599777289,d3d4,+265,+265,1.0,1.0,0.0,0.0,0.0,0.0,False,False,False,0.0
pgn_v1_1_vs_v1_g7_p67,8/7R/1pk1p3/p7/3PP2P/2K2P2/3n2r1/8 w - - 1 34,/home/rohanhs568/code/aichessathon-starter/v1_1_vs_v1.pgn,pgn,late_11_16+quiet,7,67,h7e7,d4d5,5,7685,0.31223228297312744,d4d5,-288,-288,0.0,0.0,0.0,0.0,0.0,0.0,False,False,False,0.0
validation_0239,2b2rk1/Q2n2bp/2p1p1p1/3pP3/Pq5P/4B3/P1P3P1/1K1R1B1R w - -,training/data/samples/lichess_validation_250k.csv,validation_sample,middle_17_23+in_check,,,,b1c1,5,11156,0.6247908549848944,b1c1,-308,-308,0.0,0.0,0.0,0.0,0.0,0.0,False,False,False,0.0
pgn_nn_vs_stockfish_2000_g10_p20,rnbq1rk1/p4ppp/1bpp1n2/4p3/B3P3/2P2N1P/1P1PQPP1/RNB2RK1 b - - 0 10,/home/rohanhs568/code/aichessathon-starter/nn_vs_stockfish_2000.pgn,pgn,high_material_24_32+capture_available,10,20,d6d5,f8e8,5,51732,3.1110739380237646,f8e8,-49,-49,0.4385,0.4385,0.0,0.0,0.0,0.0,False,False,False,0.0
validation_0241,5r2/4r2p/1kppNpp1/1p2P3/1P4P1/1B2K2P/8/5R2 b - -,training/data/samples/lichess_validation_250k.csv,validation_sample,middle_17_23+capture_available,,,,f8e8,5,5708,0.2813386839989107,f8e8,-92,-92,0.306,0.306,0.0,0.0,0.0,0.0,False,False,False,0.0
pgn_nn_vs_stockfish_full_g1_p42,r4rk1/2pn2p1/b3Qpq1/p2p4/8/2BnPP2/PP1N2PP/R1R3K1 b - - 0 21,/home/rohanhs568/code/aichessathon-starter/nn_vs_stockfish_full.pgn,pgn,high_material_24_32+in_check,1,42,g6f7,g6f7,5,13233,0.7567793569760397,g6f7,+456,+456,1.0,1.0,0.0,0.0,0.0,0.0,False,False,False,0.0
validation_0224,4r1k1/pp3rp1/2p1pp1p/2N3bP/2PP4/3RP3/PP4P1/1K5R b - -,training/data/samples/lichess_validation_250k.csv,validation_sample,middle_17_23+capture_available,,,,e6e5,5,8217,0.38526718399953097,f6f5,+45,+29,0.5195,0.5075,16.0,16.0,0.01200000000000001,0.01200000000000001,False,False,False,0.1520000000000001
pgn_nn_vs_material_g20_p25,2kr3r/ppp2ppp/2n5/3p1b2/4p1nq/6PN/PPPPPb1P/RNBQKB1R w KQ - 0 13,/home/rohanhs568/code/aichessathon-starter/nn_vs_material.pgn,pgn,high_material_24_32+in_check,20,25,h3f2,h3f2,5,4165,0.2736033590044826,h3f2,-123,-123,0.1515,0.1515,0.0,0.0,0.0,0.0,False,False,False,0.0
pgn_nn_vs_stockfish_2000_g7_p39,rn5r/ppk2p2/1q1p1bpp/2pP4/5P2/2N4B/PPPQ3P/2K1RR2 w - - 5 20,/home/rohanhs568/code/aichessathon-starter/nn_vs_stockfish_2000.pgn,pgn,high_material_24_32+quiet,7,39,f1f3,f4f5,5,38560,2.1320741859963164,d2d3,-75,-191,0.387,0.0055,116.0,116.0,0.3815,0.3815,False,False,False,4.047
validation_0125,8/2b5/5k2/p4p1p/1pKBb1p1/1P4P1/P4P1P/5B2 b - -,training/data/samples/lichess_validation_250k.csv,validation_sample,late_11_16+in_check,,,,f6e6,5,5235,0.22801068201079033,f6g5,-5,-21,0.499,0.4955,16.0,16.0,0.003500000000000003,0.003500000000000003,False,False,False,0.06700000000000003
validation_0052,3r1nR1/8/6p1/8/3k3P/5KP1/8/8 w - -,training/data/samples/lichess_validation_250k.csv,validation_sample,endgame_2_10+capture_available,,,,h4h5,5,9270,0.3173790989967529,h4h5,-23,-23,0.495,0.495,0.0,0.0,0.0,0.0,False,False,False,0.0
pgn_nn_vs_stockfish_full_g5_p23,rn3rk1/p3bppp/bp2pn2/4N3/2pq4/2N5/PPBB1PPP/R2Q1RK1 w - - 0 12,/home/rohanhs568/code/aichessathon-starter/nn_vs_stockfish_full.pgn,pgn,high_material_24_32+capture_available,5,23,f1e1,d1e2,5,64266,3.7085252550023142,f1e1,-201,-216,0.0095,0.005,15.0,15.0,0.0045,0.0045,False,False,False,0.075
validation_0082,8/4k1B1/6K1/1R6/6Pp/7P/6r1/8 w - -,training/data/samples/lichess_validation_250k.csv,validation_sample,endgame_2_10+quiet,,,,g7f6,5,8320,0.27008288400247693,g7f6,+551,+551,1.0,1.0,0.0,0.0,0.0,0.0,False,False,False,0.0
validation_0397,1r1q1rk1/3bppb1/2np1np1/ppp4p/4P2P/3PN1P1/PPP2PBN/R1BQR1K1 w - -,training/data/samples/lichess_validation_250k.csv,validation_sample,high_material_24_32+capture_available,,,,a2a3,5,32396,2.0672459049965255,a2a4,-84,-94,0.3205,0.279,10.0,10.0,0.04149999999999998,0.04149999999999998,False,False,False,0.43499999999999983
validation_0094,8/1P6/k1KN4/P7/8/8/8/5b2 b - -,training/data/samples/lichess_validation_250k.csv,validation_sample,endgame_2_10+capture_available,,,,f1g2,5,1305,0.05194265101454221,f1g2,-607,-607,0.0,0.0,0.0,0.0,0.0,0.0,False,False,False,0.0
validation_0290,r2q1rk1/1pp2ppp/p7/3b1P2/3Q4/5N1P/1P4PN/R3R1K1 w - -,training/data/samples/lichess_validation_250k.csv,validation_sample,middle_17_23+capture_available,,,,d4f4,5,38785,1.9613174760015681,a1d1,+371,+319,1.0,1.0,52.0,52.0,0.0,0.0,False,False,False,0.104
validation_0053,8/3k4/5p2/P4K1P/8/6p1/1P4P1/8 w - -,training/data/samples/lichess_validation_250k.csv,validation_sample,endgame_2_10+capture_available,,,,h5h6,5,3103,0.10541024699341506,f5f6,+786,+838,1.0,1.0,-52.0,0.0,0.0,0.0,False,False,False,0.0
suite_0052,2r1k3/6p1/p2B2P1/1p1KpP2/1P6/8/8/8 w - - 0 1,training/data/test_fens_60.txt,fen_suite,late_11_16+capture_available,,,,d6e5,5,3073,0.11921065600472502,d6e5,-60,-60,0.456,0.456,0.0,0.0,0.0,0.0,False,False,False,0.0
validation_0128,r6k/7p/4p3/3p1p1B/2nP1P2/1q2P3/7P/2Q3RK w - -,training/data/samples/lichess_validation_250k.csv,validation_sample,late_11_16+capture_available,,,,g1g3,5,21532,1.0579558369936422,c1e1,-36,-89,0.488,0.3275,53.0,53.0,0.16049999999999998,0.16049999999999998,False,False,False,1.7109999999999999
validation_0069,8/8/8/6p1/6k1/8/r7/2R3K1 w - -,training/data/samples/lichess_validation_250k.csv,validation_sample,endgame_2_10+quiet,,,,c1c4,5,3307,0.10195517001557164,c1c3,-8,-16,0.499,0.497,8.0,8.0,0.0020000000000000018,0.0020000000000000018,False,False,False,0.03600000000000002
pgn_nn_vs_stockfish_2000_g6_p41,1r4k1/p2b1p1p/3bpp2/8/P2P4/1B2P3/1rPB2PP/R4K1R w - - 2 21,/home/rohanhs568/code/aichessathon-starter/nn_vs_stockfish_2000.pgn,pgn,middle_17_23+capture_available,6,41,d2e1,d2c3,5,8350,0.37156517201219685,f1e2,+20,-46,0.5045,0.479,66.0,66.0,0.025499999999999967,0.025499999999999967,False,False,False,0.3869999999999997
validation_0002,8/R2k4/7r/3P4/3K4/8/8/8 b - -,training/data/samples/lichess_validation_250k.csv,validation_sample,endgame_2_10+in_check,,,,d7d8,5,2733,0.08598124000127427,d7d8,-21,-21,0.496,0.496,0.0,0.0,0.0,0.0,False,False,False,0.0
validation_0079,1Q6/8/2Q1Q3/3R4/8/k7/8/1K6 w - -,training/data/samples/lichess_validation_250k.csv,validation_sample,endgame_2_10+quiet,,,,b8b2,5,35566,1.109381818008842,e6e7,#+1,#+1,1.0,1.0,0.0,0.0,0.0,0.0,False,False,False,0.0
validation_0031,8/8/8/1pk5/1p6/1P1K4/8/N7 b - -,training/data/samples/lichess_validation_250k.csv,validation_sample,endgame_2_10+quiet,,,,c5d5,5,1071,0.031122891989070922,c5d5,-620,-620,0.0,0.0,0.0,0.0,0.0,0.0,False,False,False,0.0
validation_0011,8/8/2k3P1/4KP2/8/6r1/8/8 w - -,training/data/samples/lichess_validation_250k.csv,validation_sample,endgame_2_10+quiet,,,,e5e6,5,3349,0.10892272400087677,e5f4,+2,0,0.5005,0.5,2.0,2.0,0.0004999999999999449,0.0004999999999999449,False,False,False,0.00899999999999945
validation_0142,8/1p2kp1p/1p2b3/6r1/3NK3/1P1P4/1PR4P/8 b - -,training/data/samples/lichess_validation_250k.csv,validation_sample,late_11_16+capture_available,,,,e7d6,5,12019,0.5409439479990397,e7d6,+19,+19,0.504,0.504,0.0,0.0,0.0,0.0,False,False,False,0.0
validation_0384,r1bq1rk1/3nbpp1/2p1pn1p/1p2B1N1/p2P2N1/6PB/P1Q1PP1P/R2R2K1 w - -,training/data/samples/lichess_validation_250k.csv,validation_sample,high_material_24_32+capture_rich,,,,g5f7,5,49257,2.7949313319986686,g4h6,+98,-204,0.7395,0.009,302.0,302.0,0.7305,0.7305,False,False,False,7.909000000000001
suite_0044,3R4/1r4k1/8/P7/2P1K2p/8/8/8 w - - 0 1,training/data/test_fens_60.txt,fen_suite,endgame_2_10+quiet,,,,a5a6,5,7316,0.2639942049863748,e4d4,+65,+7,0.5565,0.501,58.0,58.0,0.055499999999999994,0.055499999999999994,False,False,False,0.6709999999999999
validation_0113,8/pp3kpp/2p5/4Qp2/2p5/7P/PP4PK/8 w - -,training/data/samples/lichess_validation_250k.csv,validation_sample,late_11_16+capture_available,,,,e5f5,5,22346,0.8894108480017167,h3h4,+752,+743,1.0,1.0,9.0,9.0,0.0,0.0,False,False,False,0.018
validation_0115,8/6p1/4np2/p2k2p1/1p1P4/4KNPP/1P3P2/8 b - -,training/data/samples/lichess_validation_250k.csv,validation_sample,late_11_16+capture_available,,,,a5a4,5,2281,0.0895826120104175,a5a4,+259,+259,1.0,1.0,0.0,0.0,0.0,0.0,False,False,False,0.0
validation_0117,7k/1p6/4p2P/8/R2PKP2/2P1P3/p7/r7 w - -,training/data/samples/lichess_validation_250k.csv,validation_sample,late_11_16+capture_available,,,,e4e5,5,3355,0.15347023800131865,c3c4,+410,+416,1.0,1.0,-6.0,0.0,0.0,0.0,False,False,False,0.0
suite_0060,8/4k3/1p4P1/1Kn5/P4p2/5B2/8/8 w - - 0 1,training/data/test_fens_60.txt,fen_suite,endgame_2_10+capture_available,,,,a4a5,5,2408,0.08617933301138692,a4a5,-11,-11,0.498,0.498,0.0,0.0,0.0,0.0,False,False,False,0.0
suite_0002,rnb1k1nr/pp3ppp/1qp5/2bpp3/4P3/1PNB1P2/P1PP2PP/R1BQK1NR w KQkq - 0 1,training/data/test_fens_60.txt,fen_suite,high_material_24_32+capture_available,,,,c3a4,5,9612,0.5943295390170533,c3a4,+93,+93,0.7175,0.7175,0.0,0.0,0.0,0.0,False,False,False,0.0
validation_0104,4Rbk1/4R3/3r1pp1/1p1P4/8/8/7P/7K w - -,training/data/samples/lichess_validation_250k.csv,validation_sample,late_11_16+capture_available,,,,e7b7,5,8971,0.3482654949766584,e8a8,+386,+401,1.0,1.0,-15.0,0.0,0.0,0.0,False,False,False,0.0
validation_0017,8/8/8/k7/8/7R/1R6/1K6 b - -,training/data/samples/lichess_validation_250k.csv,validation_sample,endgame_2_10+quiet,,,,a5a4,5,1234,0.04237758999806829,a5a4,#-2,#-2,0.0,0.0,0.0,0.0,0.0,0.0,False,False,False,0.0
validation_0210,6k1/pp3pp1/4pn1p/q7/2P5/1P2PBP1/P2r1P1P/1Q3K1R b - -,training/data/samples/lichess_validation_250k.csv,validation_sample,middle_17_23+capture_available,,,,d2f2,5,28859,1.5113635650195647,a5c3,+130,-406,0.926,0.0,536.0,536.0,0.926,0.926,False,True,True,12.332
pgn_nn_vs_stockfish_2000_g7_p146,8/1p6/6p1/1k5p/8/R7/2qr4/K7 b - - 11 73,/home/rohanhs568/code/aichessathon-starter/nn_vs_stockfish_2000.pgn,pgn,endgame_2_10+quiet,7,146,c2c1,d2d1,5,2102,0.07762833501328714,c2c1,#+1,#+1,1.0,1.0,0.0,0.0,0.0,0.0,False,False,False,0.0
validation_0218,5r2/1p2qp1k/p1r1b1p1/3p3p/3Q3P/3B2R1/PP3PP1/4R1K1 w - -,training/data/samples/lichess_validation_250k.csv,validation_sample,middle_17_23+capture_rich,,,,g3g5,5,45103,2.4423073059879243,a2a4,+13,-42,0.503,0.4805,55.0,55.0,0.02250000000000002,0.02250000000000002,False,False,False,0.3350000000000002
validation_0284,2Qb3k/1pB3p1/p4p1p/3q4/6P1/5N1P/PP3PK1/8 b - -,training/data/samples/lichess_validation_250k.csv,validation_sample,middle_17_23+capture_available,,,,h8h7,5,10924,0.5132726170122623,h8h7,-658,-658,0.0,0.0,0.0,0.0,0.0,0.0,False,False,False,0.0
validation_0173,1rr3k1/5pp1/4n2p/8/8/BP6/5PPP/1R4K1 b - -,training/data/samples/lichess_validation_250k.csv,validation_sample,late_11_16+capture_available,,,,e6f4,5,30650,1.1037287850049324,c8d8,+531,+465,1.0,1.0,66.0,66.0,0.0,0.0,False,False,False,0.132
pgn_nn_vs_material_g1_p60,r3kb1r/pp1bpQ1p/2q4p/4RP2/2B3P1/P6P/1PP5/1K1R4 b - - 3 30,/home/rohanhs568/code/aichessathon-starter/nn_vs_material.pgn,pgn,middle_17_23+in_check,1,60,e8d8,e8d8,5,7298,0.40584374897298403,e8d8,-668,-668,0.0,0.0,0.0,0.0,0.0,0.0,False,False,False,0.0
pgn_nn_vs_material_g1_p64,1r1k1b1r/pp1RpQ1p/2q4p/5P2/2B3P1/P6P/1PP5/1K1R4 b - - 0 32,/home/rohanhs568/code/aichessathon-starter/nn_vs_material.pgn,pgn,middle_17_23+in_check,1,64,c6d7,c6d7,5,2021,0.10885052502271719,c6d7,-717,-717,0.0,0.0,0.0,0.0,0.0,0.0,False,False,False,0.0
validation_0352,2r2rk1/4bppp/p3p3/1q1b4/n1pP1B2/2R1P3/1P1NBPPP/Q1R3K1 b - -,training/data/samples/lichess_validation_250k.csv,validation_sample,high_material_24_32+capture_rich,,,,a4c3,5,47631,2.9657809080090374,a4c3,+192,+192,0.9925,0.9925,0.0,0.0,0.0,0.0,False,False,False,0.0
validation_0165,6rk/2p5/5bq1/2p5/6Q1/5N2/5PP1/4R1K1 w - -,training/data/samples/lichess_validation_250k.csv,validation_sample,late_11_16+capture_available,,,,g4h3,5,8877,0.39944807800929993,g4h3,+129,+129,0.923,0.923,0.0,0.0,0.0,0.0,False,False,False,0.0
validation_0257,2r2nk1/p4pp1/4p3/7p/q2rP2P/PRP2PB1/1Q3PK1/2R5 w - -,training/data/samples/lichess_validation_250k.csv,validation_sample,middle_17_23+capture_available,,,,c3d4,5,18258,1.0475714030035306,c3d4,+303,+303,1.0,1.0,0.0,0.0,0.0,0.0,False,False,False,0.0
pgn_nn_vs_stockfish_full_g5_p26,rn3rk1/pb2bNpp/1p2pn2/8/2pq4/2N5/PPBB1PPP/R2QR1K1 b - - 0 13,/home/rohanhs568/code/aichessathon-starter/nn_vs_stockfish_full.pgn,pgn,high_material_24_32+capture_rich,5,26,f8f7,e7c5,5,30478,1.703980132995639,f8f7,+387,+299,1.0,1.0,88.0,88.0,0.0,0.0,False,False,False,0.176
pgn_nn_vs_stockfish_full_g6_p22,r1bqk2r/2pp1pp1/p1nb3p/3B4/Pp1NP3/8/1PP2PPP/R1BQK2R b KQkq - 0 11,/home/rohanhs568/code/aichessathon-starter/nn_vs_stockfish_full.pgn,pgn,high_material_24_32+capture_available,6,22,c6d4,c8b7,5,33845,1.9571824129961897,e8g8,-111,-131,0.1915,0.103,20.0,20.0,0.08850000000000001,0.08850000000000001,False,False,False,0.9250000000000002
pgn_v1_1_vs_v1_g7_p60,8/3k2rp/1p2p2R/p7/3PP2P/1R1K1P2/2r5/5n2 b - - 5 30,/home/rohanhs568/code/aichessathon-starter/v1_1_vs_v1.pgn,pgn,late_11_16+quiet,7,60,g7g2,g7g2,5,7833,0.3560726210125722,c2d2,+279,+287,1.0,1.0,-8.0,0.0,0.0,0.0,False,False,False,0.0
validation_0388,2k1r3/pp3pp1/1qprpn1p/3p4/1P1P2PP/P1NQPP2/2P2K2/RR6 b - -,training/data/samples/lichess_validation_250k.csv,validation_sample,high_material_24_32+capture_available,,,,b6d8,5,35373,2.0804105199931655,b6c7,+60,+57,0.5555,0.548,3.0,3.0,0.007499999999999951,0.007499999999999951,False,False,False,0.08099999999999952
validation_0054,8/1p6/2k5/8/4P1K1/8/8/8 b - -,training/data/samples/lichess_validation_250k.csv,validation_sample,endgame_2_10+quiet,,,,b7b5,5,1403,0.04085604500141926,b7b5,+11,+11,0.502,0.502,0.0,0.0,0.0,0.0,False,False,False,0.0
validation_0298,8/bp3k2/p3p1p1/2pqP2p/5P1P/1PP3P1/P1Q4K/8 b - -,training/data/samples/lichess_validation_250k.csv,validation_sample,middle_17_23+capture_available,,,,d5f3,5,5553,0.23517782599083148,c5c4,+417,+310,1.0,1.0,107.0,107.0,0.0,0.0,False,False,False,0.214
pgn_nn_vs_stockfish_2000_g1_p72,2k5/R7/p2b4/q4pB1/2pp4/5B2/b4PPP/R5K1 b - - 0 36,/home/rohanhs568/code/aichessathon-starter/nn_vs_stockfish_2000.pgn,pgn,late_11_16+capture_available,1,72,c4c3,d4d3,5,27189,1.24388700700365,c4c3,0,0,0.5,0.5,0.0,0.0,0.0,0.0,False,False,False,0.0
suite_0023,1r4r1/3k4/p3pBp1/2ppP1P1/7Q/4Pp2/PP1Kb3/8 w - - 0 1,training/data/test_fens_60.txt,fen_suite,middle_17_23+quiet,,,,h4h7,5,4954,0.232973703998141,h4h7,0,0,0.5,0.5,0.0,0.0,0.0,0.0,False,False,False,0.0
validation_0328,rn1q3r/pp1bkppp/3bpn2/1BppN3/3P1B2/2P1P3/PP3PPP/RN1QK2R w KQ -,training/data/samples/lichess_validation_250k.csv,validation_sample,high_material_24_32+capture_rich,,,,e5d7,5,28641,1.8227257000107784,b5d7,+79,+27,0.66,0.5295,52.0,52.0,0.13050000000000006,0.13050000000000006,False,False,False,1.4090000000000007
pgn_nn_vs_material_g18_p49,1k1r4/p1p2ppp/8/1p3b2/7P/2K5/PP2P2P/RN4R1 w - - 2 25,/home/rohanhs568/code/aichessathon-starter/nn_vs_material.pgn,pgn,middle_17_23+capture_available,18,49,g1g7,b1a3,5,10175,0.39440945800743066,b2b4,+387,+408,1.0,1.0,-21.0,0.0,0.0,0.0,False,False,False,0.0
validation_0157,8/5kp1/1bp4p/5p2/5P2/2NP1bP1/4K2P/8 w - -,training/data/samples/lichess_validation_250k.csv,validation_sample,late_11_16+in_check,,,,e2f3,5,2028,0.07235282400506549,e2f3,-8,-8,0.499,0.499,0.0,0.0,0.0,0.0,False,False,False,0.0
validation_0176,r5k1/5ppp/2N1p3/p7/P7/1Pn2P2/6PP/R3K3 b - -,training/data/samples/lichess_validation_250k.csv,validation_sample,late_11_16+capture_available,,,,a8a6,5,7451,0.37005952501203865,g8f8,-83,-237,0.364,0.0,154.0,154.0,0.364,0.364,False,False,False,3.9479999999999995
suite_0001,2rqr1k1/pb1n1ppp/3b1n2/1Npp4/8/1P1BPN2/PBQ2PPP/3R1RK1 b - - 0 1,training/data/test_fens_60.txt,fen_suite,high_material_24_32+capture_available,,,,d6b8,5,34677,2.0466136379982345,d6b8,+103,+103,0.7665,0.7665,0.0,0.0,0.0,0.0,False,False,False,0.0
validation_0382,r2qk2r/ppp3pp/2npp3/4p3/PP2P1n1/2PP1N2/5KPP/RNBQ3R w kq -,training/data/samples/lichess_validation_250k.csv,validation_sample,high_material_24_32+in_check,,,,f2e2,5,14908,0.8281162180064712,f2e1,+390,+336,1.0,1.0,54.0,54.0,0.0,0.0,False,False,False,0.108
pgn_v1_1_vs_v1_g3_p30,rnb2k2/p4p1p/2pP4/7N/8/2PB1P2/p1P2KPP/R2Q4 b - - 0 15,/home/rohanhs568/code/aichessathon-starter/v1_1_vs_v1.pgn,pgn,middle_17_23+quiet,3,30,b8d7,c8e6,5,16277,0.8132016489980742,c8a6,-730,-889,0.0,0.0,159.0,159.0,0.0,0.0,False,False,False,0.318
pgn_v1_1_vs_v1_g2_p135,8/8/8/8/6b1/4Kpk1/8/8 b - - 1 68,/home/rohanhs568/code/aichessathon-starter/v1_1_vs_v1.pgn,pgn,endgame_2_10+quiet,2,135,f3f2,f3f2,5,3201,0.10438318399246782,f3f2,+754,+754,1.0,1.0,0.0,0.0,0.0,0.0,False,False,False,0.0
pgn_nn_vs_material_g20_p39,2k4r/ppp2ppp/8/5b2/7P/7B/PPnrP2P/RN1K3R w - - 0 20,/home/rohanhs568/code/aichessathon-starter/nn_vs_material.pgn,pgn,middle_17_23+in_check,20,39,d1d2,b1d2,5,3006,0.14603760102181695,d1d2,+368,+108,1.0,0.804,260.0,260.0,0.19599999999999995,0.19599999999999995,False,False,False,2.4799999999999995
pgn_nn_vs_material_g5_p47,3q3r/PQr1kpbp/7p/2Pp4/8/5N1P/P4PP1/6K1 w - - 0 24,/home/rohanhs568/code/aichessathon-starter/nn_vs_material.pgn,pgn,middle_17_23+capture_available,5,47,a7a8q,b7b4,5,23975,1.2299172150087543,a7a8q,-305,-419,0.0,0.0,114.0,114.0,0.0,0.0,False,False,False,0.228
validation_0381,r1b1kb1r/3n1ppp/p1p1p3/2Pp4/4PB2/1Nq2N2/P1P2PPP/1R1Q1RK1 b kq -,training/data/samples/lichess_validation_250k.csv,validation_sample,high_material_24_32+capture_rich,,,,f8c5,5,23357,1.3914113770006225,d5e4,-91,-147,0.2985,0.0575,56.0,56.0,0.241,0.241,False,False,False,2.5220000000000002
suite_0040,1k1r4/1pp5/1n6/p1qp4/5Q2/PP3P2/2PR2r1/1NK1R3 b - - 0 1,training/data/test_fens_60.txt,fen_suite,middle_17_23+capture_available,,,,d8g8,5,27274,1.4272023029916454,g2d2,+57,+31,0.54,0.51,26.0,26.0,0.030000000000000027,0.030000000000000027,False,False,False,0.35200000000000026
pgn_nn_vs_stockfish_2000_g10_p3,rnbqkbnr/pppp1ppp/8/4p3/4P3/8/PPPP1PPP/RNBQKBNR w KQkq - 0 2,/home/rohanhs568/code/aichessathon-starter/nn_vs_stockfish_2000.pgn,pgn,high_material_24_32+quiet,10,3,f1c4,g1f3,5,15973,0.9557510829763487,g1f3,+34,+34,0.5385,0.5385,0.0,0.0,0.0,0.0,False,False,False,0.0
suite_0057,3k4/Q4R2/8/4p2p/2p2b2/8/7q/5K2 b - - 0 1,training/data/test_fens_60.txt,fen_suite,endgame_2_10+quiet,,,,h2h3,5,3777,0.14080488798208535,h2h3,0,0,0.5,0.5,0.0,0.0,0.0,0.0,False,False,False,0.0
validation_0309,r5k1/1b1rbpp1/pq2pn1p/1pP5/7B/1BN1P3/PP2QPPP/2RR2K1 b - -,training/data/samples/lichess_validation_250k.csv,validation_sample,high_material_24_32+capture_rich,,,,b6c6,5,32961,1.9466755140165333,d7d1,+46,-6,0.5415,0.497,52.0,52.0,0.044499999999999984,0.044499999999999984,False,False,False,0.5489999999999998
validation_0146,8/1p3p2/p2kb1pp/P2p4/BP1K4/4PP2/6PP/8 b - -,training/data/samples/lichess_validation_250k.csv,validation_sample,late_11_16+quiet,,,,g6g5,5,3063,0.12381159400683828,g6g5,-188,-188,0.003,0.003,0.0,0.0,0.0,0.0,False,False,False,0.0
pgn_nn_vs_material_g5_p35,1r1q3r/pp1knpbp/3p3p/1P1p4/2PP4/1Q3N1P/P4PP1/R3R1K1 w - - 0 18,/home/rohanhs568/code/aichessathon-starter/nn_vs_material.pgn,pgn,high_material_24_32+capture_available,5,35,c4c5,a1d1,5,53449,2.703026573988609,c4c5,-131,-214,0.084,0.0015,83.0,83.0,0.0825,0.0825,False,False,False,0.9910000000000001
validation_0366,r3kbnr/pp1npppp/1q6/2ppP3/3P4/1QP5/PP1B1PPP/RN2K1NR b KQkq -,training/data/samples/lichess_validation_250k.csv,validation_sample,high_material_24_32+capture_available,,,,e7e6,5,11405,0.6562449139892124,e7e6,+46,+46,0.5475,0.5475,0.0,0.0,0.0,0.0,False,False,False,0.0
validation_0043,8/8/8/6kP/6p1/4N1K1/8/1r6 w - -,training/data/samples/lichess_validation_250k.csv,validation_sample,endgame_2_10+capture_available,,,,h5h6,5,2417,0.07988735300023109,h5h6,-445,-445,0.0,0.0,0.0,0.0,0.0,0.0,False,False,False,0.0
pgn_nn_vs_stockfish_2000_g6_p6,rnbqkb1r/ppp1pppp/5n2/3p4/8/2N1PN2/PPPP1PPP/R1BQKB1R b KQkq - 0 3,/home/rohanhs568/code/aichessathon-starter/nn_vs_stockfish_2000.pgn,pgn,high_material_24_32+quiet,6,6,c7c5,c7c5,5,16291,1.019243078015279,c8f5,+17,+14,0.5175,0.514,3.0,3.0,0.0034999999999999476,0.0034999999999999476,False,False,False,0.040999999999999474
validation_0004,8/8/6p1/1p1K2P1/8/1kb1B3/8/8 b - -,training/data/samples/lichess_validation_250k.csv,validation_sample,endgame_2_10+quiet,,,,b5b4,5,2708,0.08190298100817017,c3a5,+57,-3,0.536,0.4995,60.0,60.0,0.03650000000000003,0.03650000000000003,False,False,False,0.4850000000000003
pgn_nn_vs_material_g20_p16,r3kb1r/ppp1qppp/2n2n2/3p1bN1/4p3/8/PPPPPPPP/RNBQKB1R b KQkq - 1 8,/home/rohanhs568/code/aichessathon-starter/nn_vs_material.pgn,pgn,high_material_24_32+quiet,20,16,e8c8,h7h6,5,13882,0.7583215769845992,h7h6,+435,+435,1.0,1.0,0.0,0.0,0.0,0.0,False,False,False,0.0
validation_0377,r1bqrnk1/1pp2pb1/p2p2n1/8/2PNNP1p/1P5P/PBQ1B1P1/3RR1K1 w - -,training/data/samples/lichess_validation_250k.csv,validation_sample,high_material_24_32+capture_available,,,,f4f5,5,25683,1.5407117040012963,f4f5,+257,+257,0.999,0.999,0.0,0.0,0.0,0.0,False,False,False,0.0
pgn_nn_vs_material_g19_p12,rnbqkb1r/pppppppp/7n/8/3PP3/2N2N1P/PPP1QPP1/R1B1KB1R b KQq - 2 6,/home/rohanhs568/code/aichessathon-starter/nn_vs_material.pgn,pgn,high_material_24_32+quiet,19,12,b8c6,d7d6,5,27055,1.6459928900003433,c7c6,-253,-281,0.002,0.001,28.0,28.0,0.001,0.001,False,False,False,0.066
validation_0170,5bk1/5p2/2q3p1/8/7Q/4B2P/1PK2P2/8 w - -,training/data/samples/lichess_validation_250k.csv,validation_sample,late_11_16+in_check,,,,c2d3,5,10219,0.40755308797815815,c2d2,+9,+5,0.5015,0.501,4.0,4.0,0.0004999999999999449,0.0004999999999999449,False,False,False,0.01299999999999945
validation_0042,8/2k5/7Q/8/3R4/8/PPP2PPP/6K1 w - -,training/data/samples/lichess_validation_250k.csv,validation_sample,endgame_2_10+quiet,,,,h6e6,5,20285,0.8045078540162649,d4d1,#+6,#+3,1.0,1.0,-3.0,0.0,0.0,0.0,False,False,False,0.0
validation_0337,r2qkb1r/pp4pp/2n2p1n/2pppb2/8/1P1PP1P1/PBPN1PBP/R2QK1NR w KQkq -,training/data/samples/lichess_validation_250k.csv,validation_sample,high_material_24_32+capture_available,,,,g1e2,5,26360,1.605910916987341,e3e4,-51,-51,0.4275,0.428,0.0,0.0,-0.0005000000000000004,0.0,False,False,False,0.0
validation_0192,4r1k1/1p1r2q1/p1pn1R2/7Q/1P3R2/7P/P5PK/8 b - -,training/data/samples/lichess_validation_250k.csv,validation_sample,late_11_16+capture_available,,,,e8e4,5,14891,0.7820338530000299,e8e4,-408,-408,0.0,0.0,0.0,0.0,0.0,0.0,False,False,False,0.0
pgn_nn_vs_stockfish_2000_g6_p53,6k1/p4p1p/5p2/2bp4/P5b1/1P2P3/1B4PP/3R1K1R w - - 1 27,/home/rohanhs568/code/aichessathon-starter/nn_vs_stockfish_2000.pgn,pgn,middle_17_23+capture_available,6,53,d1d5,d1d5,5,9276,0.3885356660175603,d1d5,+633,+633,1.0,1.0,0.0,0.0,0.0,0.0,False,False,False,0.0
suite_0034,3r1r2/ppp3pp/3nkp2/2n1p3/4P3/4NP2/PPP2NPP/2KR3R w - - 0 1,training/data/test_fens_60.txt,fen_suite,high_material_24_32+capture_available,,,,h2h4,5,29729,1.6353337650070898,f2d3,+15,+16,0.503,0.5035,-1.0,0.0,-0.0004999999999999449,0.0,False,False,False,0.0
pgn_v1_1_vs_v1_g13_p13,1rr5/1k6/p1b1pBp1/2QpP1P1/P7/1P2Pp2/3K4/8 w - - 1 7,/home/rohanhs568/code/aichessathon-starter/v1_1_vs_v1.pgn,pgn,middle_17_23+capture_available,13,13,c5e7,c5d6,5,13179,0.6185746700211894,c5e7,0,-366,0.5,0.0,366.0,366.0,0.5,0.5,False,False,False,5.732
validation_0293,2b2rk1/5p1p/p2p1ppb/8/1r1NP1P1/q1PQ3P/B4P2/R3K2R b K -,training/data/samples/lichess_validation_250k.csv,validation_sample,middle_17_23+capture_rich,,,,b4d4,5,23733,1.414669418008998,a3b2,+3,-110,0.501,0.185,113.0,113.0,0.316,0.316,False,False,False,3.386
validation_0136,5R2/2r2ppk/3p4/3P1N2/4P1b1/8/6P1/R5K1 w - -,training/data/samples/lichess_validation_250k.csv,validation_sample,late_11_16+capture_available,,,,f5d6,5,18691,0.6516299929935485,f5e3,+551,+518,1.0,1.0,33.0,33.0,0.0,0.0,False,False,False,0.066
validation_0130,4r1k1/p5p1/1p1RR2p/1P5P/P4PK1/r5P1/8/8 b - -,training/data/samples/lichess_validation_250k.csv,validation_sample,late_11_16+capture_available,,,,e8e6,5,3513,0.14691496698651463,e8e6,0,0,0.5,0.5,0.0,0.0,0.0,0.0,False,False,False,0.0
pgn_v1_1_vs_v1_g21_p21,5k2/R7/3K2p1/p7/P6r/8/8/8 w - - 0 11,/home/rohanhs568/code/aichessathon-starter/v1_1_vs_v1.pgn,pgn,endgame_2_10+capture_available,21,21,a7a5,a7a5,5,3465,0.11351085800561123,a7a5,+1,+1,0.5,0.5,0.0,0.0,0.0,0.0,False,False,False,0.0
pgn_nn_vs_material_g9_p85,1r4r1/p3k1b1/1p3n2/8/P1p5/2P4n/1PK2P2/8 w - - 3 43,/home/rohanhs568/code/aichessathon-starter/nn_vs_material.pgn,pgn,late_11_16+quiet,9,85,f2f3,f2f3,5,8503,0.3406369689910207,b2b3,-948,-1033,0.0,0.0,85.0,85.0,0.0,0.0,False,False,False,0.17
validation_0286,2r1nrk1/1p3ppp/p3p3/2bNq3/8/4B3/PP2QPPP/2RR2K1 w - -,training/data/samples/lichess_validation_250k.csv,validation_sample,middle_17_23+capture_available,,,,c1c5,5,16250,0.9611226700071711,d5e7,+274,-259,1.0,0.0,533.0,533.0,1.0,1.0,False,True,True,13.066
validation_0365,r3kbnr/pppq1ppp/2n1p3/3pP3/3Pb2N/2P5/PP1B1PPP/RN1QKB1R b KQkq -,training/data/samples/lichess_validation_250k.csv,validation_sample,high_material_24_32+capture_rich,,,,c6a5,5,36322,2.274892593995901,e8c8,+38,-32,0.546,0.4635,70.0,70.0,0.08250000000000002,0.08250000000000002,False,False,False,0.9650000000000002
validation_0110,r1qr2k1/4Rppp/1p6/8/8/1P4P1/4QPP1/4R1K1 w - -,training/data/samples/lichess_validation_250k.csv,validation_sample,late_11_16+capture_available,,,,e2f3,5,28865,1.1770700920023955,e2b5,+10,+12,0.5015,0.502,-2.0,0.0,-0.000500000000000056,0.0,False,False,False,0.0
validation_0188,4k3/3b4/3B3p/1p1p2p1/p1P1p1P1/P3P1P1/3KB3/8 b - -,training/data/samples/lichess_validation_250k.csv,validation_sample,late_11_16+capture_available,,,,d5c4,5,4876,0.20055875901016407,d5c4,-362,-362,0.0,0.0,0.0,0.0,0.0,0.0,False,False,False,0.0
validation_0391,r1b1kb1r/ppp1pppp/n3qn2/8/3P4/P1N5/1PP1NPPP/R1BQKB1R b KQkq -,training/data/samples/lichess_validation_250k.csv,validation_sample,high_material_24_32+capture_available,,,,g7g6,5,21349,1.2531285849981941,g7g6,-92,-92,0.288,0.288,0.0,0.0,0.0,0.0,False,False,False,0.0
validation_0209,1r3r1k/5p2/3pb2p/1ppB2pP/4P1P1/2P5/P1PK4/5R1R w - -,training/data/samples/lichess_validation_250k.csv,validation_sample,middle_17_23+capture_available,,,,f1f6,5,7156,0.3461864749842789,d5e6,-28,-61,0.493,0.4525,33.0,33.0,0.04049999999999998,0.04049999999999998,False,False,False,0.4709999999999998
pgn_nn_vs_material_g1_p19,rnbqkb1r/pppppppp/7n/3P2B1/4P3/2N2N1P/PPP1QPP1/2KR1B1R w q - 5 10,/home/rohanhs568/code/aichessathon-starter/nn_vs_material.pgn,pgn,high_material_24_32+capture_available,1,19,e4e5,g2g4,5,25138,1.575604902987834,e4e5,+433,+399,1.0,1.0,34.0,34.0,0.0,0.0,False,False,False,0.068
pgn_v1_1_vs_v1_g7_p39,6r1/3k1pBp/1p2p3/p3R3/2rPP2P/R1n3P1/5PK1/8 w - - 7 20,/home/rohanhs568/code/aichessathon-starter/v1_1_vs_v1.pgn,pgn,middle_17_23+capture_rich,7,39,g7f6,g7f6,5,20323,1.0045138419955038,g7f6,-116,-116,0.143,0.143,0.0,0.0,0.0,0.0,False,False,False,0.0
pgn_nn_vs_material_g10_p3,rnbqkbnr/ppp1pppp/8/3p4/8/7N/PPPPPPPP/RNBQKB1R w KQkq - 0 2,/home/rohanhs568/code/aichessathon-starter/nn_vs_material.pgn,pgn,high_material_24_32+quiet,10,3,h3g1,c2c4,5,18070,1.0245981299958657,d2d4,-70,-109,0.374,0.2125,39.0,39.0,0.1615,0.1615,False,False,False,1.693
validation_0099,8/4b3/2k3K1/P4P2/8/1N6/8/8 b - -,training/data/samples/lichess_validation_250k.csv,validation_sample,endgame_2_10+quiet,,,,c6d5,5,4216,0.141447864996735,e7h4,-470,-463,0.0,0.0,-7.0,0.0,0.0,0.0,False,False,False,0.0
suite_0029,6k1/p1q2rp1/1p4pn/8/2r5/P6Q/1B3PPP/3RR1K1 w - - 0 1,training/data/test_fens_60.txt,fen_suite,middle_17_23+capture_available,,,,e1e8,5,33449,1.7564741790120024,e1e8,+107,+107,0.8015,0.8015,0.0,0.0,0.0,0.0,False,False,False,0.0
validation_0393,rn1qk2r/4ppbp/p1ppN1p1/3nP3/1p3P2/4BQ1P/PPP3P1/2KR1BNR b kq -,training/data/samples/lichess_validation_250k.csv,validation_sample,high_material_24_32+capture_rich,,,,f7e6,5,12223,0.7476727869943716,f7e6,-20,-20,0.484,0.484,0.0,0.0,0.0,0.0,False,False,False,0.0
validation_0200,4rrk1/p4p2/4p1p1/7p/4qP2/7Q/P5PP/R6K w - -,training/data/samples/lichess_validation_250k.csv,validation_sample,late_11_16+capture_available,,,,h3a3,5,35841,1.3359816459997091,h3g3,-672,-694,0.0,0.0,22.0,22.0,0.0,0.0,False,False,False,0.044
pgn_nn_vs_stockfish_2000_g5_p46,1k1r3r/pp2np2/1P1pqb2/3p2p1/P2P4/B1PB3p/Q4PP1/1R4K1 b - - 0 23,/home/rohanhs568/code/aichessathon-starter/nn_vs_stockfish_2000.pgn,pgn,high_material_24_32+capture_available,5,46,h3g2,h3g2,5,24145,1.433922739000991,f6d4,+436,+599,1.0,1.0,-163.0,0.0,0.0,0.0,False,False,False,0.0
validation_0171,1n1Nr3/pbkR3p/5N1B/6p1/8/4n3/PP3K2/8 b - -,training/data/samples/lichess_validation_250k.csv,validation_sample,late_11_16+in_check,,,,b8d7,5,2502,0.11393084001610987,b8d7,+370,+370,1.0,1.0,0.0,0.0,0.0,0.0,False,False,False,0.0
validation_0109,r1r5/pR3pkp/2N3p1/3P4/8/8/b4PPP/3R2K1 b - -,training/data/samples/lichess_validation_250k.csv,validation_sample,late_11_16+capture_available,,,,a2d5,5,5822,0.2692522050056141,a7a5,+65,+22,0.557,0.505,43.0,43.0,0.052000000000000046,0.052000000000000046,False,False,False,0.6060000000000004
pgn_nn_vs_material_g4_p66,1k1r4/5R2/1pb5/8/4r1nP/N1P3KP/PP2P3/R7 b - - 0 33,/home/rohanhs568/code/aichessathon-starter/nn_vs_material.pgn,pgn,late_11_16+capture_available,4,66,g4e3,g4e5,5,17028,0.8557944019848946,g4e5,+418,+418,1.0,1.0,0.0,0.0,0.0,0.0,False,False,False,0.0
validation_0373,r1bqk2r/ppp2ppp/3P1n2/4pnN1/2B5/1QP5/PP1P1KPP/RNB4R b kq -,training/data/samples/lichess_validation_250k.csv,validation_sample,high_material_24_32+capture_available,,,,f6g4,5,19196,1.3219607900246046,f6g4,+151,+151,0.943,0.943,0.0,0.0,0.0,0.0,False,False,False,0.0
pgn_nn_vs_material_g7_p74,1r3k1r/p4nb1/1p3n2/5QP1/2p5/P1P4P/KP3P2/6q1 b - - 2 37,/home/rohanhs568/code/aichessathon-starter/nn_vs_material.pgn,pgn,middle_17_23+capture_rich,7,74,f7g5,f7g5,5,31221,1.2106101580138784,g1g5,+998,+832,1.0,1.0,166.0,166.0,0.0,0.0,False,False,False,0.332
validation_0304,2rq1rk1/p3bppp/1p2pn2/2p5/1nPPb3/N3PNP1/PB3PBP/R2QR1K1 w - -,training/data/samples/lichess_validation_250k.csv,validation_sample,high_material_24_32+capture_available,,,,f3e5,5,20725,1.2904999110032804,f3e5,-61,-61,0.4085,0.4085,0.0,0.0,0.0,0.0,False,False,False,0.0
validation_0065,8/8/1Pb3Kp/8/3k1P1P/8/8/8 b - -,training/data/samples/lichess_validation_250k.csv,validation_sample,endgame_2_10+quiet,,,,d4e4,5,4794,0.15824956001597457,d4e4,-505,-505,0.0,0.0,0.0,0.0,0.0,0.0,False,False,False,0.0
pgn_v1_1_vs_v1_g24_p8,8/2r3k1/P7/8/2PR4/5K1p/8/8 b - - 3 4,/home/rohanhs568/code/aichessathon-starter/v1_1_vs_v1.pgn,pgn,endgame_2_10+capture_available,24,8,c7a7,c7a7,5,5519,0.1976437569828704,c7a7,0,0,0.5,0.5,0.0,0.0,0.0,0.0,False,False,False,0.0
pgn_v1_1_vs_v1_g5_p52,7k/1pp5/3r3p/2p5/1pP5/1P2PR2/P1B1K1P1/5R2 b - - 8 26,/home/rohanhs568/code/aichessathon-starter/v1_1_vs_v1.pgn,pgn,late_11_16+quiet,5,52,d6d7,d6d7,5,4213,0.1997789799934253,d6d7,-806,-806,0.0,0.0,0.0,0.0,0.0,0.0,False,False,False,0.0
pgn_nn_vs_material_g4_p58,3rr3/1k3p1R/1pb5/8/6nP/N1P5/PP2P2P/R4K2 b - - 3 29,/home/rohanhs568/code/aichessathon-starter/nn_vs_material.pgn,pgn,middle_17_23+capture_available,4,58,g4e3,d8d2,5,37801,1.6328730329987593,d8d7,+343,+318,1.0,1.0,25.0,25.0,0.0,0.0,False,False,False,0.05
validation_0287,3r2k1/pp2rppp/2p2p2/8/2P5/1PK2PbP/PB1P2P1/R6R b - -,training/data/samples/lichess_validation_250k.csv,validation_sample,middle_17_23+capture_available,,,,g3e5,5,7040,0.3982605180062819,g3e5,+327,+327,1.0,1.0,0.0,0.0,0.0,0.0,False,False,False,0.0
validation_0050,6n1/6k1/8/5K1P/5P1P/8/8/8 w - -,training/data/samples/lichess_validation_250k.csv,validation_sample,endgame_2_10+quiet,,,,h5h6,5,2597,0.08137620199704543,h5h6,+11,+11,0.502,0.502,0.0,0.0,0.0,0.0,False,False,False,0.0
pgn_nn_vs_material_g11_p6,rnbqkbr1/pppppppp/7n/8/3PP3/2N5/PPP2PPP/R1BQKBNR b KQq - 2 3,/home/rohanhs568/code/aichessathon-starter/nn_vs_material.pgn,pgn,high_material_24_32+quiet,11,6,g8h8,c7c6,5,19915,1.1586696410086006,e7e6,-221,-214,0.0065,0.0085,-7.0,0.0,-0.002000000000000001,0.0,False,False,False,0.0
validation_0251,8/p2Rb1kp/1p4p1/2p2pq1/8/2P2Q1P/PP3PP1/5K2 b - -,training/data/samples/lichess_validation_250k.csv,validation_sample,middle_17_23+capture_available,,,,a7a5,5,20146,0.9764531300170347,g7f6,-452,-476,0.0,0.0,24.0,24.0,0.0,0.0,False,False,False,0.048
validation_0023,8/1p4k1/3p4/1P6/2P1Kp2/3r2b1/3r4/8 b - -,training/data/samples/lichess_validation_250k.csv,validation_sample,endgame_2_10+quiet,,,,g7g6,5,5520,0.23454584801220335,g7f6,#+2,#+2,1.0,1.0,0.0,0.0,0.0,0.0,False,False,False,0.0
pgn_v1_1_vs_v1_g18_p25,8/5k2/7p/8/2R5/2n1rN2/5KP1/8 b - - 22 13,/home/rohanhs568/code/aichessathon-starter/v1_1_vs_v1.pgn,pgn,endgame_2_10+capture_available,18,25,e3e2,c3d1,5,9873,0.3648354089818895,c3d1,-2,-2,0.4995,0.4995,0.0,0.0,0.0,0.0,False,False,False,0.0
validation_0319,r1bq1rk1/pppnppbp/3p1np1/6B1/3PP3/2PB4/PP1N1PPP/R2QK1NR b KQ -,training/data/samples/lichess_validation_250k.csv,validation_sample,high_material_24_32+capture_available,,,,h7h6,5,18070,1.1033453110139817,h7h6,+31,+31,0.534,0.534,0.0,0.0,0.0,0.0,False,False,False,0.0
validation_0278,4r3/p2nr3/1p2p1k1/3pRppp/3P4/2P2P1P/PP1N2P1/4R1K1 w - -,training/data/samples/lichess_validation_250k.csv,validation_sample,middle_17_23+capture_available,,,,e5e2,5,16681,0.7904080550069921,e5e2,-57,-57,0.461,0.461,0.0,0.0,0.0,0.0,False,False,False,0.0
validation_0045,8/8/6pp/5p2/1P6/4n1kP/8/1rN3K1 b - -,training/data/samples/lichess_validation_250k.csv,validation_sample,endgame_2_10+capture_available,,,,b1c1,5,563,0.024411331018200144,b1c1,#+1,#+1,1.0,1.0,0.0,0.0,0.0,0.0,False,False,False,0.0
validation_0247,r3r1k1/6bp/pq2b1p1/RN1Qp1B1/1PP5/8/5PPP/5BK1 w - -,training/data/samples/lichess_validation_250k.csv,validation_sample,middle_17_23+capture_rich,,,,d5f3,5,28491,1.6072722609969787,d5e4,0,-236,0.5,0.0005,236.0,236.0,0.4995,0.4995,False,False,False,5.4670000000000005
validation_0056,8/p7/1p3k2/8/4K2P/1P6/b1P5/8 b - -,training/data/samples/lichess_validation_250k.csv,validation_sample,endgame_2_10+capture_available,,,,a2b1,5,2488,0.09187662799376994,f6g6,-2,-1,0.4995,0.4995,-1.0,0.0,0.0,0.0,False,False,False,0.0
validation_0133,1B1k4/ppR2B1P/4p3/3bq3/5P2/8/PP4PK/3q4 b - -,training/data/samples/lichess_validation_250k.csv,validation_sample,late_11_16+capture_rich,,,,e5f4,5,7959,0.4485593260033056,e5f4,#+2,#+2,1.0,1.0,0.0,0.0,0.0,0.0,False,False,False,0.0
validation_0187,8/1p1r3p/5n1k/2p2pR1/2B2Pp1/1P4P1/7P/6K1 b - -,training/data/samples/lichess_validation_250k.csv,validation_sample,late_11_16+quiet,,,,d7d1,5,3432,0.1463638879940845,d7d1,+15,+15,0.503,0.503,0.0,0.0,0.0,0.0,False,False,False,0.0
validation_0127,5Q2/k7/1p6/8/1P6/pq6/1P5p/KR3Q2 b - -,training/data/samples/lichess_validation_250k.csv,validation_sample,late_11_16+capture_available,,,,h2h1q,5,12937,0.5852043589984532,b3d5,-701,-1278,0.0,0.0,577.0,577.0,0.0,0.0,False,False,False,1.154
validation_0019,8/p7/6K1/5p1P/1p6/8/k4PP1/8 b - -,training/data/samples/lichess_validation_250k.csv,validation_sample,endgame_2_10+quiet,,,,b4b3,5,1064,0.041510121984174475,b4b3,+8,+8,0.501,0.501,0.0,0.0,0.0,0.0,False,False,False,0.0
pgn_nn_vs_stockfish_2000_g7_p43,r6r/pp1k1p2/1q1p1bpp/2pP4/5P2/2N2R2/PPPQ3P/2K1R3 w - - 0 22,/home/rohanhs568/code/aichessathon-starter/nn_vs_stockfish_2000.pgn,pgn,middle_17_23+quiet,7,43,c3a4,f4f5,5,35029,1.9289589040272404,b2b3,-133,-215,0.073,0.001,82.0,82.0,0.072,0.072,False,False,False,0.884
suite_0005,brnkqnrb/p1pppp1p/1p4p1/8/4P3/4N1P1/PPPP1P1P/BRNKQ1RB b - - 0 1,training/data/test_fens_60.txt,fen_suite,high_material_24_32+capture_available,,,,f7f5,5,10307,0.5690797340066638,c8d6,+42,+14,0.5535,0.514,28.0,28.0,0.03949999999999998,0.03949999999999998,False,False,False,0.4509999999999998
pgn_nn_vs_stockfish_2000_g1_p132,8/8/p7/3k1p2/8/1K1p4/4q3/8 b - - 3 66,/home/rohanhs568/code/aichessathon-starter/nn_vs_stockfish_2000.pgn,pgn,endgame_2_10+quiet,1,132,e2f2,d3d2,5,11121,0.3842958149907645,e2c2,#+7,#+4,1.0,1.0,-3.0,0.0,0.0,0.0,False,False,False,0.0
validation_0084,8/r4K2/1R3Bp1/7p/6kP/8/8/8 w - -,training/data/samples/lichess_validation_250k.csv,validation_sample,endgame_2_10+in_check,,,,f7g6,5,2219,0.08076502397307195,f7g6,+435,+435,1.0,1.0,0.0,0.0,0.0,0.0,False,False,False,0.0
validation_0332,r1q2rk1/pp2bpp1/2n1pnp1/2pp4/3P1BP1/1QP1P2P/PP1NBP2/2KR3R b - -,training/data/samples/lichess_validation_250k.csv,validation_sample,high_material_24_32+capture_available,,,,c5d4,5,22521,1.2921441920043435,c5d4,+163,+163,0.966,0.966,0.0,0.0,0.0,0.0,False,False,False,0.0
validation_0185,8/5p1p/3RBkp1/p7/8/2P4P/5PPK/r7 b - -,training/data/samples/lichess_validation_250k.csv,validation_sample,late_11_16+capture_available,,,,f6e5,5,6000,0.24434010000550188,f7e6,+41,+4,0.516,0.501,37.0,37.0,0.015000000000000013,0.015000000000000013,False,False,False,0.22400000000000014
validation_0021,8/8/2n5/2kN4/4P3/5P1P/1Q4P1/6K1 b - -,training/data/samples/lichess_validation_250k.csv,validation_sample,endgame_2_10+quiet,,,,c5d6,5,8844,0.36896066399640404,c5c4,-946,#-7,0.0,0.0,99047.0,99047.0,0.0,0.0,True,False,False,7.0
pgn_v1_1_vs_v1_g9_p4,8/p3b3/2p1k3/1p4pp/1P2P3/2PN1K1P/1P6/8 b - - 3 2,/home/rohanhs568/code/aichessathon-starter/v1_1_vs_v1.pgn,pgn,late_11_16+capture_available,9,4,e7f8,e7d6,5,5864,0.2341808619967196,e6f6,+56,+53,0.5345,0.5295,3.0,3.0,0.0050000000000000044,0.0050000000000000044,False,False,False,0.05600000000000004
pgn_nn_vs_material_g12_p33,2krr3/ppp2ppp/7q/2b2b2/3np3/2N3P1/PPPP3P/R1BQKBNR w - - 2 17,/home/rohanhs568/code/aichessathon-starter/nn_vs_material.pgn,pgn,high_material_24_32+capture_available,12,33,h2h3,f1e2,5,69310,3.9404244089964777,f1g2,-561,-796,0.0,0.0,235.0,235.0,0.0,0.0,False,False,False,0.47
pgn_nn_vs_stockfish_full_g6_p55,8/3b2pk/p4p1p/3B4/P1Q1PP2/q1B5/2KR2PP/7R w - - 4 28,/home/rohanhs568/code/aichessathon-starter/nn_vs_stockfish_full.pgn,pgn,middle_17_23+capture_available,6,55,h1a1,h1a1,5,15044,0.7123289390001446,d5g8,+1125,+931,1.0,1.0,194.0,194.0,0.0,0.0,False,False,False,0.388
suite_0053,8/7P/5k2/R7/8/2r3K1/8/8 w - - 0 1,training/data/test_fens_60.txt,fen_suite,endgame_2_10+in_check,,,,g3f2,5,4357,0.15277376098674722,g3h4,0,-1,0.5,0.5,1.0,1.0,0.0,0.0,False,False,False,0.002
validation_0016,8/Q7/5K2/4N3/8/8/3k4/8 w - -,training/data/samples/lichess_validation_250k.csv,validation_sample,endgame_2_10+quiet,,,,f6f5,5,54933,1.592959891015198,a7f7,+608,+608,1.0,1.0,0.0,0.0,0.0,0.0,False,False,False,0.0
validation_0351,r2qr1k1/1p3pbp/2p5/2P2n2/pP1pnPp1/7P/PB1PN1P1/RNK1Q2R b - -,training/data/samples/lichess_validation_250k.csv,validation_sample,high_material_24_32+capture_available,,,,d8d5,5,42203,2.467254067014437,e4g3,+592,+521,1.0,1.0,71.0,71.0,0.0,0.0,False,False,False,0.142
validation_0067,8/3P1R2/7k/7P/7P/8/5b1K/q7 w - -,training/data/samples/lichess_validation_250k.csv,validation_sample,endgame_2_10+capture_available,,,,f7h7,5,11726,0.48095937800826505,f7f2,-269,-674,0.0,0.0,405.0,405.0,0.0,0.0,False,False,False,0.81
pgn_nn_vs_stockfish_2000_g2_p6,rnbqkbnr/pp2pppp/8/2pp4/8/P1P2N2/1P1PPPPP/RNBQKB1R b KQkq - 0 3,/home/rohanhs568/code/aichessathon-starter/nn_vs_stockfish_2000.pgn,pgn,high_material_24_32+quiet,2,6,g8f6,g8f6,5,17470,1.0430604680150282,c8f5,+25,+7,0.5265,0.5065,18.0,18.0,0.020000000000000018,0.020000000000000018,False,False,False,0.23600000000000018
validation_0258,1k1r3r/1pq2pQp/p7/P2np3/2P1b3/B7/5PPP/R1R3K1 w - -,training/data/samples/lichess_validation_250k.csv,validation_sample,middle_17_23+capture_rich,,,,c4d5,5,44221,2.417297737993067,c4d5,-56,-56,0.457,0.457,0.0,0.0,0.0,0.0,False,False,False,0.0
validation_0353,r2q1rk1/pp4p1/4pnB1/n2p3p/3P1BPP/P1P2P2/2PQ4/2KR3R b - -,training/data/samples/lichess_validation_250k.csv,validation_sample,high_material_24_32+capture_available,,,,a5c4,5,11321,0.6042510779807344,a5c4,+185,+185,0.9925,0.9925,0.0,0.0,0.0,0.0,False,False,False,0.0
suite_0032,4R1k1/1p3p1p/6p1/8/2Pn4/1PN2RP1/r2r1P1P/6K1 b - - 0 1,training/data/test_fens_60.txt,fen_suite,middle_17_23+in_check,,,,g8g7,5,3542,0.16425014898413792,g8g7,+1,+1,0.5,0.5,0.0,0.0,0.0,0.0,False,False,False,0.0
pgn_nn_vs_stockfish_full_g1_p48,rr4k1/2pn1qp1/b1Q2p2/p2p4/8/1NB1PP2/PP4PP/2R3K1 b - - 2 24,/home/rohanhs568/code/aichessathon-starter/nn_vs_stockfish_full.pgn,pgn,middle_17_23+capture_available,1,48,a5a4,a5a4,5,34711,1.8418838959769346,b8e8,+476,+456,1.0,1.0,20.0,20.0,0.0,0.0,False,False,False,0.04
validation_0075,8/2b5/1p6/p2k4/RP6/PK1N1r2/8/8 w - -,training/data/samples/lichess_validation_250k.csv,validation_sample,endgame_2_10+capture_available,,,,b4a5,5,3400,0.13635324401548132,b4a5,-11,-11,0.498,0.498,0.0,0.0,0.0,0.0,False,False,False,0.0
pgn_v1_1_vs_v1_g2_p131,8/8/8/5p2/6b1/6k1/3K4/8 b - - 3 66,/home/rohanhs568/code/aichessathon-starter/v1_1_vs_v1.pgn,pgn,endgame_2_10+quiet,2,131,f5f4,f5f4,5,2364,0.06601504900027066,f5f4,+730,+730,1.0,1.0,0.0,0.0,0.0,0.0,False,False,False,0.0
validation_0282,8/5kpp/1ppqnp2/p7/3PQ3/P6P/1PN2PP1/6K1 w - -,training/data/samples/lichess_validation_250k.csv,validation_sample,middle_17_23+capture_available,,,,e4h7,5,9678,0.4392319549806416,e4h7,0,0,0.5,0.5,0.0,0.0,0.0,0.0,False,False,False,0.0
pgn_v1_1_vs_v1_g12_p5,8/1b4k1/p2p4/Pp1P2p1/1P1r4/1R4KP/8/3B4 w - - 1 3,/home/rohanhs568/code/aichessathon-starter/v1_1_vs_v1.pgn,pgn,late_11_16+quiet,12,5,d1c2,d1c2,5,10269,0.4494712910091039,d1f3,-43,-314,0.4815,0.0,271.0,271.0,0.4815,0.4815,False,False,False,5.356999999999999
validation_0090,q7/P7/8/1k6/3K4/8/8/8 b - -,training/data/samples/lichess_validation_250k.csv,validation_sample,endgame_2_10+capture_available,,,,a8a7,5,14305,0.42768666698248126,b5a6,+531,+536,1.0,1.0,-5.0,0.0,0.0,0.0,False,False,False,0.0
validation_0329,rnbq1bnr/pppp1ppp/6k1/3N4/4P1N1/8/PPPP1PPP/R1BQKB1R w KQ -,training/data/samples/lichess_validation_250k.csv,validation_sample,high_material_24_32+capture_available,,,,d5f4,5,5456,0.3952990199904889,d5f4,#+3,#+3,1.0,1.0,0.0,0.0,0.0,0.0,False,False,False,0.0
suite_0033,2r3k1/4ppbp/3p2p1/rNnP4/2P1PP2/5KPP/2R2B2/1R6 w - - 0 1,training/data/test_fens_60.txt,fen_suite,middle_17_23+capture_available,,,,f2e3,5,33576,1.7918379789916798,f2c5,+52,+43,0.5285,0.5175,9.0,9.0,0.01100000000000001,0.01100000000000001,False,False,False,0.12800000000000009
validation_0140,4Q3/8/4pk2/p6B/1p6/5P1K/2P3P1/4q3 b - -,training/data/samples/lichess_validation_250k.csv,validation_sample,late_11_16+quiet,,,,e1h1,5,3788,0.14612249701167457,a5a4,-361,-465,0.0,0.0,104.0,104.0,0.0,0.0,False,False,False,0.208
validation_0182,6k1/6Np/6pP/5p2/1P1P4/2P1rP2/6P1/6K1 b - -,training/data/samples/lichess_validation_250k.csv,validation_sample,late_11_16+capture_available,,,,g8f7,5,4714,0.186105372995371,e3c3,+168,+21,0.991,0.504,147.0,147.0,0.487,0.487,False,False,True,6.164
pgn_nn_vs_stockfish_2000_g2_p13,rnbqkb1r/pp3pp1/4pn1p/3p4/2Pp4/P3PN2/1P3PPP/RNBQKB1R w KQkq - 0 7,/home/rohanhs568/code/aichessathon-starter/nn_vs_stockfish_2000.pgn,pgn,high_material_24_32+capture_rich,2,13,e3d4,e3d4,5,20654,1.3124913689971436,e3d4,-20,-20,0.4815,0.4815,0.0,0.0,0.0,0.0,False,False,False,0.0
validation_0038,8/6r1/4k2p/1P2p3/7P/2NK4/8/4R3 b - -,training/data/samples/lichess_validation_250k.csv,validation_sample,endgame_2_10+quiet,,,,g7g4,5,9981,0.3483807960001286,g7f7,-522,-506,0.0,0.0,-16.0,0.0,0.0,0.0,False,False,False,0.0
validation_0001,8/1p6/p7/4p1kP/8/4K3/P7/8 w - -,training/data/samples/lichess_validation_250k.csv,validation_sample,endgame_2_10+quiet,,,,e3e4,5,803,0.030266021989518777,e3e4,-8,-8,0.499,0.499,0.0,0.0,0.0,0.0,False,False,False,0.0
pgn_nn_vs_stockfish_full_g4_p8,r1bqkb1r/ppppnppp/2n5/1B2p3/4P3/2N2N2/PPPP1PPP/R1BQK2R b KQkq - 5 4,/home/rohanhs568/code/aichessathon-starter/nn_vs_stockfish_full.pgn,pgn,high_material_24_32+quiet,4,8,a7a6,a7a6,5,10521,0.6666627639788203,e7g6,-51,-78,0.4285,0.342,27.0,27.0,0.08649999999999997,0.08649999999999997,False,False,False,0.9189999999999997
suite_0025,r3r1k1/5ppp/p1p5/1pN5/PPnP4/3Q2P1/4qPP1/1RR3K1 w - - 0 1,training/data/test_fens_60.txt,fen_suite,middle_17_23+capture_rich,,,,d3e2,5,10646,0.6067340970039368,d3e2,+9,+9,0.502,0.502,0.0,0.0,0.0,0.0,False,False,False,0.0
validation_0020,8/8/8/8/8/3K4/k7/q7 w - -,training/data/samples/lichess_validation_250k.csv,validation_sample,endgame_2_10+quiet,,,,d3e4,5,3314,0.09067737200530246,d3c4,-490,-514,0.0,0.0,24.0,24.0,0.0,0.0,False,False,False,0.048
validation_0380,1r6/3r1nbk/Rp3qp1/2pPpb2/2N4p/1Q3BBP/1P3PP1/4R1K1 w - -,training/data/samples/lichess_validation_250k.csv,validation_sample,high_material_24_32+capture_rich,,,,g3h2,5,55448,3.08819294400746,g3h2,+126,+126,0.885,0.885,0.0,0.0,0.0,0.0,False,False,False,0.0
pgn_v1_1_vs_v1_g19_p62,2k5/8/1P1K4/8/8/8/8/8 b - - 0 31,/home/rohanhs568/code/aichessathon-starter/v1_1_vs_v1.pgn,pgn,endgame_2_10+quiet,19,62,c8b8,c8b7,5,394,0.011724181997124106,c8b7,-11,-11,0.498,0.498,0.0,0.0,0.0,0.0,False,False,False,0.0
validation_0009,8/5p2/6k1/4pq2/Q7/3p1PKp/5P2/8 w - -,training/data/samples/lichess_validation_250k.csv,validation_sample,endgame_2_10+quiet,,,,a4c6,5,5911,0.2334377879742533,a4d1,-461,-584,0.0,0.0,123.0,123.0,0.0,0.0,False,False,False,0.246
validation_0392,2kr1b1r/1pp1qppp/p1p2n2/8/4P1b1/2NP1N2/PPP2PPP/R1BQ1RK1 b - -,training/data/samples/lichess_validation_250k.csv,validation_sample,high_material_24_32+capture_rich,,,,h7h5,5,41994,2.494332982983906,f6d7,-85,-170,0.3275,0.0245,85.0,85.0,0.303,0.303,False,False,False,3.1999999999999997
validation_0086,8/8/3K1k2/2P1R3/5P2/4P3/r7/8 w - -,training/data/samples/lichess_validation_250k.csv,validation_sample,endgame_2_10+quiet,,,,c5c6,5,6131,0.20091894498909824,c5c6,+675,+675,1.0,1.0,0.0,0.0,0.0,0.0,False,False,False,0.0
validation_0178,8/1q2kr2/4p1Q1/1p1pP3/p2P4/1P6/P4P2/1K5R b - -,training/data/samples/lichess_validation_250k.csv,validation_sample,late_11_16+capture_available,,,,b7b6,5,9831,0.4319213200069498,b7b6,-527,-527,0.0,0.0,0.0,0.0,0.0,0.0,False,False,False,0.0
pgn_v1_1_vs_v1_g10_p17,8/p3b3/2p5/1p2P1k1/1P4p1/2PN4/1P2K3/8 w - - 1 9,/home/rohanhs568/code/aichessathon-starter/v1_1_vs_v1.pgn,pgn,late_11_16+quiet,10,17,e2f2,e2f2,5,6536,0.24845455298782326,e2f2,-85,-85,0.353,0.353,0.0,0.0,0.0,0.0,False,False,False,0.0
pgn_nn_vs_material_g1_p68,1r3b1r/pp1kpQ1p/7p/1B3P2/6P1/P6P/1PP5/1K6 b - - 1 34,/home/rohanhs568/code/aichessathon-starter/nn_vs_material.pgn,pgn,middle_17_23+in_check,1,68,d7d8,d7c7,5,5641,0.22803868001210503,d7c7,-675,-675,0.0,0.0,0.0,0.0,0.0,0.0,False,False,False,0.0
pgn_nn_vs_stockfish_2000_g1_p32,r1b2b1r/ppq2kp1/5p2/PBppp2p/2P5/B7/P2N1PPP/1R1QR1K1 b - - 0 16,/home/rohanhs568/code/aichessathon-starter/nn_vs_stockfish_2000.pgn,pgn,high_material_24_32+capture_available,1,32,d5d4,d5d4,5,17770,0.9834437819954474,d5d4,-245,-245,0.0005,0.0005,0.0,0.0,0.0,0.0,False,False,False,0.0
validation_0152,8/2R5/2r5/2k1p3/1pP1P3/8/2Pn2B1/6K1 w - -,training/data/samples/lichess_validation_250k.csv,validation_sample,late_11_16+capture_available,,,,c7a7,5,8183,0.3174999949987978,c7d7,-49,-182,0.4755,0.004,133.0,133.0,0.4715,0.4715,False,False,False,4.981
validation_0175,8/4kp2/2Q4p/6p1/1PP5/3PPB2/5PPP/6K1 w - -,training/data/samples/lichess_validation_250k.csv,validation_sample,late_11_16+capture_available,,,,f3d5,5,14040,0.6313803179946262,f3e4,+873,+942,1.0,1.0,-69.0,0.0,0.0,0.0,False,False,False,0.0
validation_0283,r5k1/ppp3p1/5r1p/4NPRP/3Pp3/P1P5/6PK/8 w - -,training/data/samples/lichess_validation_250k.csv,validation_sample,middle_17_23+capture_available,,,,g5g6,5,13314,0.5923836069996469,g5g6,-469,-469,0.0,0.0,0.0,0.0,0.0,0.0,False,False,False,0.0
validation_0116,7k/p4p1p/1b6/3p4/4p3/2P3Pq/P2NRP2/2R2K2 w - -,training/data/samples/lichess_validation_250k.csv,validation_sample,late_11_16+in_check,,,,f1e1,5,4304,0.18027548198006116,f1e1,-320,-320,0.0,0.0,0.0,0.0,0.0,0.0,False,False,False,0.0
validation_0246,r3r3/ppp1kppp/8/8/4PBP1/8/PbP3PP/1R2K2R b K -,training/data/samples/lichess_validation_250k.csv,validation_sample,middle_17_23+quiet,,,,e7f8,5,13598,0.7569521510158665,e7f8,+6,+6,0.501,0.501,0.0,0.0,0.0,0.0,False,False,False,0.0
pgn_nn_vs_material_g18_p13,r3kb1r/ppp1qppp/2n2n2/3ppb2/8/8/PPPPPPPP/RNBQKBNR w KQkq - 8 7,/home/rohanhs568/code/aichessathon-starter/nn_vs_material.pgn,pgn,high_material_24_32+quiet,18,13,g1f3,d2d3,5,26352,1.519039019010961,d2d3,-246,-246,0.003,0.003,0.0,0.0,0.0,0.0,False,False,False,0.0
validation_0198,5rk1/p2rp3/6p1/7p/4p3/P6K/2b5/8 b - -,training/data/samples/lichess_validation_250k.csv,validation_sample,late_11_16+quiet,,,,d7d1,5,16541,0.6269480789778754,e4e3,#+6,#+6,1.0,1.0,0.0,0.0,0.0,0.0,False,False,False,0.0
pgn_nn_vs_material_g20_p41,2kr4/ppp2ppp/8/5b2/7P/7B/PPnKP2P/RN5R w - - 1 21,/home/rohanhs568/code/aichessathon-starter/nn_vs_material.pgn,pgn,middle_17_23+in_check,20,41,d2c3,d2c1,5,2482,0.10613742101122625,d2c3,+391,+396,1.0,1.0,-5.0,0.0,0.0,0.0,False,False,False,0.0
validation_0261,r5k1/pp3pp1/2pPr2p/3p4/3P2n1/3BN3/PPQB1Pq1/3KR3 b - -,training/data/samples/lichess_validation_250k.csv,validation_sample,middle_17_23+capture_rich,,,,g4f2,5,31139,1.637932384997839,g4f2,+246,+246,1.0,1.0,0.0,0.0,0.0,0.0,False,False,False,0.0
validation_0008,8/8/1p2p1k1/1P2Ppp1/3K4/6PP/8/8 b - -,training/data/samples/lichess_validation_250k.csv,validation_sample,endgame_2_10+quiet,,,,g6h5,5,1959,0.0685495599755086,g6h5,0,0,0.5,0.5,0.0,0.0,0.0,0.0,False,False,False,0.0
pgn_v1_1_vs_v1_g7_p32,1r6/r2k1pBp/1p2p3/pR1n4/3PP2P/6P1/5PK1/2R5 b - - 0 16,/home/rohanhs568/code/aichessathon-starter/v1_1_vs_v1.pgn,pgn,middle_17_23+quiet,7,32,a7c7,a7c7,5,10429,0.5478922940092161,d5e7,-145,-187,0.0335,0.0035,42.0,42.0,0.030000000000000002,0.030000000000000002,False,False,False,0.38400000000000006
validation_0123,3r2k1/1p3pbp/6p1/4P3/1P1p1P2/6PP/6B1/R5K1 b - -,training/data/samples/lichess_validation_250k.csv,validation_sample,late_11_16+capture_available,,,,g7f8,5,12639,0.580493432993535,b7b6,0,-2,0.5,0.5,2.0,2.0,0.0,0.0,False,False,False,0.004
validation_0305,1nbqkbnr/4pppp/r1pp4/8/3PP3/8/PP3PPP/RNBQKBNR w KQk -,training/data/samples/lichess_validation_250k.csv,validation_sample,high_material_24_32+capture_available,,,,f1a6,5,31437,1.9619908549939282,f1a6,+352,+352,1.0,1.0,0.0,0.0,0.0,0.0,False,False,False,0.0
suite_0015,2r2rk1/1p1nbppp/2q1p3/1pNpP3/PP1P4/4PN2/6PP/R1R2QK1 b - - 0 1,training/data/test_fens_60.txt,fen_suite,high_material_24_32+capture_rich,,,,b5a4,5,18805,1.0790570880053565,b5a4,-104,-104,0.2255,0.2255,0.0,0.0,0.0,0.0,False,False,False,0.0
validation_0330,rr4k1/3q1ppp/b1n5/p1pp4/1p5P/3P1NP1/PPP1QPB1/R3R1K1 w - -,training/data/samples/lichess_validation_250k.csv,validation_sample,high_material_24_32+quiet,,,,f3e5,5,15671,0.8760236149828415,e2e3,+92,+91,0.7025,0.693,1.0,1.0,0.009500000000000064,0.009500000000000064,False,False,False,0.09700000000000064
pgn_nn_vs_stockfish_2000_g7_p78,3k2Q1/pp6/1q1P2p1/2p4p/7b/P1P5/1P3r1P/K2R4 b - - 4 39,/home/rohanhs568/code/aichessathon-starter/nn_vs_stockfish_2000.pgn,pgn,middle_17_23+in_check,7,78,d8d7,d8d7,5,3905,0.18027398301637731,d8d7,+273,+273,1.0,1.0,0.0,0.0,0.0,0.0,False,False,False,0.0
validation_0026,8/8/p3k3/1P4pp/P3K3/8/6PP/8 b - -,training/data/samples/lichess_validation_250k.csv,validation_sample,endgame_2_10+capture_available,,,,a6b5,5,1011,0.04072845101472922,a6a5,-529,-622,0.0,0.0,93.0,93.0,0.0,0.0,False,False,False,0.186
pgn_nn_vs_material_g3_p23,rnbqkb1r/p1pppp1p/1p4pn/1N1PP1N1/5B2/7P/PPP1QPP1/R3KB1R w KQq - 0 12,/home/rohanhs568/code/aichessathon-starter/nn_vs_material.pgn,pgn,high_material_24_32+capture_rich,3,23,e1c1,e5e6,5,43729,2.891285074001644,d5d6,+459,+566,1.0,1.0,-107.0,0.0,0.0,0.0,False,False,False,0.0
validation_0174,8/1B2ppk1/5b2/5P1p/1p4p1/3q2P1/3r3P/4R1QK w - -,training/data/samples/lichess_validation_250k.csv,validation_sample,late_11_16+capture_available,,,,b7e4,5,9750,0.43752822501119226,b7e4,-522,-522,0.0,0.0,0.0,0.0,0.0,0.0,False,False,False,0.0
pgn_nn_vs_stockfish_2000_g2_p84,6k1/p7/1p3p1p/1P1r3P/P7/2b2N2/R4KP1/2B5 b - - 11 42,/home/rohanhs568/code/aichessathon-starter/nn_vs_stockfish_2000.pgn,pgn,late_11_16+capture_available,2,84,d5h5,d5h5,5,15573,0.6666830620088149,d5h5,-477,-477,0.0,0.0,0.0,0.0,0.0,0.0,False,False,False,0.0
suite_0004,r3k2r/pbp1qppp/1p2pn2/3p4/1QPP4/2P1P1P1/P4PBP/R1B1K2R w KQkq - 0 1,training/data/test_fens_60.txt,fen_suite,high_material_24_32+capture_rich,,,,c1a3,5,21064,1.322813592996681,b4e7,+50,+2,0.5435,0.501,48.0,48.0,0.04249999999999998,0.04249999999999998,False,False,False,0.5209999999999998
pgn_v1_1_vs_v1_g2_p14,2r1r2k/pb1n1pp1/7q/1Np2B2/3p4/1P2PP2/PBQ3Pb/3R1R1K w - - 1 8,/home/rohanhs568/code/aichessathon-starter/v1_1_vs_v1.pgn,pgn,high_material_24_32+capture_rich,2,14,b5d4,f5h3,5,39818,2.3646455929847434,f5d7,-182,-274,0.0105,0.0,92.0,92.0,0.0105,0.0105,False,False,False,0.28900000000000003
validation_0249,2r1r3/p1q1kp2/1p3N2/n6R/6Q1/P7/5PPP/5RK1 b - -,training/data/samples/lichess_validation_250k.csv,validation_sample,middle_17_23+capture_available,,,,e7f6,5,14522,0.7476465749787167,c7c1,-571,#-7,0.0,0.0,99422.0,99422.0,0.0,0.0,True,False,False,7.0
pgn_nn_vs_stockfish_2000_g6_p65,3R4/p4pkp/5p2/2B5/P4b1P/1b6/6P1/5K1R w - - 1 33,/home/rohanhs568/code/aichessathon-starter/nn_vs_stockfish_2000.pgn,pgn,late_11_16+capture_available,6,65,h4h5,f1f2,5,8259,0.3341456000052858,f1f2,+554,+554,1.0,1.0,0.0,0.0,0.0,0.0,False,False,False,0.0
pgn_v1_1_vs_v1_g5_p24,2b1r1k1/1pp3p1/7P/2p1pp2/1pP4R/rP1BPPp1/P2P2P1/R3K3 b Q - 0 12,/home/rohanhs568/code/aichessathon-starter/v1_1_vs_v1.pgn,pgn,high_material_24_32+capture_available,5,24,e5e4,g7h6,5,19339,1.2238063190015964,g7g6,+112,-27,0.831,0.4935,139.0,139.0,0.33749999999999997,0.33749999999999997,False,False,True,4.653
validation_0005,8/8/4p3/5P2/1Bk2K2/2P4b/8/8 w - -,training/data/samples/lichess_validation_250k.csv,validation_sample,endgame_2_10+capture_available,,,,f5f6,5,1861,0.06249837498762645,f5f6,+555,+555,1.0,1.0,0.0,0.0,0.0,0.0,False,False,False,0.0
suite_0035,8/6p1/p1kbpp2/1p5p/3BKP2/P1P3PP/1P6/8 w - - 0 1,training/data/test_fens_60.txt,fen_suite,late_11_16+capture_available,,,,g3g4,5,3668,0.15601444500498474,g3g4,+4,+4,0.501,0.501,0.0,0.0,0.0,0.0,False,False,False,0.0
validation_0177,5qk1/6pp/1p4n1/3Q2N1/8/2P5/P5PP/7K b - -,training/data/samples/lichess_validation_250k.csv,validation_sample,late_11_16+in_check,,,,g8h8,5,1554,0.07671656899037771,g8h8,-94,-94,0.2915,0.2915,0.0,0.0,0.0,0.0,False,False,False,0.0
suite_0007,r1br2k1/pp2ppbp/5np1/4N1B1/q1B5/1Qn4P/PP3PP1/R4RK1 w - - 0 1,training/data/test_fens_60.txt,fen_suite,high_material_24_32+capture_rich,,,,c4f7,5,32612,2.0872985839960165,c4f7,+49,+49,0.5485,0.5485,0.0,0.0,0.0,0.0,False,False,False,0.0
validation_0271,2k2r1r/1p4p1/pQq5/3pP1Bp/P1p2P2/2P5/1P4PP/R5K1 w - -,training/data/samples/lichess_validation_250k.csv,validation_sample,middle_17_23+capture_available,,,,b6a7,5,10730,0.5229913799848873,b6a7,+156,+156,0.98,0.98,0.0,0.0,0.0,0.0,False,False,False,0.0
pgn_nn_vs_stockfish_2000_g2_p23,r1bq1rk1/pp3pp1/2nbpn1p/8/2BP4/P1N2N2/1P3PPP/R1BQ1RK1 w - - 3 12,/home/rohanhs568/code/aichessathon-starter/nn_vs_stockfish_2000.pgn,pgn,high_material_24_32+capture_available,2,23,c4a2,f1e1,5,35007,1.9080383660038933,f1e1,+7,+7,0.5045,0.5045,0.0,0.0,0.0,0.0,False,False,False,0.0
pgn_nn_vs_stockfish_full_g2_p30,B1b1r1k1/2ppqpp1/p2b3p/8/Pp1QP3/4B3/1PP2PPP/2KR3R b - - 4 15,/home/rohanhs568/code/aichessathon-starter/nn_vs_stockfish_full.pgn,pgn,high_material_24_32+capture_available,2,30,d6e5,a6a5,5,36400,1.8072750539868139,d6e5,-443,-424,0.0,0.0,-19.0,0.0,0.0,0.0,False,False,False,0.0
validation_0280,1r2bk2/2p2p1p/p1p2np1/2Pp4/B2P2P1/1P3P1P/P3NK2/4R3 b - -,training/data/samples/lichess_validation_250k.csv,validation_sample,middle_17_23+capture_available,,,,h7h5,5,25817,1.3589058170036878,a6a5,-94,-110,0.291,0.176,16.0,16.0,0.11499999999999999,0.11499999999999999,False,False,False,1.182
validation_0095,2K5/4q3/8/8/8/8/k7/8 b - -,training/data/samples/lichess_validation_250k.csv,validation_sample,endgame_2_10+quiet,,,,a2a3,5,12630,0.3634919579781126,a2b3,#+5,#+5,1.0,1.0,0.0,0.0,0.0,0.0,False,False,False,0.0
pgn_v1_1_vs_v1_g7_p72,8/8/1p1R4/pk6/3PP2P/2K2n2/6r1/8 b - - 2 36,/home/rohanhs568/code/aichessathon-starter/v1_1_vs_v1.pgn,pgn,endgame_2_10+capture_available,7,72,f3d2,f3d2,5,5432,0.19687909001368098,g2g3,+407,+334,1.0,1.0,73.0,73.0,0.0,0.0,False,False,False,0.146
validation_0085,8/1R2n3/2pk2pp/8/4K2P/6P1/8/8 b - -,training/data/samples/lichess_validation_250k.csv,validation_sample,endgame_2_10+quiet,,,,e7f5,5,3059,0.10852073598653078,d6e6,-157,-198,0.016,0.0015,41.0,41.0,0.0145,0.0145,False,False,False,0.22700000000000004
validation_0400,r1bq1rk1/1ppnbppp/3p1n2/p2PpP2/2P1P3/2N1B3/PP4PP/R2QKBNR b KQ -,training/data/samples/lichess_validation_250k.csv,validation_sample,high_material_24_32+capture_available,,,,a5a4,5,22551,1.3305700260098092,d7c5,-71,-124,0.3685,0.1495,53.0,53.0,0.219,0.219,False,False,False,2.296
validation_0097,5R2/5p2/8/P2kp3/8/1PK5/8/7r b - -,training/data/samples/lichess_validation_250k.csv,validation_sample,endgame_2_10+quiet,,,,d5c6,5,9912,0.34155403898330405,h1a1,-40,-49,0.4855,0.477,9.0,9.0,0.008500000000000008,0.008500000000000008,False,False,False,0.10300000000000008
validation_0144,2k5/2p5/r2bK3/4pN2/4P3/1r6/2R2P1P/8 w - -,training/data/samples/lichess_validation_250k.csv,validation_sample,late_11_16+capture_available,,,,h2h4,5,24443,1.0312418829998933,h2h4,-376,-376,0.0,0.0,0.0,0.0,0.0,0.0,False,False,False,0.0
validation_0066,8/8/3K4/8/1k6/3Q2R1/8/8 b - -,training/data/samples/lichess_validation_250k.csv,validation_sample,endgame_2_10+quiet,,,,b4a4,5,2742,0.09434484102530405,b4a5,#-3,#-3,0.0,0.0,0.0,0.0,0.0,0.0,False,False,False,0.0
pgn_v1_1_vs_v1_g8_p51,8/5ppp/2k5/r3PpP1/2pP4/1pB3P1/p2K4/1R6 w - - 0 26,/home/rohanhs568/code/aichessathon-starter/v1_1_vs_v1.pgn,pgn,late_11_16+capture_available,8,51,b1h1,b1f1,5,14606,0.7036001489905175,b1f1,+6,+6,0.501,0.501,0.0,0.0,0.0,0.0,False,False,False,0.0
pgn_nn_vs_stockfish_full_g5_p35,rn4k1/pb4p1/1p3r2/2b4Q/2pq4/2N5/PP1B1PPP/R5K1 w - - 2 18,/home/rohanhs568/code/aichessathon-starter/nn_vs_stockfish_full.pgn,pgn,middle_17_23+capture_available,5,35,h5e8,d2e3,5,23188,1.3546223749872297,d2e3,-477,-477,0.0,0.0,0.0,0.0,0.0,0.0,False,False,False,0.0
validation_0203,r4r1k/pp2bpp1/4b2p/4P3/3N4/4B1Q1/Pq3PPP/R2R2K1 b - -,training/data/samples/lichess_validation_250k.csv,validation_sample,middle_17_23+capture_rich,,,,a8d8,5,56712,3.1716062299965415,b7b6,-13,-29,0.496,0.488,16.0,16.0,0.008000000000000007,0.008000000000000007,False,False,False,0.11200000000000007
validation_0348,2b2rk1/3nbppp/1qp1p3/3pP3/r7/1P1B4/PBP1QPPP/R3R1K1 w - -,training/data/samples/lichess_validation_250k.csv,validation_sample,high_material_24_32+capture_available,,,,c2c4,5,41839,2.4140418889874127,c2c4,-235,-235,0.001,0.001,0.0,0.0,0.0,0.0,False,False,False,0.0
validation_0070,6k1/6pp/5p2/R7/8/4KPP1/P5r1/8 w - -,training/data/samples/lichess_validation_250k.csv,validation_sample,endgame_2_10+quiet,,,,a2a4,5,7757,0.2705127730150707,g3g4,+6,-47,0.501,0.4785,53.0,53.0,0.02250000000000002,0.02250000000000002,False,False,False,0.3310000000000002
validation_0320,r3k2r/2q2ppp/pnp1p1n1/2bpP3/1P6/2P2BBP/P4PP1/RN1Q1RK1 b kq -,training/data/samples/lichess_validation_250k.csv,validation_sample,high_material_24_32+capture_rich,,,,c5e7,5,20007,1.1714057140052319,c5e7,+116,+116,0.8325,0.8325,0.0,0.0,0.0,0.0,False,False,False,0.0
validation_0362,1r2brk1/pp4b1/2pNp1p1/1nP1N3/3P3q/8/PP2QPB1/3R1RK1 w - -,training/data/samples/lichess_validation_250k.csv,validation_sample,high_material_24_32+capture_rich,,,,d6b5,5,31415,1.8045613989816047,d6b5,+77,+77,0.625,0.625,0.0,0.0,0.0,0.0,False,False,False,0.0
pgn_nn_vs_material_g8_p16,2kr1b1r/ppp1qppp/2n2n2/3ppb2/8/3P3N/PPP1PPPP/RNBQKB1R b KQ - 0 8,/home/rohanhs568/code/aichessathon-starter/nn_vs_material.pgn,pgn,high_material_24_32+capture_available,8,16,e5e4,h7h6,5,58907,3.5955748799897265,h8g8,+286,+266,0.9995,0.9985,20.0,20.0,0.0010000000000000009,0.0010000000000000009,False,False,False,0.05000000000000001
validation_0255,2kr4/1p4pp/p1pP4/3p4/P7/5P2/1PP1r1PP/2KR3R w - -,training/data/samples/lichess_validation_250k.csv,validation_sample,middle_17_23+capture_available,,,,d1d2,5,10764,0.4945208069984801,d1d2,-22,-22,0.495,0.495,0.0,0.0,0.0,0.0,False,False,False,0.0
validation_0040,8/8/6p1/6Pp/6kP/r7/8/6K1 b - -,training/data/samples/lichess_validation_250k.csv,validation_sample,endgame_2_10+capture_available,,,,g4h4,5,4988,0.18230881399358623,g4f3,#+4,+720,1.0,1.0,99276.0,99276.0,0.0,0.0,False,False,False,2.0
validation_0032,8/8/8/5k1p/5P1P/1r6/5K2/8 b - -,training/data/samples/lichess_validation_250k.csv,validation_sample,endgame_2_10+capture_available,,,,f5f4,5,4849,0.16296150302514434,f5g4,+587,+677,1.0,1.0,-90.0,0.0,0.0,0.0,False,False,False,0.0
validation_0155,3b4/N2k1pp1/7p/1PPnp3/8/7P/5KP1/8 b - -,training/data/samples/lichess_validation_250k.csv,validation_sample,late_11_16+quiet,,,,d8a5,5,8143,0.30354110000189394,d8e7,+493,+448,1.0,1.0,45.0,45.0,0.0,0.0,False,False,False,0.09
validation_0134,6k1/p5pp/4p3/P3Pp2/1p3P1P/r5P1/2R2K2/8 w - -,training/data/samples/lichess_validation_250k.csv,validation_sample,late_11_16+quiet,,,,c2c8,5,2596,0.09955075799371116,c2c8,-5,-5,0.499,0.499,0.0,0.0,0.0,0.0,False,False,False,0.0
validation_0376,3r2k1/ppqnrppp/2pRp3/4P3/1PP5/P1N3PP/4QPK1/3R4 b - -,training/data/samples/lichess_validation_250k.csv,validation_sample,high_material_24_32+capture_available,,,,e7e8,5,13954,0.6775927810231224,d8e8,-189,-427,0.0045,0.0,238.0,238.0,0.0045,0.0045,False,False,False,0.521
pgn_nn_vs_material_g11_p34,r1bq3r/p2pkpbp/1ppR2pn/1Nn1P1N1/2Q2B2/7P/PPP2PP1/1K3B1R b - - 1 17,/home/rohanhs568/code/aichessathon-starter/nn_vs_material.pgn,pgn,high_material_24_32+capture_available,11,34,c6b5,c6b5,5,38091,2.3139107970055193,c6b5,+63,+63,0.5985,0.5985,0.0,0.0,0.0,0.0,False,False,False,0.0
pgn_nn_vs_material_g9_p94,1r4r1/p3k1b1/1p3n2/8/P1p5/2P2P1n/KP6/8 b - - 8 47,/home/rohanhs568/code/aichessathon-starter/nn_vs_material.pgn,pgn,late_11_16+quiet,9,94,g8h8,g7f8,5,49803,1.789546871004859,g7f8,+1022,+1022,1.0,1.0,0.0,0.0,0.0,0.0,False,False,False,0.0
suite_0059,4k3/p7/2r4p/2pRP1p1/8/8/P4KPP/8 w - - 0 1,training/data/test_fens_60.txt,fen_suite,late_11_16+capture_available,,,,f2e3,5,4627,0.19020872699911706,f2e3,-21,-21,0.496,0.496,0.0,0.0,0.0,0.0,False,False,False,0.0
validation_0225,r2q1rk1/pp1n1p2/3Q4/3pp3/4P2b/3PR3/PPP2PPP/R4K2 w - -,training/data/samples/lichess_validation_250k.csv,validation_sample,middle_17_23+capture_rich,,,,e3f3,5,49854,2.5473982819821686,f2f4,-328,-310,0.0,0.0,-18.0,0.0,0.0,0.0,False,False,False,0.0
validation_0395,r3kbnr/pp3ppp/2n1p3/2p5/Q1BPq3/2P2N2/PP3PPP/2B1R1K1 b kq -,training/data/samples/lichess_validation_250k.csv,validation_sample,high_material_24_32+capture_rich,,,,e4f5,5,45808,2.729978001996642,e4f5,-235,-235,0.001,0.001,0.0,0.0,0.0,0.0,False,False,False,0.0
validation_0156,6B1/2k1b2p/3q1p2/4p3/Q7/2P5/pP5P/N1K4R w - -,training/data/samples/lichess_validation_250k.csv,validation_sample,late_11_16+capture_available,,,,a1c2,5,23889,1.1342173169832677,a4a7,+715,+720,1.0,1.0,-5.0,0.0,0.0,0.0,False,False,False,0.0
pgn_nn_vs_material_g4_p12,r1b1kb1r/ppp1qppp/2n2n2/3pp3/8/8/PPPPPPPP/RNBQKBNR b KQkq - 7 6,/home/rohanhs568/code/aichessathon-starter/nn_vs_material.pgn,pgn,high_material_24_32+quiet,4,12,c8f5,c8f5,5,22926,1.414606634003576,c8e6,+257,+243,0.998,0.997,14.0,14.0,0.0010000000000000009,0.0010000000000000009,False,False,False,0.038000000000000006
validation_0098,k1r5/P1P5/1K6/8/8/8/3R2p1/8 w - -,training/data/samples/lichess_validation_250k.csv,validation_sample,endgame_2_10+capture_available,,,,d2g2,5,3646,0.12553253100486472,d2g2,#+6,#+6,1.0,1.0,0.0,0.0,0.0,0.0,False,False,False,0.0
validation_0276,3r4/p1r2k2/3p1p1p/2pR1P2/1pN1p3/1P2K3/P3B1PP/8 b - -,training/data/samples/lichess_validation_250k.csv,validation_sample,middle_17_23+quiet,,,,f7f8,5,11667,0.536573296005372,c7c6,-296,-292,0.0,0.0,-4.0,0.0,0.0,0.0,False,False,False,0.0
validation_0311,r2qr1k1/1ppb1pb1/3p1npp/p1n5/2PNPP2/2N3PP/PP4BK/1RBQR3 b - -,training/data/samples/lichess_validation_250k.csv,validation_sample,high_material_24_32+capture_rich,,,,f6e4,5,27288,1.597426023974549,h6h5,+8,-176,0.507,0.0275,184.0,184.0,0.4795,0.4795,False,False,False,5.163
pgn_nn_vs_stockfish_2000_g6_p37,5rk1/p2b1ppp/3bpq2/8/P1BP4/4P3/1rPB1QPP/R4K1R w - - 7 19,/home/rohanhs568/code/aichessathon-starter/nn_vs_stockfish_2000.pgn,pgn,middle_17_23+capture_available,6,37,f2f6,f2f6,5,9366,0.46334120200481266,f2f6,+107,+107,0.7925,0.7925,0.0,0.0,0.0,0.0,False,False,False,0.0
validation_0235,3rk2r/ppp2pp1/8/4n3/4n2p/3BK3/PPP3PP/R4R2 b k -,training/data/samples/lichess_validation_250k.csv,validation_sample,middle_17_23+capture_available,,,,e5d3,5,29409,1.574403742008144,e4c5,+577,+532,1.0,1.0,45.0,45.0,0.0,0.0,False,False,False,0.09
validation_0166,2r5/1p4pp/p1b1k3/3p1BP1/PP1P1K2/8/8/2R5 b - -,training/data/samples/lichess_validation_250k.csv,validation_sample,late_11_16+in_check,,,,e6d6,5,2303,0.10801825401722454,e6d6,-554,-554,0.0,0.0,0.0,0.0,0.0,0.0,False,False,False,0.0
pgn_v1_1_vs_v1_g5_p15,2b2rk1/1pp3p1/r7/p1p1pp1P/1nP3p1/1PB1P3/P1BP1PP1/R3K2R w KQ - 1 8,/home/rohanhs568/code/aichessathon-starter/v1_1_vs_v1.pgn,pgn,high_material_24_32+capture_available,5,15,c3b4,c2b1,5,13335,0.756033080018824,c2b1,+67,+67,0.565,0.565,0.0,0.0,0.0,0.0,False,False,False,0.0
pgn_v1_1_vs_v1_g7_p91,8/8/1p6/6R1/pQ1P3P/1n1K4/1k5r/8 w - - 4 46,/home/rohanhs568/code/aichessathon-starter/v1_1_vs_v1.pgn,pgn,endgame_2_10+capture_available,7,91,b4a4,b4a4,5,16629,0.6325972760096192,b4a4,+548,+548,1.0,1.0,0.0,0.0,0.0,0.0,False,False,False,0.0
validation_0253,r3r1k1/5ppp/2pqp3/1p3b2/1P1P4/PBN1n1P1/7P/R2Q1RK1 w - -,training/data/samples/lichess_validation_250k.csv,validation_sample,middle_17_23+capture_available,,,,d1d2,5,51935,2.832425349013647,d1d2,-518,-518,0.0,0.0,0.0,0.0,0.0,0.0,False,False,False,0.0
pgn_nn_vs_stockfish_2000_g3_p106,4k3/8/2n5/2P4p/4bB1P/b7/7r/5K2 b - - 4 53,/home/rohanhs568/code/aichessathon-starter/nn_vs_stockfish_2000.pgn,pgn,endgame_2_10+capture_available,3,106,h2c2,h2h1,5,6611,0.2749886089877691,e4d3,+824,+785,1.0,1.0,39.0,39.0,0.0,0.0,False,False,False,0.078
validation_0297,r1bq1k2/1p1p3Q/3P1p2/p7/2P5/6R1/3P2PP/5R1K b - -,training/data/samples/lichess_validation_250k.csv,validation_sample,middle_17_23+quiet,,,,a8a6,5,3900,0.19369830400682986,a5a4,#-1,#-1,0.0,0.0,0.0,0.0,0.0,0.0,False,False,False,0.0
pgn_v1_1_vs_v1_g21_p24,8/R5k1/3K2p1/8/P6r/8/8/8 b - - 2 12,/home/rohanhs568/code/aichessathon-starter/v1_1_vs_v1.pgn,pgn,endgame_2_10+in_check,21,24,g7f6,g7f6,5,1784,0.05863671298720874,g7f6,-8,-8,0.499,0.499,0.0,0.0,0.0,0.0,False,False,False,0.0
validation_0227,1r4k1/p6p/1r3p2/3P2p1/2p1b1P1/RP2B2P/1R3P1K/8 b - -,training/data/samples/lichess_validation_250k.csv,validation_sample,middle_17_23+capture_available,,,,b6b3,5,9338,0.441071400011424,b6b3,+108,+108,0.804,0.804,0.0,0.0,0.0,0.0,False,False,False,0.0
pgn_nn_vs_stockfish_full_g3_p24,r1b2rk1/1p2qppp/p1n2n2/2bp4/8/2N1PN2/PP2BPPP/2RQBRK1 b - - 3 12,/home/rohanhs568/code/aichessathon-starter/nn_vs_stockfish_full.pgn,pgn,high_material_24_32+capture_available,3,24,f8d8,c8e6,5,33169,1.8018737599777523,f8d8,+38,+28,0.538,0.525,10.0,10.0,0.013000000000000012,0.013000000000000012,False,False,False,0.1500000000000001
validation_0135,4k3/2p2p1p/1pP1pPpP/p3P1P1/1P6/P1K5/8/8 b - -,training/data/samples/lichess_validation_250k.csv,validation_sample,late_11_16+capture_available,,,,e8d8,5,807,0.032379347016103566,a5b4,-19,-51,0.4965,0.473,32.0,32.0,0.02350000000000002,0.02350000000000002,False,False,False,0.2990000000000002
validation_0201,N2k1bnr/pp2pppp/8/5b2/3n1B2/5P2/PP4PP/R3KB1R w KQ -,training/data/samples/lichess_validation_250k.csv,validation_sample,middle_17_23+quiet,,,,e1c1,5,3643,0.20654904798720963,a1d1,+427,+434,1.0,1.0,-7.0,0.0,0.0,0.0,False,False,False,0.0
validation_0268,1r3rk1/7R/1b3p2/p3pP1B/1pP5/6PQ/4K2P/1q6 b - -,training/data/samples/lichess_validation_250k.csv,validation_sample,middle_17_23+capture_available,,,,b1c2,5,7629,0.37696998100727797,b1c2,+749,+749,1.0,1.0,0.0,0.0,0.0,0.0,False,False,False,0.0
pgn_v1_1_vs_v1_g19_p69,8/1k6/1P6/2K5/8/8/8/8 w - - 7 35,/home/rohanhs568/code/aichessathon-starter/v1_1_vs_v1.pgn,pgn,endgame_2_10+quiet,19,69,c5b5,c5b5,5,588,0.018468342983396724,c5b5,+2,+2,0.5005,0.5005,0.0,0.0,0.0,0.0,False,False,False,0.0
validation_0302,r4rk1/p2n1qpp/1pPp1n2/4pp2/1P1N1B2/PQ4P1/4PPKP/3RR3 b - -,training/data/samples/lichess_validation_250k.csv,validation_sample,high_material_24_32+capture_available,,,,f7b3,5,7269,0.42295244499109685,e5d4,-39,-34,0.4765,0.481,-5.0,0.0,-0.004500000000000004,0.0,False,False,False,0.0
validation_0252,8/5pk1/4b1p1/1p2q2p/2p3P1/2PrP2P/R2P1Q2/3N2K1 w - -,training/data/samples/lichess_validation_250k.csv,validation_sample,middle_17_23+capture_available,,,,d1b2,5,20579,0.9823113329766784,f2f4,-216,-364,0.0005,0.0,148.0,148.0,0.0005,0.0005,False,False,False,0.301
pgn_nn_vs_material_g9_p24,rnbqkb1r/p1pppp1p/1p4pn/1N1PP1N1/5B2/7P/PPP1QPP1/2KR1B1R b q - 1 12,/home/rohanhs568/code/aichessathon-starter/nn_vs_material.pgn,pgn,high_material_24_32+quiet,9,24,b8a6,a7a6,5,10934,0.6385355709935538,a7a6,-391,-391,0.0,0.0,0.0,0.0,0.0,0.0,False,False,False,0.0
validation_0172,4n1k1/3r1p1p/5Np1/3N4/8/8/5PPP/5K2 b - -,training/data/samples/lichess_validation_250k.csv,validation_sample,late_11_16+in_check,,,,g8g7,5,2580,0.10497266301536001,g8g7,-499,-499,0.0,0.0,0.0,0.0,0.0,0.0,False,False,False,0.0
pgn_v1_1_vs_v1_g11_p31,8/8/p2p4/Pp2k3/2r1b1Bp/8/4RK2/8 w - - 2 16,/home/rohanhs568/code/aichessathon-starter/v1_1_vs_v1.pgn,pgn,late_11_16+capture_available,11,31,g4d7,g4h5,5,9373,0.37159197201253846,e2e3,-518,-569,0.0,0.0,51.0,51.0,0.0,0.0,False,False,False,0.102
validation_0141,3k4/7p/P3R1p1/r2P1p2/5P2/4K2P/6P1/8 b - -,training/data/samples/lichess_validation_250k.csv,validation_sample,late_11_16+capture_available,,,,a5d5,5,4348,0.17365351901389658,a5a4,-387,-390,0.0,0.0,3.0,3.0,0.0,0.0,False,False,False,0.006
validation_0321,2r1r1k1/6p1/p3pn1p/1p1pn3/1P2pN2/1Bq1P3/PQ3PPP/R2R2K1 w - -,training/data/samples/lichess_validation_250k.csv,validation_sample,high_material_24_32+capture_rich,,,,b2c3,5,17590,1.0888984449848067,b2c3,-165,-165,0.0195,0.0195,0.0,0.0,0.0,0.0,False,False,False,0.0
validation_0180,8/5pk1/p1p3pp/8/4Q1P1/P3P1K1/2r2q2/8 w - -,training/data/samples/lichess_validation_250k.csv,validation_sample,late_11_16+in_check,,,,g3h3,5,1619,0.07090637600049376,g3h3,#-1,#-1,0.0,0.0,0.0,0.0,0.0,0.0,False,False,False,0.0
validation_0048,8/2Q2pk1/6p1/8/p7/5K1P/1q6/8 w - -,training/data/samples/lichess_validation_250k.csv,validation_sample,endgame_2_10+capture_available,,,,h3h4,5,22560,0.9272291010129265,f3e3,-543,-550,0.0,0.0,7.0,7.0,0.0,0.0,False,False,False,0.014
validation_0346,r4r2/pp2bkp1/2n2n1p/1N2p3/3pP3/4BN2/PPP2PPP/3R1RK1 w - -,training/data/samples/lichess_validation_250k.csv,validation_sample,high_material_24_32+capture_rich,,,,e3d2,5,45228,2.536882014013827,e3d2,-22,-22,0.4945,0.4945,0.0,0.0,0.0,0.0,False,False,False,0.0
validation_0181,8/4kpp1/p3p2p/1p6/P3P1P1/1Pn1BK2/5P1P/8 w - -,training/data/samples/lichess_validation_250k.csv,validation_sample,late_11_16+capture_available,,,,e3d4,5,5152,0.20179231799556874,e3d4,+300,+300,1.0,1.0,0.0,0.0,0.0,0.0,False,False,False,0.0
pgn_nn_vs_material_g5_p53,3q3r/4kpbp/2Q4p/2Pp4/8/5N1P/P4PP1/6K1 w - - 3 27,/home/rohanhs568/code/aichessathon-starter/nn_vs_material.pgn,pgn,late_11_16+capture_available,5,53,c6b7,c6b7,5,16614,0.8248367449850775,a2a4,-292,-365,0.0,0.0,73.0,73.0,0.0,0.0,False,False,False,0.146
validation_0207,8/5kpp/2p1pr1q/p2p4/3P1PPr/2P3QP/PP3R2/5RK1 w - -,training/data/samples/lichess_validation_250k.csv,validation_sample,middle_17_23+capture_available,,,,f2f3,5,12551,0.6563488409738056,g1g2,+355,+413,1.0,1.0,-58.0,0.0,0.0,0.0,False,False,False,0.0
pgn_v1_1_vs_v1_g13_p47,k3b3/1rK1P3/p4Bp1/6P1/8/8/8/8 w - - 4 24,/home/rohanhs568/code/aichessathon-starter/v1_1_vs_v1.pgn,pgn,endgame_2_10+in_check,13,47,c7d8,c7d8,5,1310,0.05114418000448495,c7d8,-342,-342,0.0,0.0,0.0,0.0,0.0,0.0,False,False,False,0.0
pgn_nn_vs_stockfish_2000_g2_p36,rbb2rk1/pp3pp1/1q2P2p/5n2/1P6/P1N2N2/B5PP/R1BQRK2 b - - 2 18,/home/rohanhs568/code/aichessathon-starter/nn_vs_stockfish_2000.pgn,pgn,high_material_24_32+capture_rich,2,36,f7e6,f7e6,5,23491,1.3502612260053866,b8g3,-269,-347,0.0005,0.0,78.0,78.0,0.0005,0.0005,False,False,False,0.161
validation_0316,r1b1k2r/pp3p2/2n1Nn2/3p3p/3P4/2PB2qp/PP1NQ1P1/R4RK1 b kq -,training/data/samples/lichess_validation_250k.csv,validation_sample,high_material_24_32+capture_rich,,,,c8e6,5,25511,1.6330970340059139,c8e6,+228,+228,0.9985,0.9985,0.0,0.0,0.0,0.0,False,False,False,0.0
validation_0058,6k1/7p/R5p1/8/P6r/5P2/5K2/8 w - -,training/data/samples/lichess_validation_250k.csv,validation_sample,endgame_2_10+capture_available,,,,a6a8,5,6994,0.2404120370047167,f2g3,+8,0,0.501,0.5,8.0,8.0,0.0010000000000000009,0.0010000000000000009,False,False,False,0.02600000000000001
validation_0223,r3k2r/1p2ppbp/pn4p1/8/3N4/1PP1B3/1P3PPP/R4RK1 b kq -,training/data/samples/lichess_validation_250k.csv,validation_sample,middle_17_23+capture_available,,,,b6d5,5,9648,0.4699697610049043,b6d5,-8,-8,0.4985,0.4985,0.0,0.0,0.0,0.0,False,False,False,0.0
pgn_nn_vs_material_g5_p44,2rq3r/PQ1knpbp/7p/2Pp4/8/5N1P/P4PP1/4R1K1 b - - 0 22,/home/rohanhs568/code/aichessathon-starter/nn_vs_material.pgn,pgn,middle_17_23+in_check,5,44,c8c7,c8c7,5,10267,0.5212298359838314,c8c7,+94,+94,0.7075,0.7075,0.0,0.0,0.0,0.0,False,False,False,0.0
pgn_nn_vs_material_g5_p29,1r1q1b1r/pppknp1p/3p3p/3P4/1P1P4/5N1P/P1P2PP1/R2QR1K1 w - - 0 15,/home/rohanhs568/code/aichessathon-starter/nn_vs_material.pgn,pgn,high_material_24_32+capture_available,5,29,c2c4,c2c4,5,21031,1.0713897410023492,f3h4,+4,-74,0.5015,0.3935,78.0,78.0,0.10799999999999993,0.10799999999999993,False,False,False,1.235999999999999
pgn_nn_vs_stockfish_2000_g4_p26,r1b2rk1/pp3ppp/1qn1p3/3p2N1/1bP2B2/1Q2P3/PP1NB1PP/2K2R1n b - - 1 13,/home/rohanhs568/code/aichessathon-starter/nn_vs_stockfish_2000.pgn,pgn,high_material_24_32+capture_available,4,26,b4d2,e6e5,5,36401,2.2690730890026316,h7h6,+419,+435,1.0,1.0,-16.0,0.0,0.0,0.0,False,False,False,0.0
validation_0131,6k1/8/4pPP1/5p2/p1bP4/P1P2B2/5K2/7R w - -,training/data/samples/lichess_validation_250k.csv,validation_sample,late_11_16+quiet,,,,h1h7,5,6009,0.25889668200397864,h1h5,+724,#+8,1.0,1.0,-99268.0,0.0,0.0,0.0,False,False,False,0.0
validation_0164,8/4k2p/p1R3p1/r1p1pp2/2K2P2/4P1P1/7P/8 w - -,training/data/samples/lichess_validation_250k.csv,validation_sample,late_11_16+capture_rich,,,,f4e5,5,6558,0.27534659701632336,f4e5,-36,-36,0.4885,0.4885,0.0,0.0,0.0,0.0,False,False,False,0.0
validation_0034,3k4/8/PR6/5B2/8/8/1K6/8 b - -,training/data/samples/lichess_validation_250k.csv,validation_sample,endgame_2_10+quiet,,,,d8c7,5,1599,0.05643999099265784,d8c7,-879,-879,0.0,0.0,0.0,0.0,0.0,0.0,False,False,False,0.0
pgn_v1_1_vs_v1_g13_p15,1r6/1kr1Q3/p1b1pBp1/3pP1P1/P7/1P2Pp2/3K4/8 w - - 3 8,/home/rohanhs568/code/aichessathon-starter/v1_1_vs_v1.pgn,pgn,middle_17_23+capture_available,13,15,e7e6,e7b4,5,8850,0.4226139529782813,e7e6,0,-101,0.5,0.2435,101.0,101.0,0.2565,0.2565,False,False,False,2.767
validation_0143,2R5/5ppk/1p4p1/pP6/q2PrPP1/7P/1Q4K1/8 w - -,training/data/samples/lichess_validation_250k.csv,validation_sample,late_11_16+quiet,,,,b2f2,5,7119,0.32956566600478254,b2f2,+425,+425,1.0,1.0,0.0,0.0,0.0,0.0,False,False,False,0.0
suite_0042,8/8/1N2k3/1p2n3/4K3/8/1P6/8 w - - 0 1,training/data/test_fens_60.txt,fen_suite,endgame_2_10+quiet,,,,e4d4,5,2073,0.06843786299577914,b2b3,+1,+2,0.5005,0.5005,-1.0,0.0,0.0,0.0,False,False,False,0.0
validation_0231,3r1k2/1q3ppp/p3pn2/1p2N3/1P6/P1Q3P1/4PPKP/2R5 w - -,training/data/samples/lichess_validation_250k.csv,validation_sample,middle_17_23+in_check,,,,f2f3,5,16084,0.8163149359752424,c3c6,+185,+76,0.996,0.6,109.0,109.0,0.396,0.396,False,False,False,4.178
validation_0081,8/2r1k1pp/8/8/3R4/4pP1P/4K1P1/8 b - -,training/data/samples/lichess_validation_250k.csv,validation_sample,endgame_2_10+quiet,,,,c7c2,5,3011,0.10286353799165227,c7c2,-11,-11,0.498,0.498,0.0,0.0,0.0,0.0,False,False,False,0.0
validation_0334,3rrnk1/1pp1bpp1/2n1q3/p2bp1P1/P3N3/2PPB3/1PBNQP2/R3K1R1 b Q -,training/data/samples/lichess_validation_250k.csv,validation_sample,high_material_24_32+capture_available,,,,c6d4,5,13161,0.7782449919905048,f8g6,-98,-179,0.2585,0.021,81.0,81.0,0.23750000000000002,0.23750000000000002,False,False,False,2.537
suite_0022,8/1b4k1/p2p4/Pp1P2p1/1Pr5/1R3BKP/3R4/4r3 w - - 0 1,training/data/test_fens_60.txt,fen_suite,late_11_16+quiet,,,,d2e2,5,17811,0.8334239260002505,f3e2,-41,-49,0.484,0.4755,8.0,8.0,0.008500000000000008,0.008500000000000008,False,False,False,0.10100000000000008
validation_0179,1r5k/6p1/3p3p/q7/3b4/Q7/K1R3PP/3R4 b - -,training/data/samples/lichess_validation_250k.csv,validation_sample,late_11_16+capture_available,,,,a5d5,5,3472,0.18466312601231039,a5d5,#+3,#+3,1.0,1.0,0.0,0.0,0.0,0.0,False,False,False,0.0
validation_0281,2r3k1/p4ppp/Qp3n2/4p3/5B2/2q1P2P/P4PP1/2RR2K1 b - -,training/data/samples/lichess_validation_250k.csv,validation_sample,middle_17_23+capture_available,,,,c3c1,5,6241,0.32359447798808105,c3c1,-429,-429,0.0,0.0,0.0,0.0,0.0,0.0,False,False,False,0.0
pgn_v1_1_vs_v1_g13_p65,1k1Kb3/1r6/6p1/6P1/8/8/p7/B7 w - - 0 33,/home/rohanhs568/code/aichessathon-starter/v1_1_vs_v1.pgn,pgn,endgame_2_10+capture_available,13,65,a1e5,a1e5,5,1894,0.07623228602460586,a1e5,-531,-531,0.0,0.0,0.0,0.0,0.0,0.0,False,False,False,0.0
pgn_nn_vs_material_g6_p44,2kr2r1/ppp2pp1/8/3n1P1p/6n1/6P1/PqP1P2P/R1Q1KB1R b KQ - 1 22,/home/rohanhs568/code/aichessathon-starter/nn_vs_material.pgn,pgn,middle_17_23+capture_rich,6,44,b2c3,b2c3,5,10312,0.6259168150136247,b2c3,#+4,#+4,1.0,1.0,0.0,0.0,0.0,0.0,False,False,False,0.0
validation_0323,r3k2r/pp1b1pp1/3p1R1p/2pP4/1qP1P3/1PN5/P1Q1B1PP/3R2K1 b kq -,training/data/samples/lichess_validation_250k.csv,validation_sample,high_material_24_32+capture_rich,,,,g7f6,5,17480,0.8741493739944417,g7f6,-63,-63,0.4335,0.4335,0.0,0.0,0.0,0.0,False,False,False,0.0
validation_0308,4rrk1/p1qn2bp/2p1p1p1/2pp4/N4P2/1P1P1RQP/P1PB2P1/5R1K b - -,training/data/samples/lichess_validation_250k.csv,validation_sample,high_material_24_32+capture_available,,,,a7a5,5,24356,1.3451470020227134,c7d8,-13,-42,0.495,0.4725,29.0,29.0,0.02250000000000002,0.02250000000000002,False,False,False,0.2830000000000002
validation_0343,3rr1k1/1pp2pp1/p1n2b1p/8/3P2b1/2NBPN1P/PP3PP1/R4RK1 b - -,training/data/samples/lichess_validation_250k.csv,validation_sample,high_material_24_32+capture_rich,,,,g4f3,5,17258,1.0131324249960016,g4f3,-138,-138,0.053,0.053,0.0,0.0,0.0,0.0,False,False,False,0.0
validation_0036,8/k3rp2/P7/5RPp/1K5P/8/8/8 b - -,training/data/samples/lichess_validation_250k.csv,validation_sample,endgame_2_10+capture_available,,,,a7a6,5,3687,0.1288408120162785,a7a6,-380,-380,0.0,0.0,0.0,0.0,0.0,0.0,False,False,False,0.0
validation_0315,rnbq1rk1/1p1p1ppp/p7/4N3/1Q6/8/PPP1nPPP/R1B1K2R w KQ -,training/data/samples/lichess_validation_250k.csv,validation_sample,high_material_24_32+capture_rich,,,,c1e3,5,58479,3.178935003001243,c1e3,-311,-311,0.0,0.0,0.0,0.0,0.0,0.0,False,False,False,0.0
pgn_v1_1_vs_v1_g11_p44,8/3B4/p7/P3k3/3pb2p/8/1pr5/4RK2 b - - 1 22,/home/rohanhs568/code/aichessathon-starter/v1_1_vs_v1.pgn,pgn,late_11_16+quiet,11,44,c2c1,c2c1,5,3591,0.1609051710111089,c2c1,+885,+885,1.0,1.0,0.0,0.0,0.0,0.0,False,False,False,0.0
validation_0288,5r1k/4rp1p/p3q1p1/2p5/2P5/P4Q1P/1P4P1/5R1K b - -,training/data/samples/lichess_validation_250k.csv,validation_sample,middle_17_23+capture_available,,,,e6e5,5,35662,1.38736610498745,f7f6,+519,+458,1.0,1.0,61.0,61.0,0.0,0.0,False,False,False,0.122
validation_0107,8/5p1k/3Q2pp/1p2Pq2/p4P2/P6P/1P3KP1/8 w - -,training/data/samples/lichess_validation_250k.csv,validation_sample,late_11_16+capture_available,,,,e5e6,5,9056,0.3655334859795403,f2f3,+71,+37,0.5775,0.5125,34.0,34.0,0.06500000000000006,0.06500000000000006,False,False,False,0.7180000000000006
validation_0039,8/6bP/p7/5k2/8/P7/5B2/5K2 w - -,training/data/samples/lichess_validation_250k.csv,validation_sample,endgame_2_10+quiet,,,,f1e2,5,7274,0.27096225300920196,f1e2,+3,+3,0.5005,0.5005,0.0,0.0,0.0,0.0,False,False,False,0.0
pgn_nn_vs_material_g5_p28,1r1qkb1r/pppBnp1p/3p3p/3P4/1P1P4/5N1P/P1P2PP1/R2QR1K1 b - - 0 14,/home/rohanhs568/code/aichessathon-starter/nn_vs_material.pgn,pgn,high_material_24_32+in_check,5,28,e8d7,d8d7,5,5192,0.24726309700054117,d8d7,+110,+110,0.809,0.809,0.0,0.0,0.0,0.0,False,False,False,0.0
suite_0009,r3kb1r/6p1/pqb1pp1p/3pB3/3p2P1/1P6/P1P2PBP/R2Q1RK1 w kq - 0 1,training/data/test_fens_60.txt,fen_suite,high_material_24_32+capture_rich,,,,e5d4,5,10776,0.6533078409847803,e5d4,+8,+8,0.503,0.503,0.0,0.0,0.0,0.0,False,False,False,0.0
validation_0153,8/5k2/ppp4p/6P1/4KP1P/8/PP6/8 w - -,training/data/samples/lichess_validation_250k.csv,validation_sample,late_11_16+capture_available,,,,g5h6,5,3421,0.12864882001304068,e4e5,+550,+655,1.0,1.0,-105.0,0.0,0.0,0.0,False,False,False,0.0
validation_0367,3r1rk1/1q1b1pb1/ppn3pp/3p4/2n2BP1/1NP2N1P/PP3PB1/R2QR1K1 w - -,training/data/samples/lichess_validation_250k.csv,validation_sample,high_material_24_32+capture_available,,,,a1c1,5,57567,3.434186933998717,d1c2,+67,-59,0.607,0.417,126.0,126.0,0.19,0.19,False,False,False,2.152
pgn_v1_1_vs_v1_g8_p47,8/3k1ppp/2r5/r3PpP1/2pP4/pp4P1/1B1K2B1/1R6 w - - 0 24,/home/rohanhs568/code/aichessathon-starter/v1_1_vs_v1.pgn,pgn,middle_17_23+capture_available,8,47,g2c6,b2c3,5,19279,1.0177658750035334,g2c6,-206,-358,0.001,0.0,152.0,152.0,0.001,0.001,False,False,False,0.314
pgn_v1_1_vs_v1_g22_p18,3k4/7R/5Kp1/p5P1/7p/r7/8/8 b - - 3 9,/home/rohanhs568/code/aichessathon-starter/v1_1_vs_v1.pgn,pgn,endgame_2_10+quiet,22,18,h4h3,h4h3,5,3284,0.10695939301513135,h4h3,0,0,0.5,0.5,0.0,0.0,0.0,0.0,False,False,False,0.0
validation_0120,4q2k/6pp/8/p3r3/R1Q5/5N2/3b1rPP/5RK1 b - -,training/data/samples/lichess_validation_250k.csv,validation_sample,late_11_16+capture_rich,,,,f2f1,5,11237,0.5996451569953933,f2f1,+229,+229,0.9995,0.9995,0.0,0.0,0.0,0.0,False,False,False,0.0
validation_0184,8/7p/7k/1r2N3/1P3Pn1/6P1/7P/1R4K1 w - -,training/data/samples/lichess_validation_250k.csv,validation_sample,late_11_16+capture_available,,,,e5g4,5,5931,0.2519318329868838,e5g4,+602,+602,1.0,1.0,0.0,0.0,0.0,0.0,False,False,False,0.0
validation_0154,4r3/B5k1/1p2p1pp/2p1n3/8/P4R2/1PPK2PP/8 b - -,training/data/samples/lichess_validation_250k.csv,validation_sample,late_11_16+capture_available,,,,e5f3,5,9377,0.4688185139966663,e8a8,+302,+171,1.0,0.9915,131.0,131.0,0.008499999999999952,0.008499999999999952,False,False,False,0.34699999999999953
pgn_v1_1_vs_v1_g23_p23,8/P6R/2k5/8/r7/7K/8/8 w - - 5 12,/home/rohanhs568/code/aichessathon-starter/v1_1_vs_v1.pgn,pgn,endgame_2_10+quiet,23,23,h3g2,h7g7,5,6755,0.22399582699290477,h7g7,0,0,0.5,0.5,0.0,0.0,0.0,0.0,False,False,False,0.0
pgn_v1_1_vs_v1_g14_p38,k3r3/1r2P3/3K1Bp1/p4bP1/P7/8/8/8 b - - 0 19,/home/rohanhs568/code/aichessathon-starter/v1_1_vs_v1.pgn,pgn,late_11_16+capture_available,14,38,f5g4,e8c8,5,8259,0.3396255119878333,b7a7,+648,+648,1.0,1.0,0.0,0.0,0.0,0.0,False,False,False,0.0
pgn_v1_1_vs_v1_g3_p27,rnb2k2/p4p1p/2pP4/7n/7b/2PB1PN1/p1P2RPP/R2Q2K1 w - - 1 14,/home/rohanhs568/code/aichessathon-starter/v1_1_vs_v1.pgn,pgn,middle_17_23+capture_available,3,27,g3h5,g3h5,5,10050,0.6184280889865477,d1d2,+666,+696,1.0,1.0,-30.0,0.0,0.0,0.0,False,False,False,0.0
validation_0264,3q2k1/pp3ppp/3rpn2/2p5/2P5/1P2PN1P/P1Q2PP1/3R2K1 w - -,training/data/samples/lichess_validation_250k.csv,validation_sample,middle_17_23+capture_available,,,,d1d6,5,13196,0.6573309049999807,d1d6,0,0,0.5,0.5,0.0,0.0,0.0,0.0,False,False,False,0.0
validation_0314,3rr3/pp4k1/2p1pnp1/4b1q1/4PN1p/P2BQ1PP/1PP5/1K1R2R1 b - -,training/data/samples/lichess_validation_250k.csv,validation_sample,high_material_24_32+capture_rich,,,,g7h8,5,39714,2.131720826990204,g7h7,+77,-102,0.6185,0.238,179.0,179.0,0.38050000000000006,0.38050000000000006,False,False,False,4.163
validation_0232,1rbRn1k1/1p2qpp1/p6p/2r5/2N5/3QP2P/2B3P1/3R2K1 b - -,training/data/samples/lichess_validation_250k.csv,validation_sample,middle_17_23+capture_rich,,,,c8f5,5,19667,0.944527551997453,c8f5,+144,+144,0.956,0.956,0.0,0.0,0.0,0.0,False,False,False,0.0
pgn_nn_vs_material_g5_p3,rnbqkb1r/pppppppp/7n/8/4P3/8/PPPP1PPP/RNBQKBNR w KQkq - 1 2,/home/rohanhs568/code/aichessathon-starter/nn_vs_material.pgn,pgn,high_material_24_32+quiet,5,3,d2d4,d2d4,5,12265,0.7148283349815756,d2d4,+118,+118,0.828,0.828,0.0,0.0,0.0,0.0,False,False,False,0.0
validation_0006,8/8/4B3/8/7K/8/6kn/6n1 w - -,training/data/samples/lichess_validation_250k.csv,validation_sample,endgame_2_10+quiet,,,,e6d5,5,2451,0.07387936799204908,h4g5,-1,-9,0.5,0.4985,8.0,8.0,0.0015000000000000013,0.0015000000000000013,False,False,False,0.031000000000000014
pgn_nn_vs_stockfish_2000_g1_p42,1r5r/p1q2kp1/p2b1p2/2pQp2p/B1Pp2b1/B7/P2N1PPP/1R2R1K1 b - - 7 21,/home/rohanhs568/code/aichessathon-starter/nn_vs_stockfish_2000.pgn,pgn,high_material_24_32+in_check,1,42,g4e6,g4e6,5,11314,0.7181352179904934,g4e6,-194,-194,0.006,0.006,0.0,0.0,0.0,0.0,False,False,False,0.0
suite_0017,2r2rk1/pp3ppp/2n5/3pPb2/1q6/1PnBP3/P1QN1PPP/R3K2R w KQ - 0 1,training/data/test_fens_60.txt,fen_suite,high_material_24_32+capture_available,,,,d3f5,5,8776,0.4704610409971792,d3f5,-105,-105,0.2205,0.2205,0.0,0.0,0.0,0.0,False,False,False,0.0
pgn_nn_vs_stockfish_full_g4_p42,r2kr3/2p1b3/2bpB2Q/pp6/8/2P1B3/P1P2PPP/3R1RK1 b - - 0 21,/home/rohanhs568/code/aichessathon-starter/nn_vs_stockfish_full.pgn,pgn,middle_17_23+capture_available,4,42,a8a6,a8a6,5,19771,1.0400755490118172,a5a4,-834,-876,0.0,0.0,42.0,42.0,0.0,0.0,False,False,False,0.084
validation_0092,8/3Kn3/2p2k2/8/1pp5/8/1P6/8 w - -,training/data/samples/lichess_validation_250k.csv,validation_sample,endgame_2_10+quiet,,,,d7d6,5,2027,0.06423941100365482,d7c7,-718,-822,0.0,0.0,104.0,104.0,0.0,0.0,False,False,False,0.208
validation_0313,rn1qk1nr/ppp1ppb1/2bp2pp/8/P3P2P/1PN3P1/2PP1PB1/R1BQK1NR b KQkq -,training/data/samples/lichess_validation_250k.csv,validation_sample,high_material_24_32+capture_available,,,,g7c3,5,12465,0.8077983230177779,c6d7,+16,-25,0.516,0.4725,41.0,41.0,0.04350000000000004,0.04350000000000004,False,False,False,0.5170000000000003
pgn_v1_1_vs_v1_g7_p82,8/8/1p2P3/p5R1/3P3P/1k1K4/3n3r/8 b - - 0 41,/home/rohanhs568/code/aichessathon-starter/v1_1_vs_v1.pgn,pgn,endgame_2_10+capture_available,7,82,b3b4,b3a3,5,5274,0.22379582800203934,h2h4,-40,-445,0.486,0.0,405.0,405.0,0.486,0.486,False,False,False,5.67
pgn_v1_1_vs_v1_g13_p23,k1r5/1b6/p2Q1Bp1/3pP1P1/P7/1P2Pp2/2r2K2/8 w - - 7 12,/home/rohanhs568/code/aichessathon-starter/v1_1_vs_v1.pgn,pgn,late_11_16+in_check,13,23,f2f3,f2f3,5,4136,0.17824214999563992,f2f3,-45,-45,0.48,0.48,0.0,0.0,0.0,0.0,False,False,False,0.0
validation_0103,8/1p1k1p2/1R6/3p4/3B4/1P2K3/r6P/4b3 b - -,training/data/samples/lichess_validation_250k.csv,validation_sample,late_11_16+capture_available,,,,e1f2,5,7938,0.340139782987535,e1h4,+12,0,0.5025,0.5,12.0,12.0,0.0024999999999999467,0.0024999999999999467,False,False,False,0.04899999999999947
pgn_v1_1_vs_v1_g13_p24,k1r5/1b6/p2Q1Bp1/3pP1P1/P7/1P2PK2/2r5/8 b - - 0 12,/home/rohanhs568/code/aichessathon-starter/v1_1_vs_v1.pgn,pgn,late_11_16+quiet,13,24,d5d4,d5d4,5,7571,0.3250537219864782,d5d4,+66,+66,0.5615,0.5615,0.0,0.0,0.0,0.0,False,False,False,0.0
validation_0216,1B4k1/p4ppp/8/8/3P2n1/2Q1n1P1/1P2P2P/q3KR2 w - -,training/data/samples/lichess_validation_250k.csv,validation_sample,middle_17_23+in_check,,,,e1d2,5,2170,0.11718972801463678,e1d2,-471,-471,0.0,0.0,0.0,0.0,0.0,0.0,False,False,False,0.0
validation_0265,6k1/pb1q2p1/1pn1p2p/5p2/7P/1PQ1P1P1/P2N1PB1/6K1 b - -,training/data/samples/lichess_validation_250k.csv,validation_sample,middle_17_23+capture_available,,,,c6e7,5,31433,1.4853527119848877,c6e7,-4,-4,0.499,0.499,0.0,0.0,0.0,0.0,False,False,False,0.0
pgn_nn_vs_material_g18_p11,r1b1kb1r/ppp1qppp/2n2n2/3pp3/8/7N/PPPPPPPP/RNBQKB1R w KQkq - 6 6,/home/rohanhs568/code/aichessathon-starter/nn_vs_material.pgn,pgn,high_material_24_32+quiet,18,11,h3g1,e2e3,5,21250,1.3174004920001607,d2d3,-227,-233,0.0055,0.0045,6.0,6.0,0.001,0.001,False,False,False,0.022
validation_0273,r1b2rk1/pp3ppp/4p3/8/2NPn3/P1B5/1P2BKPP/R6R w - -,training/data/samples/lichess_validation_250k.csv,validation_sample,middle_17_23+in_check,,,,f2e1,5,11081,0.5143569849897176,f2e1,+419,+419,1.0,1.0,0.0,0.0,0.0,0.0,False,False,False,0.0
pgn_nn_vs_stockfish_2000_g3_p19,rn2kb1r/p2bqppp/5n2/1B2p3/4P3/5N2/PPP2PPP/R1BQ1RK1 w kq - 3 10,/home/rohanhs568/code/aichessathon-starter/nn_vs_stockfish_2000.pgn,pgn,high_material_24_32+capture_available,3,19,f3e5,f1e1,5,66415,3.571127545001218,b5c4,-170,-411,0.0245,0.0,241.0,241.0,0.0245,0.0245,False,False,False,0.727
validation_0296,4r3/1q3k2/b5R1/2p2P2/p2p4/P2P3p/1P2r1PP/1R1Q3K w - -,training/data/samples/lichess_validation_250k.csv,validation_sample,middle_17_23+capture_available,,,,b1c1,5,35048,1.8806837309966795,b2b3,-609,-754,0.0,0.0,145.0,145.0,0.0,0.0,False,False,False,0.29
pgn_v1_1_vs_v1_g5_p72,4RR2/1p3k2/2p5/8/1pP1B1r1/1P2P3/P3K1P1/8 b - - 10 36,/home/rohanhs568/code/aichessathon-starter/v1_1_vs_v1.pgn,pgn,late_11_16+in_check,5,72,f7g7,f7g7,5,1741,0.0852013659896329,f7g7,-877,-877,0.0,0.0,0.0,0.0,0.0,0.0,False,False,False,0.0
validation_0375,8/7k/3b3p/3n2p1/p1pPqpN1/PpPb1N1P/1P1Br1P1/R2Q2K1 b - -,training/data/samples/lichess_validation_250k.csv,validation_sample,high_material_24_32+capture_rich,,,,e2g2,5,24906,1.3957135989912786,e4f5,+468,+175,1.0,0.991,293.0,293.0,0.009000000000000008,0.009000000000000008,False,False,False,0.676
pgn_v1_1_vs_v1_g5_p65,7k/1p6/2p5/4R3/1pP1B3/1P2P1r1/P3K1P1/5R2 w - - 3 33,/home/rohanhs568/code/aichessathon-starter/v1_1_vs_v1.pgn,pgn,late_11_16+capture_available,5,65,e5e8,e5e7,5,10152,0.44308942201314494,e5e7,#+5,#+5,1.0,1.0,0.0,0.0,0.0,0.0,False,False,False,0.0
validation_0061,8/8/5k2/1p6/1P2n3/1P1b4/2r5/4K3 b - -,training/data/samples/lichess_validation_250k.csv,validation_sample,endgame_2_10+quiet,,,,c2c1,5,5124,0.20305906899739057,c2c1,#+1,#+1,1.0,1.0,0.0,0.0,0.0,0.0,False,False,False,0.0
pgn_v1_1_vs_v1_g11_p40,8/3B4/p7/P3k3/2rpb2p/1p6/4RK2/8 b - - 1 20,/home/rohanhs568/code/aichessathon-starter/v1_1_vs_v1.pgn,pgn,late_11_16+quiet,11,40,c4c2,c4c2,5,3510,0.13983402101439424,d4d3,+703,+731,1.0,1.0,-28.0,0.0,0.0,0.0,False,False,False,0.0
suite_0045,8/1r5R/1k1pK3/2pP4/8/8/8/8 w - - 0 1,training/data/test_fens_60.txt,fen_suite,endgame_2_10+capture_available,,,,h7h2,5,4383,0.15654032499878667,h7h1,0,0,0.5,0.5,0.0,0.0,0.0,0.0,False,False,False,0.0
pgn_v1_1_vs_v1_g17_p13,8/8/5k1p/3n4/3N2r1/8/6P1/5RK1 b - - 10 7,/home/rohanhs568/code/aichessathon-starter/v1_1_vs_v1.pgn,pgn,endgame_2_10+in_check,17,13,d5f4,d5f4,5,4130,0.14619879401288927,d5f4,+9,+9,0.5015,0.5015,0.0,0.0,0.0,0.0,False,False,False,0.0
pgn_nn_vs_stockfish_2000_g7_p136,3r4/1p6/1k4p1/7p/R7/2q5/K7/8 b - - 1 68,/home/rohanhs568/code/aichessathon-starter/nn_vs_stockfish_2000.pgn,pgn,endgame_2_10+quiet,7,136,c3c2,d8d2,5,4604,0.18350456599728204,d8d2,#+2,#+2,1.0,1.0,0.0,0.0,0.0,0.0,False,False,False,0.0
pgn_v1_1_vs_v1_g6_p44,r6k/ppp3q1/2b4p/2p2P2/2P1P3/1P6/3P1R1P/7K b - - 0 22,/home/rohanhs568/code/aichessathon-starter/v1_1_vs_v1.pgn,pgn,middle_17_23+capture_available,6,44,c6e4,c6e4,5,3239,0.15861415199469775,c6e4,#+2,#+2,1.0,1.0,0.0,0.0,0.0,0.0,False,False,False,0.0
validation_0217,1k6/pp4p1/2p3p1/3p4/1P1P4/P1K1P1P1/2R1QP2/5rq1 w - -,training/data/samples/lichess_validation_250k.csv,validation_sample,middle_17_23+capture_available,,,,e2f3,5,9549,0.4439242920198012,e2f3,0,0,0.5,0.5,0.0,0.0,0.0,0.0,False,False,False,0.0
validation_0202,r3nr1k/1pp1Nppp/p2p4/8/4P3/8/PQP2PPP/3R2K1 b - -,training/data/samples/lichess_validation_250k.csv,validation_sample,middle_17_23+quiet,,,,b7b5,5,47626,1.9280858419951983,e8f6,-569,-535,0.0,0.0,-34.0,0.0,0.0,0.0,False,False,False,0.0
pgn_v1_1_vs_v1_g8_p24,r6r/5ppp/2k1pn2/p1Pp4/1p1P4/1b2P1P1/1B2KPBP/R1R5 b - - 3 12,/home/rohanhs568/code/aichessathon-starter/v1_1_vs_v1.pgn,pgn,middle_17_23+quiet,8,24,f6e4,h8c8,5,17609,0.8826970719965175,h7h6,+380,+364,1.0,1.0,16.0,16.0,0.0,0.0,False,False,False,0.032
validation_0245,3r1q1k/2p1Q1pp/pb3r2/5p2/1P3B2/6P1/5P1P/4R1K1 w - -,training/data/samples/lichess_validation_250k.csv,validation_sample,middle_17_23+capture_rich,,,,g1g2,5,26525,1.3127131639921572,e7e2,-512,-548,0.0,0.0,36.0,36.0,0.0,0.0,False,False,False,0.072
validation_0059,8/8/6N1/4k3/8/1B6/3K4/8 b - -,training/data/samples/lichess_validation_250k.csv,validation_sample,endgame_2_10+in_check,,,,e5f5,5,3135,0.09706874401308596,e5f6,-205,-203,0.001,0.001,-2.0,0.0,0.0,0.0,False,False,False,0.0
validation_0364,r2qr1k1/pppn1p1p/6p1/6N1/2P1p1n1/2b1P2P/PPQ2PP1/R1B1R1K1 w - -,training/data/samples/lichess_validation_250k.csv,validation_sample,high_material_24_32+capture_rich,,,,g5f7,5,20760,1.2550129169831052,c2c3,-343,-378,0.0,0.0,35.0,35.0,0.0,0.0,False,False,False,0.07
validation_0186,8/6k1/6p1/p6p/1p3K1P/P2PN1P1/2Bn3b/8 w - -,training/data/samples/lichess_validation_250k.csv,validation_sample,late_11_16+capture_available,,,,a3b4,5,3534,0.16141005398822017,a3b4,-4,-4,0.499,0.499,0.0,0.0,0.0,0.0,False,False,False,0.0
validation_0368,rn3r1k/bpp1q1pp/p2pP2n/P3p2Q/2B1Pp2/2P4P/1P1N1PPK/R1B2R2 b - -,training/data/samples/lichess_validation_250k.csv,validation_sample,high_material_24_32+capture_available,,,,h6g8,5,27553,1.693284715001937,h6g8,+116,+116,0.8315,0.8315,0.0,0.0,0.0,0.0,False,False,False,0.0
validation_0331,rnbqkb1r/p5pp/2p2n2/1p1p1p2/3PpN2/2N1P1P1/PPP2PBP/R1BQK2R w KQkq -,training/data/samples/lichess_validation_250k.csv,validation_sample,high_material_24_32+capture_rich,,,,a2a4,5,61589,3.913602474000072,f4h5,-124,-138,0.1505,0.1025,14.0,14.0,0.048,0.048,False,False,False,0.508
suite_0050,2k4r/ppn3Q1/8/8/P4R2/8/q2B3P/6K1 b - - 0 1,training/data/test_fens_60.txt,fen_suite,late_11_16+capture_available,,,,h8d8,5,12055,0.5689108489896171,h8e8,+11,-22,0.502,0.495,33.0,33.0,0.007000000000000006,0.007000000000000006,False,False,False,0.13600000000000007
suite_0039,3r2k1/5ppp/1P1b4/8/8/3pBQ1P/4qPP1/3R2K1 b - - 0 1,training/data/test_fens_60.txt,fen_suite,late_11_16+capture_rich,,,,e2f3,5,19384,1.0407997510046698,e2f3,-57,-57,0.461,0.461,0.0,0.0,0.0,0.0,False,False,False,0.0
pgn_v1_1_vs_v1_g7_p120,8/8/1p1K4/7P/8/8/4n1RQ/4k3 b - - 2 60,/home/rohanhs568/code/aichessathon-starter/v1_1_vs_v1.pgn,pgn,endgame_2_10+quiet,7,120,e1d2,e1d2,5,2404,0.09335407699109055,e1d2,#-8,#-8,0.0,0.0,0.0,0.0,0.0,0.0,False,False,False,0.0
suite_0051,8/8/6p1/5k1p/3K3P/8/6P1/8 w - - 0 1,training/data/test_fens_60.txt,fen_suite,endgame_2_10+quiet,,,,d4d5,5,1280,0.03853792799054645,d4d5,-10,-10,0.498,0.498,0.0,0.0,0.0,0.0,False,False,False,0.0
validation_0049,8/8/R4KP1/3kp3/8/4nP2/5r2/8 w - -,training/data/samples/lichess_validation_250k.csv,validation_sample,endgame_2_10+quiet,,,,a6a5,5,3641,0.1324556850013323,g6g7,0,0,0.5,0.5,0.0,0.0,0.0,0.0,False,False,False,0.0
validation_0047,8/7K/8/8/8/1k6/8/5Q2 w - -,training/data/samples/lichess_validation_250k.csv,validation_sample,endgame_2_10+quiet,,,,f1b1,5,17294,0.46568632300477475,h7h6,+517,+536,1.0,1.0,-19.0,0.0,0.0,0.0,False,False,False,0.0
