case_id,fen,category,source,variant,depth,move,engine_score_cp,depth_nodes,total_nodes,depth_elapsed_s,total_elapsed_s,run_completed_depth,run_timeout,run_elapsed_s,sf_best_move,sf_best_score,sf_candidate_score,sf_best_cp,sf_candidate_cp,sf_best_expectation,sf_candidate_expectation,cp_delta_raw,cp_loss,expectation_delta_raw,expectation_loss,mate_blunder,sign_flip,winning_to_notwinning,stat_tt_cutoffs,stat_null_tries,stat_null_cutoffs,stat_lmr_reductions,stat_lmr_researches,stat_futility_skips,stat_repetition_draws,stat_aspiration_retries,stat_material_capture_deprioritized,stat_qnodes
validation_0162,8/5p2/p5p1/3K1p1p/5P1P/Pk4P1/1P6/8 w - -,late_11_16+quiet,training/data/samples/lichess_validation_250k.csv,baseline,1,d5d6,9,24,24,0.0010846609948202968,0.0010858610039576888,7,False,0.18930396001087502,d5c5,+424,-541,424,-541,1.0,0.0,965.0,965.0,1.0,1.0,False,True,True,354,0,0,334,13,522,0,1,0,2022
validation_0162,8/5p2/p5p1/3K1p1p/5P1P/Pk4P1/1P6/8 w - -,late_11_16+quiet,training/data/samples/lichess_validation_250k.csv,baseline,2,d5d6,9,41,65,0.0014074500068090856,0.0024945110199041665,7,False,0.18930396001087502,d5c5,+424,-541,424,-541,1.0,0.0,965.0,965.0,1.0,1.0,False,True,True,354,0,0,334,13,522,0,1,0,2022
validation_0162,8/5p2/p5p1/3K1p1p/5P1P/Pk4P1/1P6/8 w - -,late_11_16+quiet,training/data/samples/lichess_validation_250k.csv,baseline,3,d5d6,-84,168,233,0.005417407024651766,0.007912618020782247,7,False,0.18930396001087502,d5c5,+424,-541,424,-541,1.0,0.0,965.0,965.0,1.0,1.0,False,True,True,354,0,0,334,13,522,0,1,0,2022
validation_0162,8/5p2/p5p1/3K1p1p/5P1P/Pk4P1/1P6/8 w - -,late_11_16+quiet,training/data/samples/lichess_validation_250k.csv,baseline,4,d5d6,-29,339,572,0.012452957016648725,0.020366475015180185,7,False,0.18930396001087502,d5c5,+424,-541,424,-541,1.0,0.0,965.0,965.0,1.0,1.0,False,True,True,354,0,0,334,13,522,0,1,0,2022
validation_0162,8/5p2/p5p1/3K1p1p/5P1P/Pk4P1/1P6/8 w - -,late_11_16+quiet,training/data/samples/lichess_validation_250k.csv,baseline,5,d5d6,-29,376,948,0.013963301986223087,0.034330777009017766,7,False,0.18930396001087502,d5c5,+424,-541,424,-541,1.0,0.0,965.0,965.0,1.0,1.0,False,True,True,354,0,0,334,13,522,0,1,0,2022
validation_0162,8/5p2/p5p1/3K1p1p/5P1P/Pk4P1/1P6/8 w - -,late_11_16+quiet,training/data/samples/lichess_validation_250k.csv,baseline,6,d5d6,11,1329,2277,0.051724558987189084,0.08605643600458279,7,False,0.18930396001087502,d5c5,+424,-541,424,-541,1.0,0.0,965.0,965.0,1.0,1.0,False,True,True,354,0,0,334,13,522,0,1,0,2022
validation_0162,8/5p2/p5p1/3K1p1p/5P1P/Pk4P1/1P6/8 w - -,late_11_16+quiet,training/data/samples/lichess_validation_250k.csv,baseline,7,d5d6,13,2801,5078,0.10324432500055991,0.189302161015803,7,False,0.18930396001087502,d5c5,+424,-541,424,-541,1.0,0.0,965.0,965.0,1.0,1.0,False,True,True,354,0,0,334,13,522,0,1,0,2022
validation_0162,8/5p2/p5p1/3K1p1p/5P1P/Pk4P1/1P6/8 w - -,late_11_16+quiet,training/data/samples/lichess_validation_250k.csv,no_null,1,d5d6,9,24,24,0.0010656619851943105,0.0010667619935702533,7,False,0.18728193300194107,d5c5,+424,-541,424,-541,1.0,0.0,965.0,965.0,1.0,1.0,False,True,True,354,0,0,334,13,522,0,1,0,2022
validation_0162,8/5p2/p5p1/3K1p1p/5P1P/Pk4P1/1P6/8 w - -,late_11_16+quiet,training/data/samples/lichess_validation_250k.csv,no_null,2,d5d6,9,41,65,0.0014082499837968498,0.002475911984220147,7,False,0.18728193300194107,d5c5,+424,-541,424,-541,1.0,0.0,965.0,965.0,1.0,1.0,False,True,True,354,0,0,334,13,522,0,1,0,2022
validation_0162,8/5p2/p5p1/3K1p1p/5P1P/Pk4P1/1P6/8 w - -,late_11_16+quiet,training/data/samples/lichess_validation_250k.csv,no_null,3,d5d6,-84,168,233,0.00543660600669682,0.007913217996247113,7,False,0.18728193300194107,d5c5,+424,-541,424,-541,1.0,0.0,965.0,965.0,1.0,1.0,False,True,True,354,0,0,334,13,522,0,1,0,2022
validation_0162,8/5p2/p5p1/3K1p1p/5P1P/Pk4P1/1P6/8 w - -,late_11_16+quiet,training/data/samples/lichess_validation_250k.csv,no_null,4,d5d6,-29,339,572,0.012665148999076337,0.020579167001415044,7,False,0.18728193300194107,d5c5,+424,-541,424,-541,1.0,0.0,965.0,965.0,1.0,1.0,False,True,True,354,0,0,334,13,522,0,1,0,2022
validation_0162,8/5p2/p5p1/3K1p1p/5P1P/Pk4P1/1P6/8 w - -,late_11_16+quiet,training/data/samples/lichess_validation_250k.csv,no_null,5,d5d6,-29,376,948,0.013609715999336913,0.0341899830091279,7,False,0.18728193300194107,d5c5,+424,-541,424,-541,1.0,0.0,965.0,965.0,1.0,1.0,False,True,True,354,0,0,334,13,522,0,1,0,2022
validation_0162,8/5p2/p5p1/3K1p1p/5P1P/Pk4P1/1P6/8 w - -,late_11_16+quiet,training/data/samples/lichess_validation_250k.csv,no_null,6,d5d6,11,1329,2277,0.05125737501657568,0.08544855800573714,7,False,0.18728193300194107,d5c5,+424,-541,424,-541,1.0,0.0,965.0,965.0,1.0,1.0,False,True,True,354,0,0,334,13,522,0,1,0,2022
validation_0162,8/5p2/p5p1/3K1p1p/5P1P/Pk4P1/1P6/8 w - -,late_11_16+quiet,training/data/samples/lichess_validation_250k.csv,no_null,7,d5d6,13,2801,5078,0.10183047500322573,0.18728013298823498,7,False,0.18728193300194107,d5c5,+424,-541,424,-541,1.0,0.0,965.0,965.0,1.0,1.0,False,True,True,354,0,0,334,13,522,0,1,0,2022
validation_0162,8/5p2/p5p1/3K1p1p/5P1P/Pk4P1/1P6/8 w - -,late_11_16+quiet,training/data/samples/lichess_validation_250k.csv,null_safe,1,d5d6,9,24,24,0.0010256629902869463,0.0010266629979014397,7,False,0.1867307520005852,d5c5,+424,-541,424,-541,1.0,0.0,965.0,965.0,1.0,1.0,False,True,True,354,0,0,334,13,522,0,1,0,2022
validation_0162,8/5p2/p5p1/3K1p1p/5P1P/Pk4P1/1P6/8 w - -,late_11_16+quiet,training/data/samples/lichess_validation_250k.csv,null_safe,2,d5d6,9,41,65,0.0013801509921904653,0.002407713996944949,7,False,0.1867307520005852,d5c5,+424,-541,424,-541,1.0,0.0,965.0,965.0,1.0,1.0,False,True,True,354,0,0,334,13,522,0,1,0,2022
validation_0162,8/5p2/p5p1/3K1p1p/5P1P/Pk4P1/1P6/8 w - -,late_11_16+quiet,training/data/samples/lichess_validation_250k.csv,null_safe,3,d5d6,-84,168,233,0.005437006009742618,0.007845520012779161,7,False,0.1867307520005852,d5c5,+424,-541,424,-541,1.0,0.0,965.0,965.0,1.0,1.0,False,True,True,354,0,0,334,13,522,0,1,0,2022
validation_0162,8/5p2/p5p1/3K1p1p/5P1P/Pk4P1/1P6/8 w - -,late_11_16+quiet,training/data/samples/lichess_validation_250k.csv,null_safe,4,d5d6,-29,339,572,0.012372659984976053,0.02021898000384681,7,False,0.1867307520005852,d5c5,+424,-541,424,-541,1.0,0.0,965.0,965.0,1.0,1.0,False,True,True,354,0,0,334,13,522,0,1,0,2022
validation_0162,8/5p2/p5p1/3K1p1p/5P1P/Pk4P1/1P6/8 w - -,late_11_16+quiet,training/data/samples/lichess_validation_250k.csv,null_safe,5,d5d6,-29,376,948,0.013655313989147544,0.0338751939998474,7,False,0.1867307520005852,d5c5,+424,-541,424,-541,1.0,0.0,965.0,965.0,1.0,1.0,False,True,True,354,0,0,334,13,522,0,1,0,2022
validation_0162,8/5p2/p5p1/3K1p1p/5P1P/Pk4P1/1P6/8 w - -,late_11_16+quiet,training/data/samples/lichess_validation_250k.csv,null_safe,6,d5d6,11,1329,2277,0.05099318400607444,0.08486947801429778,7,False,0.1867307520005852,d5c5,+424,-541,424,-541,1.0,0.0,965.0,965.0,1.0,1.0,False,True,True,354,0,0,334,13,522,0,1,0,2022
validation_0162,8/5p2/p5p1/3K1p1p/5P1P/Pk4P1/1P6/8 w - -,late_11_16+quiet,training/data/samples/lichess_validation_250k.csv,null_safe,7,d5d6,13,2801,5078,0.10185787398950197,0.1867288520152215,7,False,0.1867307520005852,d5c5,+424,-541,424,-541,1.0,0.0,965.0,965.0,1.0,1.0,False,True,True,354,0,0,334,13,522,0,1,0,2022
validation_0162,8/5p2/p5p1/3K1p1p/5P1P/Pk4P1/1P6/8 w - -,late_11_16+quiet,training/data/samples/lichess_validation_250k.csv,no_lmr,1,d5d6,9,24,24,0.00105236197123304,0.0010531619773246348,7,False,0.30219334198045544,d5c5,+424,-541,424,-541,1.0,0.0,965.0,965.0,1.0,1.0,False,True,True,738,0,0,0,0,1362,0,1,0,2920
validation_0162,8/5p2/p5p1/3K1p1p/5P1P/Pk4P1/1P6/8 w - -,late_11_16+quiet,training/data/samples/lichess_validation_250k.csv,no_lmr,2,d5d6,9,41,65,0.001375951018417254,0.0024301130033563823,7,False,0.30219334198045544,d5c5,+424,-541,424,-541,1.0,0.0,965.0,965.0,1.0,1.0,False,True,True,738,0,0,0,0,1362,0,1,0,2920
validation_0162,8/5p2/p5p1/3K1p1p/5P1P/Pk4P1/1P6/8 w - -,late_11_16+quiet,training/data/samples/lichess_validation_250k.csv,no_lmr,3,d5d6,-84,168,233,0.0054003080003894866,0.007831120979972184,7,False,0.30219334198045544,d5c5,+424,-541,424,-541,1.0,0.0,965.0,965.0,1.0,1.0,False,True,True,738,0,0,0,0,1362,0,1,0,2920
validation_0162,8/5p2/p5p1/3K1p1p/5P1P/Pk4P1/1P6/8 w - -,late_11_16+quiet,training/data/samples/lichess_validation_250k.csv,no_lmr,4,d5d6,-29,433,666,0.014619480003602803,0.022451300988905132,7,False,0.30219334198045544,d5c5,+424,-541,424,-541,1.0,0.0,965.0,965.0,1.0,1.0,False,True,True,738,0,0,0,0,1362,0,1,0,2920
validation_0162,8/5p2/p5p1/3K1p1p/5P1P/Pk4P1/1P6/8 w - -,late_11_16+quiet,training/data/samples/lichess_validation_250k.csv,no_lmr,5,d5d6,-29,638,1304,0.02550059198983945,0.047952992987120524,7,False,0.30219334198045544,d5c5,+424,-541,424,-541,1.0,0.0,965.0,965.0,1.0,1.0,False,True,True,738,0,0,0,0,1362,0,1,0,2920
validation_0162,8/5p2/p5p1/3K1p1p/5P1P/Pk4P1/1P6/8 w - -,late_11_16+quiet,training/data/samples/lichess_validation_250k.csv,no_lmr,6,d5d6,13,2080,3384,0.07511212601093575,0.12306601900490932,7,False,0.30219334198045544,d5c5,+424,-541,424,-541,1.0,0.0,965.0,965.0,1.0,1.0,False,True,True,738,0,0,0,0,1362,0,1,0,2920
validation_0162,8/5p2/p5p1/3K1p1p/5P1P/Pk4P1/1P6/8 w - -,late_11_16+quiet,training/data/samples/lichess_validation_250k.csv,no_lmr,7,d5d6,-2,4435,7819,0.1791239230078645,0.30219124199356884,7,False,0.30219334198045544,d5c5,+424,-541,424,-541,1.0,0.0,965.0,965.0,1.0,1.0,False,True,True,738,0,0,0,0,1362,0,1,0,2920
validation_0162,8/5p2/p5p1/3K1p1p/5P1P/Pk4P1/1P6/8 w - -,late_11_16+quiet,training/data/samples/lichess_validation_250k.csv,lmr_safe,1,d5d6,9,24,24,0.0010618619853630662,0.001062961993739009,7,False,0.20178051700349897,d5c5,+424,-541,424,-541,1.0,0.0,965.0,965.0,1.0,1.0,False,True,True,383,0,0,99,1,1011,0,1,0,2078
validation_0162,8/5p2/p5p1/3K1p1p/5P1P/Pk4P1/1P6/8 w - -,late_11_16+quiet,training/data/samples/lichess_validation_250k.csv,lmr_safe,2,d5d6,9,41,65,0.0013814510020893067,0.0024453130026813596,7,False,0.20178051700349897,d5c5,+424,-541,424,-541,1.0,0.0,965.0,965.0,1.0,1.0,False,True,True,383,0,0,99,1,1011,0,1,0,2078
validation_0162,8/5p2/p5p1/3K1p1p/5P1P/Pk4P1/1P6/8 w - -,late_11_16+quiet,training/data/samples/lichess_validation_250k.csv,lmr_safe,3,d5d6,-84,168,233,0.0053787080105394125,0.007824820990208536,7,False,0.20178051700349897,d5c5,+424,-541,424,-541,1.0,0.0,965.0,965.0,1.0,1.0,False,True,True,383,0,0,99,1,1011,0,1,0,2078
validation_0162,8/5p2/p5p1/3K1p1p/5P1P/Pk4P1/1P6/8 w - -,late_11_16+quiet,training/data/samples/lichess_validation_250k.csv,lmr_safe,4,d5d6,-29,433,666,0.01466107799205929,0.02248679898912087,7,False,0.20178051700349897,d5c5,+424,-541,424,-541,1.0,0.0,965.0,965.0,1.0,1.0,False,True,True,383,0,0,99,1,1011,0,1,0,2078
validation_0162,8/5p2/p5p1/3K1p1p/5P1P/Pk4P1/1P6/8 w - -,late_11_16+quiet,training/data/samples/lichess_validation_250k.csv,lmr_safe,5,d5d6,-29,532,1198,0.020508669986156747,0.04299626898136921,7,False,0.20178051700349897,d5c5,+424,-541,424,-541,1.0,0.0,965.0,965.0,1.0,1.0,False,True,True,383,0,0,99,1,1011,0,1,0,2078
validation_0162,8/5p2/p5p1/3K1p1p/5P1P/Pk4P1/1P6/8 w - -,late_11_16+quiet,training/data/samples/lichess_validation_250k.csv,lmr_safe,6,d5d6,11,1396,2594,0.05243623399292119,0.09543360298266634,7,False,0.20178051700349897,d5c5,+424,-541,424,-541,1.0,0.0,965.0,965.0,1.0,1.0,False,True,True,383,0,0,99,1,1011,0,1,0,2078
validation_0162,8/5p2/p5p1/3K1p1p/5P1P/Pk4P1/1P6/8 w - -,late_11_16+quiet,training/data/samples/lichess_validation_250k.csv,lmr_safe,7,d5d6,13,2781,5375,0.1063438139972277,0.20177841698750854,7,False,0.20178051700349897,d5c5,+424,-541,424,-541,1.0,0.0,965.0,965.0,1.0,1.0,False,True,True,383,0,0,99,1,1011,0,1,0,2078
validation_0162,8/5p2/p5p1/3K1p1p/5P1P/Pk4P1/1P6/8 w - -,late_11_16+quiet,training/data/samples/lichess_validation_250k.csv,no_futility,1,d5d6,9,24,24,0.0010280629794579,0.001029262988595292,7,False,0.20276178498170339,d5c5,+424,-541,424,-541,1.0,0.0,965.0,965.0,1.0,1.0,False,True,True,353,0,0,334,13,0,0,1,0,2547
validation_0162,8/5p2/p5p1/3K1p1p/5P1P/Pk4P1/1P6/8 w - -,late_11_16+quiet,training/data/samples/lichess_validation_250k.csv,no_futility,2,d5d6,9,41,65,0.001377851003780961,0.0024079139984678477,7,False,0.20276178498170339,d5c5,+424,-541,424,-541,1.0,0.0,965.0,965.0,1.0,1.0,False,True,True,353,0,0,334,13,0,0,1,0,2547
validation_0162,8/5p2/p5p1/3K1p1p/5P1P/Pk4P1/1P6/8 w - -,late_11_16+quiet,training/data/samples/lichess_validation_250k.csv,no_futility,3,d5d6,-84,168,233,0.0053642089769709855,0.007773122983053327,7,False,0.20276178498170339,d5c5,+424,-541,424,-541,1.0,0.0,965.0,965.0,1.0,1.0,False,True,True,353,0,0,334,13,0,0,1,0,2547
validation_0162,8/5p2/p5p1/3K1p1p/5P1P/Pk4P1/1P6/8 w - -,late_11_16+quiet,training/data/samples/lichess_validation_250k.csv,no_futility,4,d5d6,-29,365,598,0.012765246006892994,0.020539268996799365,7,False,0.20276178498170339,d5c5,+424,-541,424,-541,1.0,0.0,965.0,965.0,1.0,1.0,False,True,True,353,0,0,334,13,0,0,1,0,2547
validation_0162,8/5p2/p5p1/3K1p1p/5P1P/Pk4P1/1P6/8 w - -,late_11_16+quiet,training/data/samples/lichess_validation_250k.csv,no_futility,5,d5d6,-29,534,1132,0.016902397997910157,0.037442667002324015,7,False,0.20276178498170339,d5c5,+424,-541,424,-541,1.0,0.0,965.0,965.0,1.0,1.0,False,True,True,353,0,0,334,13,0,0,1,0,2547
validation_0162,8/5p2/p5p1/3K1p1p/5P1P/Pk4P1/1P6/8 w - -,late_11_16+quiet,training/data/samples/lichess_validation_250k.csv,no_futility,6,d5d6,11,1640,2772,0.055470426013926044,0.09291439299704507,7,False,0.20276178498170339,d5c5,+424,-541,424,-541,1.0,0.0,965.0,965.0,1.0,1.0,False,True,True,353,0,0,334,13,0,0,1,0,2547
validation_0162,8/5p2/p5p1/3K1p1p/5P1P/Pk4P1/1P6/8 w - -,late_11_16+quiet,training/data/samples/lichess_validation_250k.csv,no_futility,7,d5d6,13,3356,6128,0.10984409198863432,0.20275978499557823,7,False,0.20276178498170339,d5c5,+424,-541,424,-541,1.0,0.0,965.0,965.0,1.0,1.0,False,True,True,353,0,0,334,13,0,0,1,0,2547
validation_0162,8/5p2/p5p1/3K1p1p/5P1P/Pk4P1/1P6/8 w - -,late_11_16+quiet,training/data/samples/lichess_validation_250k.csv,capture_material_order,1,d5d6,9,24,24,0.0010248640028294176,0.0010257639805786312,7,False,0.18819400400388986,d5c5,+424,-541,424,-541,1.0,0.0,965.0,965.0,1.0,1.0,False,True,True,354,0,0,334,13,522,0,1,0,2022
validation_0162,8/5p2/p5p1/3K1p1p/5P1P/Pk4P1/1P6/8 w - -,late_11_16+quiet,training/data/samples/lichess_validation_250k.csv,capture_material_order,2,d5d6,9,41,65,0.0013841509935446084,0.0024108149809762836,7,False,0.18819400400388986,d5c5,+424,-541,424,-541,1.0,0.0,965.0,965.0,1.0,1.0,False,True,True,354,0,0,334,13,522,0,1,0,2022
validation_0162,8/5p2/p5p1/3K1p1p/5P1P/Pk4P1/1P6/8 w - -,late_11_16+quiet,training/data/samples/lichess_validation_250k.csv,capture_material_order,3,d5d6,-84,168,233,0.005406807002145797,0.007818321988452226,7,False,0.18819400400388986,d5c5,+424,-541,424,-541,1.0,0.0,965.0,965.0,1.0,1.0,False,True,True,354,0,0,334,13,522,0,1,0,2022
validation_0162,8/5p2/p5p1/3K1p1p/5P1P/Pk4P1/1P6/8 w - -,late_11_16+quiet,training/data/samples/lichess_validation_250k.csv,capture_material_order,4,d5d6,-29,339,572,0.012476856005378067,0.020296078000683337,7,False,0.18819400400388986,d5c5,+424,-541,424,-541,1.0,0.0,965.0,965.0,1.0,1.0,False,True,True,354,0,0,334,13,522,0,1,0,2022
validation_0162,8/5p2/p5p1/3K1p1p/5P1P/Pk4P1/1P6/8 w - -,late_11_16+quiet,training/data/samples/lichess_validation_250k.csv,capture_material_order,5,d5d6,-29,376,948,0.013746510987402871,0.0340435889957007,7,False,0.18819400400388986,d5c5,+424,-541,424,-541,1.0,0.0,965.0,965.0,1.0,1.0,False,True,True,354,0,0,334,13,522,0,1,0,2022
validation_0162,8/5p2/p5p1/3K1p1p/5P1P/Pk4P1/1P6/8 w - -,late_11_16+quiet,training/data/samples/lichess_validation_250k.csv,capture_material_order,6,d5d6,11,1329,2277,0.05148956799530424,0.08553405699785799,7,False,0.18819400400388986,d5c5,+424,-541,424,-541,1.0,0.0,965.0,965.0,1.0,1.0,False,True,True,354,0,0,334,13,522,0,1,0,2022
validation_0162,8/5p2/p5p1/3K1p1p/5P1P/Pk4P1/1P6/8 w - -,late_11_16+quiet,training/data/samples/lichess_validation_250k.csv,capture_material_order,7,d5d6,13,2801,5078,0.10265704698394984,0.18819220399018377,7,False,0.18819400400388986,d5c5,+424,-541,424,-541,1.0,0.0,965.0,965.0,1.0,1.0,False,True,True,354,0,0,334,13,522,0,1,0,2022
validation_0162,8/5p2/p5p1/3K1p1p/5P1P/Pk4P1/1P6/8 w - -,late_11_16+quiet,training/data/samples/lichess_validation_250k.csv,no_aspiration,1,d5d6,9,24,24,0.00102366300416179,0.0010246630117762834,7,False,0.18742403099895455,d5c5,+424,-541,424,-541,1.0,0.0,965.0,965.0,1.0,1.0,False,True,True,351,0,0,329,13,522,0,0,0,2000
validation_0162,8/5p2/p5p1/3K1p1p/5P1P/Pk4P1/1P6/8 w - -,late_11_16+quiet,training/data/samples/lichess_validation_250k.csv,no_aspiration,2,d5d6,9,41,65,0.0014002499810885638,0.002425812999717891,7,False,0.18742403099895455,d5c5,+424,-541,424,-541,1.0,0.0,965.0,965.0,1.0,1.0,False,True,True,351,0,0,329,13,522,0,0,0,2000
validation_0162,8/5p2/p5p1/3K1p1p/5P1P/Pk4P1/1P6/8 w - -,late_11_16+quiet,training/data/samples/lichess_validation_250k.csv,no_aspiration,3,d5d6,-84,168,233,0.00539980799658224,0.007826321001630276,7,False,0.18742403099895455,d5c5,+424,-541,424,-541,1.0,0.0,965.0,965.0,1.0,1.0,False,True,True,351,0,0,329,13,522,0,0,0,2000
validation_0162,8/5p2/p5p1/3K1p1p/5P1P/Pk4P1/1P6/8 w - -,late_11_16+quiet,training/data/samples/lichess_validation_250k.csv,no_aspiration,4,d5d6,-29,278,511,0.010633522004354745,0.018460743012838066,7,False,0.18742403099895455,d5c5,+424,-541,424,-541,1.0,0.0,965.0,965.0,1.0,1.0,False,True,True,351,0,0,329,13,522,0,0,0,2000
validation_0162,8/5p2/p5p1/3K1p1p/5P1P/Pk4P1/1P6/8 w - -,late_11_16+quiet,training/data/samples/lichess_validation_250k.csv,no_aspiration,5,d5d6,-29,376,887,0.013644413993461058,0.03210605701315217,7,False,0.18742403099895455,d5c5,+424,-541,424,-541,1.0,0.0,965.0,965.0,1.0,1.0,False,True,True,351,0,0,329,13,522,0,0,0,2000
validation_0162,8/5p2/p5p1/3K1p1p/5P1P/Pk4P1/1P6/8 w - -,late_11_16+quiet,training/data/samples/lichess_validation_250k.csv,no_aspiration,6,d5d6,11,1333,2220,0.051722359989071265,0.08382951701059937,7,False,0.18742403099895455,d5c5,+424,-541,424,-541,1.0,0.0,965.0,965.0,1.0,1.0,False,True,True,351,0,0,329,13,522,0,0,0,2000
validation_0162,8/5p2/p5p1/3K1p1p/5P1P/Pk4P1/1P6/8 w - -,late_11_16+quiet,training/data/samples/lichess_validation_250k.csv,no_aspiration,7,d5d6,13,2817,5037,0.10359161399537697,0.1874222310143523,7,False,0.18742403099895455,d5c5,+424,-541,424,-541,1.0,0.0,965.0,965.0,1.0,1.0,False,True,True,351,0,0,329,13,522,0,0,0,2000
validation_0162,8/5p2/p5p1/3K1p1p/5P1P/Pk4P1/1P6/8 w - -,late_11_16+quiet,training/data/samples/lichess_validation_250k.csv,no_pvs,1,d5d6,9,24,24,0.0010650619806256145,0.0010658619867172092,7,False,0.17960710899205878,d5c5,+424,-541,424,-541,1.0,0.0,965.0,965.0,1.0,1.0,False,True,True,345,0,0,309,14,544,0,1,0,1871
validation_0162,8/5p2/p5p1/3K1p1p/5P1P/Pk4P1/1P6/8 w - -,late_11_16+quiet,training/data/samples/lichess_validation_250k.csv,no_pvs,2,d5d6,9,41,65,0.0013277530088089406,0.0023947150039020926,7,False,0.17960710899205878,d5c5,+424,-541,424,-541,1.0,0.0,965.0,965.0,1.0,1.0,False,True,True,345,0,0,309,14,544,0,1,0,1871
validation_0162,8/5p2/p5p1/3K1p1p/5P1P/Pk4P1/1P6/8 w - -,late_11_16+quiet,training/data/samples/lichess_validation_250k.csv,no_pvs,3,d5d6,-84,184,249,0.005737296014558524,0.00813281099544838,7,False,0.17960710899205878,d5c5,+424,-541,424,-541,1.0,0.0,965.0,965.0,1.0,1.0,False,True,True,345,0,0,309,14,544,0,1,0,1871
validation_0162,8/5p2/p5p1/3K1p1p/5P1P/Pk4P1/1P6/8 w - -,late_11_16+quiet,training/data/samples/lichess_validation_250k.csv,no_pvs,4,d5d6,-29,315,564,0.012043770984746516,0.02017738198628649,7,False,0.17960710899205878,d5c5,+424,-541,424,-541,1.0,0.0,965.0,965.0,1.0,1.0,False,True,True,345,0,0,309,14,544,0,1,0,1871
validation_0162,8/5p2/p5p1/3K1p1p/5P1P/Pk4P1/1P6/8 w - -,late_11_16+quiet,training/data/samples/lichess_validation_250k.csv,no_pvs,5,d5d6,-29,376,940,0.01385310699697584,0.034031388990115374,7,False,0.17960710899205878,d5c5,+424,-541,424,-541,1.0,0.0,965.0,965.0,1.0,1.0,False,True,True,345,0,0,309,14,544,0,1,0,1871
validation_0162,8/5p2/p5p1/3K1p1p/5P1P/Pk4P1/1P6/8 w - -,late_11_16+quiet,training/data/samples/lichess_validation_250k.csv,no_pvs,6,d5d6,11,1393,2333,0.05460035699070431,0.08863274598843418,7,False,0.17960710899205878,d5c5,+424,-541,424,-541,1.0,0.0,965.0,965.0,1.0,1.0,False,True,True,345,0,0,309,14,544,0,1,0,1871
validation_0162,8/5p2/p5p1/3K1p1p/5P1P/Pk4P1/1P6/8 w - -,late_11_16+quiet,training/data/samples/lichess_validation_250k.csv,no_pvs,7,d5d6,13,2399,4732,0.0909710630076006,0.17960490900441073,7,False,0.17960710899205878,d5c5,+424,-541,424,-541,1.0,0.0,965.0,965.0,1.0,1.0,False,True,True,345,0,0,309,14,544,0,1,0,1871
validation_0162,8/5p2/p5p1/3K1p1p/5P1P/Pk4P1/1P6/8 w - -,late_11_16+quiet,training/data/samples/lichess_validation_250k.csv,no_null_no_lmr,1,d5d6,9,24,24,0.0010182640107814223,0.0010192640183959156,7,False,0.30490925200865604,d5c5,+424,-541,424,-541,1.0,0.0,965.0,965.0,1.0,1.0,False,True,True,738,0,0,0,0,1362,0,1,0,2920
validation_0162,8/5p2/p5p1/3K1p1p/5P1P/Pk4P1/1P6/8 w - -,late_11_16+quiet,training/data/samples/lichess_validation_250k.csv,no_null_no_lmr,2,d5d6,9,41,65,0.001384650997351855,0.002404915023362264,7,False,0.30490925200865604,d5c5,+424,-541,424,-541,1.0,0.0,965.0,965.0,1.0,1.0,False,True,True,738,0,0,0,0,1362,0,1,0,2920
validation_0162,8/5p2/p5p1/3K1p1p/5P1P/Pk4P1/1P6/8 w - -,late_11_16+quiet,training/data/samples/lichess_validation_250k.csv,no_null_no_lmr,3,d5d6,-84,168,233,0.005419207009254023,0.007824922009604052,7,False,0.30490925200865604,d5c5,+424,-541,424,-541,1.0,0.0,965.0,965.0,1.0,1.0,False,True,True,738,0,0,0,0,1362,0,1,0,2920
validation_0162,8/5p2/p5p1/3K1p1p/5P1P/Pk4P1/1P6/8 w - -,late_11_16+quiet,training/data/samples/lichess_validation_250k.csv,no_null_no_lmr,4,d5d6,-29,433,666,0.014584180986275896,0.022410003002732992,7,False,0.30490925200865604,d5c5,+424,-541,424,-541,1.0,0.0,965.0,965.0,1.0,1.0,False,True,True,738,0,0,0,0,1362,0,1,0,2920
validation_0162,8/5p2/p5p1/3K1p1p/5P1P/Pk4P1/1P6/8 w - -,late_11_16+quiet,training/data/samples/lichess_validation_250k.csv,no_null_no_lmr,5,d5d6,-29,638,1304,0.025543491006828845,0.04795439401641488,7,False,0.30490925200865604,d5c5,+424,-541,424,-541,1.0,0.0,965.0,965.0,1.0,1.0,False,True,True,738,0,0,0,0,1362,0,1,0,2920
validation_0162,8/5p2/p5p1/3K1p1p/5P1P/Pk4P1/1P6/8 w - -,late_11_16+quiet,training/data/samples/lichess_validation_250k.csv,no_null_no_lmr,6,d5d6,13,2080,3384,0.0759461979905609,0.12390169201535173,7,False,0.30490925200865604,d5c5,+424,-541,424,-541,1.0,0.0,965.0,965.0,1.0,1.0,False,True,True,738,0,0,0,0,1362,0,1,0,2920
validation_0162,8/5p2/p5p1/3K1p1p/5P1P/Pk4P1/1P6/8 w - -,late_11_16+quiet,training/data/samples/lichess_validation_250k.csv,no_null_no_lmr,7,d5d6,-2,4435,7819,0.1810044599988032,0.30490735202329233,7,False,0.30490925200865604,d5c5,+424,-541,424,-541,1.0,0.0,965.0,965.0,1.0,1.0,False,True,True,738,0,0,0,0,1362,0,1,0,2920
validation_0162,8/5p2/p5p1/3K1p1p/5P1P/Pk4P1/1P6/8 w - -,late_11_16+quiet,training/data/samples/lichess_validation_250k.csv,no_null_no_futility,1,d5d6,9,24,24,0.0010192639892920852,0.0010203639976680279,7,False,0.20049956598086283,d5c5,+424,-541,424,-541,1.0,0.0,965.0,965.0,1.0,1.0,False,True,True,353,0,0,334,13,0,0,1,0,2547
validation_0162,8/5p2/p5p1/3K1p1p/5P1P/Pk4P1/1P6/8 w - -,late_11_16+quiet,training/data/samples/lichess_validation_250k.csv,no_null_no_futility,2,d5d6,9,41,65,0.0013547519920393825,0.0023758159950375557,7,False,0.20049956598086283,d5c5,+424,-541,424,-541,1.0,0.0,965.0,965.0,1.0,1.0,False,True,True,353,0,0,334,13,0,0,1,0,2547
validation_0162,8/5p2/p5p1/3K1p1p/5P1P/Pk4P1/1P6/8 w - -,late_11_16+quiet,training/data/samples/lichess_validation_250k.csv,no_null_no_futility,3,d5d6,-84,168,233,0.00550900399684906,0.00788571999873966,7,False,0.20049956598086283,d5c5,+424,-541,424,-541,1.0,0.0,965.0,965.0,1.0,1.0,False,True,True,353,0,0,334,13,0,0,1,0,2547
validation_0162,8/5p2/p5p1/3K1p1p/5P1P/Pk4P1/1P6/8 w - -,late_11_16+quiet,training/data/samples/lichess_validation_250k.csv,no_null_no_futility,4,d5d6,-29,365,598,0.012573051993967965,0.02045967199956067,7,False,0.20049956598086283,d5c5,+424,-541,424,-541,1.0,0.0,965.0,965.0,1.0,1.0,False,True,True,353,0,0,334,13,0,0,1,0,2547
validation_0162,8/5p2/p5p1/3K1p1p/5P1P/Pk4P1/1P6/8 w - -,late_11_16+quiet,training/data/samples/lichess_validation_250k.csv,no_null_no_futility,5,d5d6,-29,534,1132,0.016261021984973922,0.036721693992149085,7,False,0.20049956598086283,d5c5,+424,-541,424,-541,1.0,0.0,965.0,965.0,1.0,1.0,False,True,True,353,0,0,334,13,0,0,1,0,2547
validation_0162,8/5p2/p5p1/3K1p1p/5P1P/Pk4P1/1P6/8 w - -,late_11_16+quiet,training/data/samples/lichess_validation_250k.csv,no_null_no_futility,6,d5d6,11,1640,2772,0.05550542601849884,0.09222811899962835,7,False,0.20049956598086283,d5c5,+424,-541,424,-541,1.0,0.0,965.0,965.0,1.0,1.0,False,True,True,353,0,0,334,13,0,0,1,0,2547
validation_0162,8/5p2/p5p1/3K1p1p/5P1P/Pk4P1/1P6/8 w - -,late_11_16+quiet,training/data/samples/lichess_validation_250k.csv,no_null_no_futility,7,d5d6,13,3356,6128,0.10826844698749483,0.20049776599626057,7,False,0.20049956598086283,d5c5,+424,-541,424,-541,1.0,0.0,965.0,965.0,1.0,1.0,False,True,True,353,0,0,334,13,0,0,1,0,2547
validation_0162,8/5p2/p5p1/3K1p1p/5P1P/Pk4P1/1P6/8 w - -,late_11_16+quiet,training/data/samples/lichess_validation_250k.csv,no_lmr_no_futility,1,d5d6,9,24,24,0.001024263008730486,0.00102516301558353,7,False,0.3404840849980246,d5c5,+424,-541,424,-541,1.0,0.0,965.0,965.0,1.0,1.0,False,True,True,738,0,0,0,0,0,0,1,0,4292
validation_0162,8/5p2/p5p1/3K1p1p/5P1P/Pk4P1/1P6/8 w - -,late_11_16+quiet,training/data/samples/lichess_validation_250k.csv,no_lmr_no_futility,2,d5d6,9,41,65,0.001341451978078112,0.002367515000514686,7,False,0.3404840849980246,d5c5,+424,-541,424,-541,1.0,0.0,965.0,965.0,1.0,1.0,False,True,True,738,0,0,0,0,0,0,1,0,4292
validation_0162,8/5p2/p5p1/3K1p1p/5P1P/Pk4P1/1P6/8 w - -,late_11_16+quiet,training/data/samples/lichess_validation_250k.csv,no_lmr_no_futility,3,d5d6,-84,168,233,0.005309811007464305,0.007678126014070585,7,False,0.3404840849980246,d5c5,+424,-541,424,-541,1.0,0.0,965.0,965.0,1.0,1.0,False,True,True,738,0,0,0,0,0,0,1,0,4292
validation_0162,8/5p2/p5p1/3K1p1p/5P1P/Pk4P1/1P6/8 w - -,late_11_16+quiet,training/data/samples/lichess_validation_250k.csv,no_lmr_no_futility,4,d5d6,-29,473,706,0.015204658993752673,0.022883685014676303,7,False,0.3404840849980246,d5c5,+424,-541,424,-541,1.0,0.0,965.0,965.0,1.0,1.0,False,True,True,738,0,0,0,0,0,0,1,0,4292
validation_0162,8/5p2/p5p1/3K1p1p/5P1P/Pk4P1/1P6/8 w - -,late_11_16+quiet,training/data/samples/lichess_validation_250k.csv,no_lmr_no_futility,5,d5d6,-29,1000,1706,0.03093609999632463,0.053820685017853975,7,False,0.3404840849980246,d5c5,+424,-541,424,-541,1.0,0.0,965.0,965.0,1.0,1.0,False,True,True,738,0,0,0,0,0,0,1,0,4292
validation_0162,8/5p2/p5p1/3K1p1p/5P1P/Pk4P1/1P6/8 w - -,late_11_16+quiet,training/data/samples/lichess_validation_250k.csv,no_lmr_no_futility,6,d5d6,13,2514,4220,0.08032194201950915,0.1341438270173967,7,False,0.3404840849980246,d5c5,+424,-541,424,-541,1.0,0.0,965.0,965.0,1.0,1.0,False,True,True,738,0,0,0,0,0,0,1,0,4292
validation_0162,8/5p2/p5p1/3K1p1p/5P1P/Pk4P1/1P6/8 w - -,late_11_16+quiet,training/data/samples/lichess_validation_250k.csv,no_lmr_no_futility,7,d5d6,-2,6344,10564,0.20633715801523067,0.34048228501342237,7,False,0.3404840849980246,d5c5,+424,-541,424,-541,1.0,0.0,965.0,965.0,1.0,1.0,False,True,True,738,0,0,0,0,0,0,1,0,4292
validation_0162,8/5p2/p5p1/3K1p1p/5P1P/Pk4P1/1P6/8 w - -,late_11_16+quiet,training/data/samples/lichess_validation_250k.csv,no_selectivity,1,d5d6,9,24,24,0.0010274640226271003,0.0010284640011377633,7,False,0.33934032599790953,d5c5,+424,-541,424,-541,1.0,0.0,965.0,965.0,1.0,1.0,False,True,True,738,0,0,0,0,0,0,1,0,4292
validation_0162,8/5p2/p5p1/3K1p1p/5P1P/Pk4P1/1P6/8 w - -,late_11_16+quiet,training/data/samples/lichess_validation_250k.csv,no_selectivity,2,d5d6,9,41,65,0.0014002500101923943,0.0024298139906022698,7,False,0.33934032599790953,d5c5,+424,-541,424,-541,1.0,0.0,965.0,965.0,1.0,1.0,False,True,True,738,0,0,0,0,0,0,1,0,4292
validation_0162,8/5p2/p5p1/3K1p1p/5P1P/Pk4P1/1P6/8 w - -,late_11_16+quiet,training/data/samples/lichess_validation_250k.csv,no_selectivity,3,d5d6,-84,168,233,0.005584000988164917,0.008014614984858781,7,False,0.33934032599790953,d5c5,+424,-541,424,-541,1.0,0.0,965.0,965.0,1.0,1.0,False,True,True,738,0,0,0,0,0,0,1,0,4292
validation_0162,8/5p2/p5p1/3K1p1p/5P1P/Pk4P1/1P6/8 w - -,late_11_16+quiet,training/data/samples/lichess_validation_250k.csv,no_selectivity,4,d5d6,-29,473,706,0.015043265011627227,0.02305898000486195,7,False,0.33934032599790953,d5c5,+424,-541,424,-541,1.0,0.0,965.0,965.0,1.0,1.0,False,True,True,738,0,0,0,0,0,0,1,0,4292
validation_0162,8/5p2/p5p1/3K1p1p/5P1P/Pk4P1/1P6/8 w - -,late_11_16+quiet,training/data/samples/lichess_validation_250k.csv,no_selectivity,5,d5d6,-29,1000,1706,0.030697308015078306,0.05375728799845092,7,False,0.33934032599790953,d5c5,+424,-541,424,-541,1.0,0.0,965.0,965.0,1.0,1.0,False,True,True,738,0,0,0,0,0,0,1,0,4292
validation_0162,8/5p2/p5p1/3K1p1p/5P1P/Pk4P1/1P6/8 w - -,late_11_16+quiet,training/data/samples/lichess_validation_250k.csv,no_selectivity,6,d5d6,13,2514,4220,0.0807324270135723,0.13449081499129534,7,False,0.33934032599790953,d5c5,+424,-541,424,-541,1.0,0.0,965.0,965.0,1.0,1.0,False,True,True,738,0,0,0,0,0,0,1,0,4292
validation_0162,8/5p2/p5p1/3K1p1p/5P1P/Pk4P1/1P6/8 w - -,late_11_16+quiet,training/data/samples/lichess_validation_250k.csv,no_selectivity,7,d5d6,-2,6344,10564,0.2048454110044986,0.33933772597811185,7,False,0.33934032599790953,d5c5,+424,-541,424,-541,1.0,0.0,965.0,965.0,1.0,1.0,False,True,True,738,0,0,0,0,0,0,1,0,4292
validation_0210,6k1/pp3pp1/4pn1p/q7/2P5/1P2PBP1/P2r1P1P/1Q3K1R b - -,middle_17_23+capture_available,training/data/samples/lichess_validation_250k.csv,baseline,1,a5c3,240,129,129,0.005515604018000886,0.0055167040263768286,6,True,20.000720101001207,a5c3,+203,+203,203,203,0.9985,0.9985,0.0,0.0,0.0,0.0,False,False,False,6371,2554,1792,11082,80,31072,0,1,0,241656
validation_0210,6k1/pp3pp1/4pn1p/q7/2P5/1P2PBP1/P2r1P1P/1Q3K1R b - -,middle_17_23+capture_available,training/data/samples/lichess_validation_250k.csv,baseline,2,f6g4,179,877,1006,0.04507099601323716,0.050588700018124655,6,True,20.000720101001207,a5c3,+203,-460,203,-460,0.9985,0.0,663.0,663.0,0.9985,0.9985,False,True,True,6371,2554,1792,11082,80,31072,0,1,0,241656
validation_0210,6k1/pp3pp1/4pn1p/q7/2P5/1P2PBP1/P2r1P1P/1Q3K1R b - -,middle_17_23+capture_available,training/data/samples/lichess_validation_250k.csv,baseline,3,a5c3,153,4804,5810,0.20752291698590852,0.2581127170124091,6,True,20.000720101001207,a5c3,+203,+203,203,203,0.9985,0.9985,0.0,0.0,0.0,0.0,False,False,False,6371,2554,1792,11082,80,31072,0,1,0,241656
validation_0210,6k1/pp3pp1/4pn1p/q7/2P5/1P2PBP1/P2r1P1P/1Q3K1R b - -,middle_17_23+capture_available,training/data/samples/lichess_validation_250k.csv,baseline,4,a5c3,147,12626,18436,0.7559102050145157,1.0140242210181896,6,True,20.000720101001207,a5c3,+203,+203,203,203,0.9985,0.9985,0.0,0.0,0.0,0.0,False,False,False,6371,2554,1792,11082,80,31072,0,1,0,241656
validation_0210,6k1/pp3pp1/4pn1p/q7/2P5/1P2PBP1/P2r1P1P/1Q3K1R b - -,middle_17_23+capture_available,training/data/samples/lichess_validation_250k.csv,baseline,5,d2f2,178,10423,28859,0.4973509030241985,1.5113768240262289,6,True,20.000720101001207,a5c3,+203,-419,203,-419,0.9985,0.0,622.0,622.0,0.9985,0.9985,False,True,True,6371,2554,1792,11082,80,31072,0,1,0,241656
validation_0210,6k1/pp3pp1/4pn1p/q7/2P5/1P2PBP1/P2r1P1P/1Q3K1R b - -,middle_17_23+capture_available,training/data/samples/lichess_validation_250k.csv,baseline,6,d2f2,214,28831,57690,1.5567057119915262,3.0680844360031188,6,True,20.000720101001207,a5c3,+203,-419,203,-419,0.9985,0.0,622.0,622.0,0.9985,0.9985,False,True,True,6371,2554,1792,11082,80,31072,0,1,0,241656
validation_0210,6k1/pp3pp1/4pn1p/q7/2P5/1P2PBP1/P2r1P1P/1Q3K1R b - -,middle_17_23+capture_available,training/data/samples/lichess_validation_250k.csv,no_null,1,a5c3,240,129,129,0.005468305025715381,0.0054695050057489425,6,True,20.014072580001084,a5c3,+203,+203,203,203,0.9985,0.9985,0.0,0.0,0.0,0.0,False,False,False,10297,0,0,8017,23,37249,0,0,0,220889
validation_0210,6k1/pp3pp1/4pn1p/q7/2P5/1P2PBP1/P2r1P1P/1Q3K1R b - -,middle_17_23+capture_available,training/data/samples/lichess_validation_250k.csv,no_null,2,f6g4,179,877,1006,0.04494270001305267,0.050413404998835176,6,True,20.014072580001084,a5c3,+203,-460,203,-460,0.9985,0.0,663.0,663.0,0.9985,0.9985,False,True,True,10297,0,0,8017,23,37249,0,0,0,220889
validation_0210,6k1/pp3pp1/4pn1p/q7/2P5/1P2PBP1/P2r1P1P/1Q3K1R b - -,middle_17_23+capture_available,training/data/samples/lichess_validation_250k.csv,no_null,3,a5c3,153,4804,5810,0.20608486401033588,0.2564998689922504,6,True,20.014072580001084,a5c3,+203,+203,203,203,0.9985,0.9985,0.0,0.0,0.0,0.0,False,False,False,10297,0,0,8017,23,37249,0,0,0,220889
validation_0210,6k1/pp3pp1/4pn1p/q7/2P5/1P2PBP1/P2r1P1P/1Q3K1R b - -,middle_17_23+capture_available,training/data/samples/lichess_validation_250k.csv,no_null,4,a5c3,147,13675,19485,0.8180442799930461,1.0745455489959568,6,True,20.014072580001084,a5c3,+203,+203,203,203,0.9985,0.9985,0.0,0.0,0.0,0.0,False,False,False,10297,0,0,8017,23,37249,0,0,0,220889
validation_0210,6k1/pp3pp1/4pn1p/q7/2P5/1P2PBP1/P2r1P1P/1Q3K1R b - -,middle_17_23+capture_available,training/data/samples/lichess_validation_250k.csv,no_null,5,d2f2,178,10331,29816,0.49678271598531865,1.5713297649926972,6,True,20.014072580001084,a5c3,+203,-419,203,-419,0.9985,0.0,622.0,622.0,0.9985,0.9985,False,True,True,10297,0,0,8017,23,37249,0,0,0,220889
validation_0210,6k1/pp3pp1/4pn1p/q7/2P5/1P2PBP1/P2r1P1P/1Q3K1R b - -,middle_17_23+capture_available,training/data/samples/lichess_validation_250k.csv,no_null,6,d2f2,214,67430,97246,3.571313228982035,5.142644593986915,6,True,20.014072580001084,a5c3,+203,-419,203,-419,0.9985,0.0,622.0,622.0,0.9985,0.9985,False,True,True,10297,0,0,8017,23,37249,0,0,0,220889
validation_0210,6k1/pp3pp1/4pn1p/q7/2P5/1P2PBP1/P2r1P1P/1Q3K1R b - -,middle_17_23+capture_available,training/data/samples/lichess_validation_250k.csv,null_safe,1,a5c3,240,129,129,0.005469305004226044,0.005470604985021055,6,True,20.007724861992756,a5c3,+203,+203,203,203,0.9985,0.9985,0.0,0.0,0.0,0.0,False,False,False,7416,200,100,5405,36,18377,0,1,0,222687
validation_0210,6k1/pp3pp1/4pn1p/q7/2P5/1P2PBP1/P2r1P1P/1Q3K1R b - -,middle_17_23+capture_available,training/data/samples/lichess_validation_250k.csv,null_safe,2,f6g4,179,877,1006,0.04441121898707934,0.049882923980476335,6,True,20.007724861992756,a5c3,+203,-460,203,-460,0.9985,0.0,663.0,663.0,0.9985,0.9985,False,True,True,7416,200,100,5405,36,18377,0,1,0,222687
validation_0210,6k1/pp3pp1/4pn1p/q7/2P5/1P2PBP1/P2r1P1P/1Q3K1R b - -,middle_17_23+capture_available,training/data/samples/lichess_validation_250k.csv,null_safe,3,a5c3,153,4804,5810,0.20728321999195032,0.25716714398004115,6,True,20.007724861992756,a5c3,+203,+203,203,203,0.9985,0.9985,0.0,0.0,0.0,0.0,False,False,False,7416,200,100,5405,36,18377,0,1,0,222687
validation_0210,6k1/pp3pp1/4pn1p/q7/2P5/1P2PBP1/P2r1P1P/1Q3K1R b - -,middle_17_23+capture_available,training/data/samples/lichess_validation_250k.csv,null_safe,4,a5c3,147,13675,19485,0.8181630719918758,1.0753318159841,6,True,20.007724861992756,a5c3,+203,+203,203,203,0.9985,0.9985,0.0,0.0,0.0,0.0,False,False,False,7416,200,100,5405,36,18377,0,1,0,222687
validation_0210,6k1/pp3pp1/4pn1p/q7/2P5/1P2PBP1/P2r1P1P/1Q3K1R b - -,middle_17_23+capture_available,training/data/samples/lichess_validation_250k.csv,null_safe,5,d2f2,178,10566,30051,0.5107942140020896,1.5861273299960885,6,True,20.007724861992756,a5c3,+203,-419,203,-419,0.9985,0.0,622.0,622.0,0.9985,0.9985,False,True,True,7416,200,100,5405,36,18377,0,1,0,222687
validation_0210,6k1/pp3pp1/4pn1p/q7/2P5/1P2PBP1/P2r1P1P/1Q3K1R b - -,middle_17_23+capture_available,training/data/samples/lichess_validation_250k.csv,null_safe,6,d2f2,214,33735,63786,1.8686705719737802,3.4547993009909987,6,True,20.007724861992756,a5c3,+203,-419,203,-419,0.9985,0.0,622.0,622.0,0.9985,0.9985,False,True,True,7416,200,100,5405,36,18377,0,1,0,222687
validation_0210,6k1/pp3pp1/4pn1p/q7/2P5/1P2PBP1/P2r1P1P/1Q3K1R b - -,middle_17_23+capture_available,training/data/samples/lichess_validation_250k.csv,no_lmr,1,a5c3,240,129,129,0.005571902001975104,0.005573102011112496,6,True,20.012947331008036,a5c3,+203,+203,203,203,0.9985,0.9985,0.0,0.0,0.0,0.0,False,False,False,3599,1986,1506,0,0,161111,0,1,0,241921
validation_0210,6k1/pp3pp1/4pn1p/q7/2P5/1P2PBP1/P2r1P1P/1Q3K1R b - -,middle_17_23+capture_available,training/data/samples/lichess_validation_250k.csv,no_lmr,2,f6g4,179,877,1006,0.04484290297841653,0.05041720499866642,6,True,20.012947331008036,a5c3,+203,-460,203,-460,0.9985,0.0,663.0,663.0,0.9985,0.9985,False,True,True,3599,1986,1506,0,0,161111,0,1,0,241921
validation_0210,6k1/pp3pp1/4pn1p/q7/2P5/1P2PBP1/P2r1P1P/1Q3K1R b - -,middle_17_23+capture_available,training/data/samples/lichess_validation_250k.csv,no_lmr,3,a5c3,153,4804,5810,0.2073154209938366,0.2577336260001175,6,True,20.012947331008036,a5c3,+203,+203,203,203,0.9985,0.9985,0.0,0.0,0.0,0.0,False,False,False,3599,1986,1506,0,0,161111,0,1,0,241921
validation_0210,6k1/pp3pp1/4pn1p/q7/2P5/1P2PBP1/P2r1P1P/1Q3K1R b - -,middle_17_23+capture_available,training/data/samples/lichess_validation_250k.csv,no_lmr,4,a5c3,147,13159,18969,0.7819135659956373,1.039648792007938,6,True,20.012947331008036,a5c3,+203,+203,203,203,0.9985,0.9985,0.0,0.0,0.0,0.0,False,False,False,3599,1986,1506,0,0,161111,0,1,0,241921
validation_0210,6k1/pp3pp1/4pn1p/q7/2P5/1P2PBP1/P2r1P1P/1Q3K1R b - -,middle_17_23+capture_available,training/data/samples/lichess_validation_250k.csv,no_lmr,5,d2f2,178,48665,67634,2.1260093259916175,3.1656598180125,6,True,20.012947331008036,a5c3,+203,-419,203,-419,0.9985,0.0,622.0,622.0,0.9985,0.9985,False,True,True,3599,1986,1506,0,0,161111,0,1,0,241921
validation_0210,6k1/pp3pp1/4pn1p/q7/2P5/1P2PBP1/P2r1P1P/1Q3K1R b - -,middle_17_23+capture_available,training/data/samples/lichess_validation_250k.csv,no_lmr,6,d2f2,214,32188,99822,1.9233762559888419,5.089037674013525,6,True,20.012947331008036,a5c3,+203,-419,203,-419,0.9985,0.0,622.0,622.0,0.9985,0.9985,False,True,True,3599,1986,1506,0,0,161111,0,1,0,241921
validation_0210,6k1/pp3pp1/4pn1p/q7/2P5/1P2PBP1/P2r1P1P/1Q3K1R b - -,middle_17_23+capture_available,training/data/samples/lichess_validation_250k.csv,lmr_safe,1,a5c3,240,129,129,0.0055992010165937245,0.005600400996627286,6,True,20.007118806999642,a5c3,+203,+203,203,203,0.9985,0.9985,0.0,0.0,0.0,0.0,False,False,False,4197,1724,1173,2371,14,91122,0,1,0,243367
validation_0210,6k1/pp3pp1/4pn1p/q7/2P5/1P2PBP1/P2r1P1P/1Q3K1R b - -,middle_17_23+capture_available,training/data/samples/lichess_validation_250k.csv,lmr_safe,2,f6g4,179,877,1006,0.04486120300134644,0.05046270397724584,6,True,20.007118806999642,a5c3,+203,-460,203,-460,0.9985,0.0,663.0,663.0,0.9985,0.9985,False,True,True,4197,1724,1173,2371,14,91122,0,1,0,243367
validation_0210,6k1/pp3pp1/4pn1p/q7/2P5/1P2PBP1/P2r1P1P/1Q3K1R b - -,middle_17_23+capture_available,training/data/samples/lichess_validation_250k.csv,lmr_safe,3,a5c3,153,4804,5810,0.20594206801615655,0.25640587200177833,6,True,20.007118806999642,a5c3,+203,+203,203,203,0.9985,0.9985,0.0,0.0,0.0,0.0,False,False,False,4197,1724,1173,2371,14,91122,0,1,0,243367
validation_0210,6k1/pp3pp1/4pn1p/q7/2P5/1P2PBP1/P2r1P1P/1Q3K1R b - -,middle_17_23+capture_available,training/data/samples/lichess_validation_250k.csv,lmr_safe,4,a5c3,147,13159,18969,0.7798009389953222,1.0362081109778956,6,True,20.007118806999642,a5c3,+203,+203,203,203,0.9985,0.9985,0.0,0.0,0.0,0.0,False,False,False,4197,1724,1173,2371,14,91122,0,1,0,243367
validation_0210,6k1/pp3pp1/4pn1p/q7/2P5/1P2PBP1/P2r1P1P/1Q3K1R b - -,middle_17_23+capture_available,training/data/samples/lichess_validation_250k.csv,lmr_safe,5,d2f2,178,45562,64531,1.9648337510006968,3.001043561991537,6,True,20.007118806999642,a5c3,+203,-419,203,-419,0.9985,0.0,622.0,622.0,0.9985,0.9985,False,True,True,4197,1724,1173,2371,14,91122,0,1,0,243367
validation_0210,6k1/pp3pp1/4pn1p/q7/2P5/1P2PBP1/P2r1P1P/1Q3K1R b - -,middle_17_23+capture_available,training/data/samples/lichess_validation_250k.csv,lmr_safe,6,d2f2,214,18909,83440,1.128897810995113,4.129943072999595,6,True,20.007118806999642,a5c3,+203,-419,203,-419,0.9985,0.0,622.0,622.0,0.9985,0.9985,False,True,True,4197,1724,1173,2371,14,91122,0,1,0,243367
validation_0210,6k1/pp3pp1/4pn1p/q7/2P5/1P2PBP1/P2r1P1P/1Q3K1R b - -,middle_17_23+capture_available,training/data/samples/lichess_validation_250k.csv,no_futility,1,a5c3,240,129,129,0.007046048995107412,0.007047349005006254,6,True,20.006705084000714,a5c3,+203,+203,203,203,0.9985,0.9985,0.0,0.0,0.0,0.0,False,False,False,5742,2500,1785,10523,72,0,0,1,0,258585
validation_0210,6k1/pp3pp1/4pn1p/q7/2P5/1P2PBP1/P2r1P1P/1Q3K1R b - -,middle_17_23+capture_available,training/data/samples/lichess_validation_250k.csv,no_futility,2,f6g4,179,877,1006,0.04719551999005489,0.054244369006482884,6,True,20.006705084000714,a5c3,+203,-460,203,-460,0.9985,0.0,663.0,663.0,0.9985,0.9985,False,True,True,5742,2500,1785,10523,72,0,0,1,0,258585
validation_0210,6k1/pp3pp1/4pn1p/q7/2P5/1P2PBP1/P2r1P1P/1Q3K1R b - -,middle_17_23+capture_available,training/data/samples/lichess_validation_250k.csv,no_futility,3,a5c3,153,5482,6488,0.23442925498238765,0.28867572400486097,6,True,20.006705084000714,a5c3,+203,+203,203,203,0.9985,0.9985,0.0,0.0,0.0,0.0,False,False,False,5742,2500,1785,10523,72,0,0,1,0,258585
validation_0210,6k1/pp3pp1/4pn1p/q7/2P5/1P2PBP1/P2r1P1P/1Q3K1R b - -,middle_17_23+capture_available,training/data/samples/lichess_validation_250k.csv,no_futility,4,a5c3,147,12724,19212,0.7414166090020444,1.0300943330221344,6,True,20.006705084000714,a5c3,+203,+203,203,203,0.9985,0.9985,0.0,0.0,0.0,0.0,False,False,False,5742,2500,1785,10523,72,0,0,1,0,258585
validation_0210,6k1/pp3pp1/4pn1p/q7/2P5/1P2PBP1/P2r1P1P/1Q3K1R b - -,middle_17_23+capture_available,training/data/samples/lichess_validation_250k.csv,no_futility,5,d2f2,178,16015,35227,0.6630208989954554,1.6931167319999076,6,True,20.006705084000714,a5c3,+203,-419,203,-419,0.9985,0.0,622.0,622.0,0.9985,0.9985,False,True,True,5742,2500,1785,10523,72,0,0,1,0,258585
validation_0210,6k1/pp3pp1/4pn1p/q7/2P5/1P2PBP1/P2r1P1P/1Q3K1R b - -,middle_17_23+capture_available,training/data/samples/lichess_validation_250k.csv,no_futility,6,d2f2,214,47775,83002,2.068352884001797,3.761471416015411,6,True,20.006705084000714,a5c3,+203,-419,203,-419,0.9985,0.0,622.0,622.0,0.9985,0.9985,False,True,True,5742,2500,1785,10523,72,0,0,1,0,258585
validation_0210,6k1/pp3pp1/4pn1p/q7/2P5/1P2PBP1/P2r1P1P/1Q3K1R b - -,middle_17_23+capture_available,training/data/samples/lichess_validation_250k.csv,capture_material_order,1,a5c3,240,129,129,0.005668297992087901,0.005669498001225293,6,True,20.003592690016376,a5c3,+203,+203,203,203,0.9985,0.9985,0.0,0.0,0.0,0.0,False,False,False,5134,1836,1176,9892,73,27485,0,1,187345,246317
validation_0210,6k1/pp3pp1/4pn1p/q7/2P5/1P2PBP1/P2r1P1P/1Q3K1R b - -,middle_17_23+capture_available,training/data/samples/lichess_validation_250k.csv,capture_material_order,2,f6g4,179,940,1069,0.04889355998602696,0.05456435799715109,6,True,20.003592690016376,a5c3,+203,-460,203,-460,0.9985,0.0,663.0,663.0,0.9985,0.9985,False,True,True,5134,1836,1176,9892,73,27485,0,1,187345,246317
validation_0210,6k1/pp3pp1/4pn1p/q7/2P5/1P2PBP1/P2r1P1P/1Q3K1R b - -,middle_17_23+capture_available,training/data/samples/lichess_validation_250k.csv,capture_material_order,3,a5c3,153,4610,5679,0.19093520299065858,0.24550086099770851,6,True,20.003592690016376,a5c3,+203,+203,203,203,0.9985,0.9985,0.0,0.0,0.0,0.0,False,False,False,5134,1836,1176,9892,73,27485,0,1,187345,246317
validation_0210,6k1/pp3pp1/4pn1p/q7/2P5/1P2PBP1/P2r1P1P/1Q3K1R b - -,middle_17_23+capture_available,training/data/samples/lichess_validation_250k.csv,capture_material_order,4,a5c3,147,13193,18872,0.7957469749962911,1.0412494360061828,6,True,20.003592690016376,a5c3,+203,+203,203,203,0.9985,0.9985,0.0,0.0,0.0,0.0,False,False,False,5134,1836,1176,9892,73,27485,0,1,187345,246317
validation_0210,6k1/pp3pp1/4pn1p/q7/2P5/1P2PBP1/P2r1P1P/1Q3K1R b - -,middle_17_23+capture_available,training/data/samples/lichess_validation_250k.csv,capture_material_order,5,d2f2,178,15027,33899,0.7048883089737501,1.7461394449928775,6,True,20.003592690016376,a5c3,+203,-419,203,-419,0.9985,0.0,622.0,622.0,0.9985,0.9985,False,True,True,5134,1836,1176,9892,73,27485,0,1,187345,246317
validation_0210,6k1/pp3pp1/4pn1p/q7/2P5/1P2PBP1/P2r1P1P/1Q3K1R b - -,middle_17_23+capture_available,training/data/samples/lichess_validation_250k.csv,capture_material_order,6,d2f2,214,35776,69675,1.9633887110103387,3.709529856016161,6,True,20.003592690016376,a5c3,+203,-419,203,-419,0.9985,0.0,622.0,622.0,0.9985,0.9985,False,True,True,5134,1836,1176,9892,73,27485,0,1,187345,246317
validation_0210,6k1/pp3pp1/4pn1p/q7/2P5/1P2PBP1/P2r1P1P/1Q3K1R b - -,middle_17_23+capture_available,training/data/samples/lichess_validation_250k.csv,no_aspiration,1,a5c3,240,129,129,0.005584900995017961,0.005586101004155353,7,False,18.650983682018705,a5c3,+203,+203,203,203,0.9985,0.9985,0.0,0.0,0.0,0.0,False,False,False,5659,1737,1089,9063,78,30300,0,0,0,220015
validation_0210,6k1/pp3pp1/4pn1p/q7/2P5/1P2PBP1/P2r1P1P/1Q3K1R b - -,middle_17_23+capture_available,training/data/samples/lichess_validation_250k.csv,no_aspiration,2,f6g4,179,877,1006,0.04472920799162239,0.05031650900491513,7,False,18.650983682018705,a5c3,+203,-460,203,-460,0.9985,0.0,663.0,663.0,0.9985,0.9985,False,True,True,5659,1737,1089,9063,78,30300,0,0,0,220015
validation_0210,6k1/pp3pp1/4pn1p/q7/2P5/1P2PBP1/P2r1P1P/1Q3K1R b - -,middle_17_23+capture_available,training/data/samples/lichess_validation_250k.csv,no_aspiration,3,a5c3,153,4804,5810,0.20737051899777725,0.25768812801106833,7,False,18.650983682018705,a5c3,+203,+203,203,203,0.9985,0.9985,0.0,0.0,0.0,0.0,False,False,False,5659,1737,1089,9063,78,30300,0,0,0,220015
validation_0210,6k1/pp3pp1/4pn1p/q7/2P5/1P2PBP1/P2r1P1P/1Q3K1R b - -,middle_17_23+capture_available,training/data/samples/lichess_validation_250k.csv,no_aspiration,4,a5c3,147,12901,18711,0.7700467899849173,1.0277363180066459,7,False,18.650983682018705,a5c3,+203,+203,203,203,0.9985,0.9985,0.0,0.0,0.0,0.0,False,False,False,5659,1737,1089,9063,78,30300,0,0,0,220015
validation_0210,6k1/pp3pp1/4pn1p/q7/2P5/1P2PBP1/P2r1P1P/1Q3K1R b - -,middle_17_23+capture_available,training/data/samples/lichess_validation_250k.csv,no_aspiration,5,d2f2,178,10478,29189,0.4986292519897688,1.5263670700078364,7,False,18.650983682018705,a5c3,+203,-419,203,-419,0.9985,0.0,622.0,622.0,0.9985,0.9985,False,True,True,5659,1737,1089,9063,78,30300,0,0,0,220015
validation_0210,6k1/pp3pp1/4pn1p/q7/2P5/1P2PBP1/P2r1P1P/1Q3K1R b - -,middle_17_23+capture_available,training/data/samples/lichess_validation_250k.csv,no_aspiration,6,d2f2,214,29034,58223,1.5656859739974607,3.0920547440182418,7,False,18.650983682018705,a5c3,+203,-419,203,-419,0.9985,0.0,622.0,622.0,0.9985,0.9985,False,True,True,5659,1737,1089,9063,78,30300,0,0,0,220015
validation_0210,6k1/pp3pp1/4pn1p/q7/2P5/1P2PBP1/P2r1P1P/1Q3K1R b - -,middle_17_23+capture_available,training/data/samples/lichess_validation_250k.csv,no_aspiration,7,g7g5,133,271770,329993,15.558925538003678,18.650981782004237,7,False,18.650983682018705,a5c3,+203,+16,203,16,0.9985,0.5035,187.0,187.0,0.4950000000000001,0.4950000000000001,False,False,True,5659,1737,1089,9063,78,30300,0,0,0,220015
validation_0210,6k1/pp3pp1/4pn1p/q7/2P5/1P2PBP1/P2r1P1P/1Q3K1R b - -,middle_17_23+capture_available,training/data/samples/lichess_validation_250k.csv,no_pvs,1,a5c3,240,118,118,0.005187714996282011,0.0051891149778384715,6,True,20.01640530998702,a5c3,+203,+203,203,203,0.9985,0.9985,0.0,0.0,0.0,0.0,False,False,False,5177,2279,1684,9802,113,26423,0,1,0,248793
validation_0210,6k1/pp3pp1/4pn1p/q7/2P5/1P2PBP1/P2r1P1P/1Q3K1R b - -,middle_17_23+capture_available,training/data/samples/lichess_validation_250k.csv,no_pvs,2,f6g4,179,1067,1185,0.05944488401291892,0.06463539900141768,6,True,20.01640530998702,a5c3,+203,-460,203,-460,0.9985,0.0,663.0,663.0,0.9985,0.9985,False,True,True,5177,2279,1684,9802,113,26423,0,1,0,248793
validation_0210,6k1/pp3pp1/4pn1p/q7/2P5/1P2PBP1/P2r1P1P/1Q3K1R b - -,middle_17_23+capture_available,training/data/samples/lichess_validation_250k.csv,no_pvs,3,a5c3,153,4869,6054,0.2042111300106626,0.2688480289943982,6,True,20.01640530998702,a5c3,+203,+203,203,203,0.9985,0.9985,0.0,0.0,0.0,0.0,False,False,False,5177,2279,1684,9802,113,26423,0,1,0,248793
validation_0210,6k1/pp3pp1/4pn1p/q7/2P5/1P2PBP1/P2r1P1P/1Q3K1R b - -,middle_17_23+capture_available,training/data/samples/lichess_validation_250k.csv,no_pvs,4,a5c3,147,13894,19948,0.8244224520167336,1.0932719809934497,6,True,20.01640530998702,a5c3,+203,+203,203,203,0.9985,0.9985,0.0,0.0,0.0,0.0,False,False,False,5177,2279,1684,9802,113,26423,0,1,0,248793
validation_0210,6k1/pp3pp1/4pn1p/q7/2P5/1P2PBP1/P2r1P1P/1Q3K1R b - -,middle_17_23+capture_available,training/data/samples/lichess_validation_250k.csv,no_pvs,5,d2f2,178,11090,31038,0.5228756870201323,1.616148967994377,6,True,20.01640530998702,a5c3,+203,-419,203,-419,0.9985,0.0,622.0,622.0,0.9985,0.9985,False,True,True,5177,2279,1684,9802,113,26423,0,1,0,248793
validation_0210,6k1/pp3pp1/4pn1p/q7/2P5/1P2PBP1/P2r1P1P/1Q3K1R b - -,middle_17_23+capture_available,training/data/samples/lichess_validation_250k.csv,no_pvs,6,d2f2,214,28658,59696,1.5438151440175716,3.1599658119957894,6,True,20.01640530998702,a5c3,+203,-419,203,-419,0.9985,0.0,622.0,622.0,0.9985,0.9985,False,True,True,5177,2279,1684,9802,113,26423,0,1,0,248793
validation_0210,6k1/pp3pp1/4pn1p/q7/2P5/1P2PBP1/P2r1P1P/1Q3K1R b - -,middle_17_23+capture_available,training/data/samples/lichess_validation_250k.csv,no_null_no_lmr,1,a5c3,240,129,129,0.0054837039788253605,0.005485003988724202,5,True,20.001861166005256,a5c3,+203,+203,203,203,0.9985,0.9985,0.0,0.0,0.0,0.0,False,False,False,8653,0,0,0,0,24703,0,0,0,224359
validation_0210,6k1/pp3pp1/4pn1p/q7/2P5/1P2PBP1/P2r1P1P/1Q3K1R b - -,middle_17_23+capture_available,training/data/samples/lichess_validation_250k.csv,no_null_no_lmr,2,f6g4,179,877,1006,0.04392793698934838,0.049414140987209976,5,True,20.001861166005256,a5c3,+203,-460,203,-460,0.9985,0.0,663.0,663.0,0.9985,0.9985,False,True,True,8653,0,0,0,0,24703,0,0,0,224359
validation_0210,6k1/pp3pp1/4pn1p/q7/2P5/1P2PBP1/P2r1P1P/1Q3K1R b - -,middle_17_23+capture_available,training/data/samples/lichess_validation_250k.csv,no_null_no_lmr,3,a5c3,153,4804,5810,0.20903235900914297,0.25844770000549033,5,True,20.001861166005256,a5c3,+203,+203,203,203,0.9985,0.9985,0.0,0.0,0.0,0.0,False,False,False,8653,0,0,0,0,24703,0,0,0,224359
validation_0210,6k1/pp3pp1/4pn1p/q7/2P5/1P2PBP1/P2r1P1P/1Q3K1R b - -,middle_17_23+capture_available,training/data/samples/lichess_validation_250k.csv,no_null_no_lmr,4,a5c3,147,14208,20018,0.8495490600180347,1.1079981600050814,5,True,20.001861166005256,a5c3,+203,+203,203,203,0.9985,0.9985,0.0,0.0,0.0,0.0,False,False,False,8653,0,0,0,0,24703,0,0,0,224359
validation_0210,6k1/pp3pp1/4pn1p/q7/2P5/1P2PBP1/P2r1P1P/1Q3K1R b - -,middle_17_23+capture_available,training/data/samples/lichess_validation_250k.csv,no_null_no_lmr,5,d2f2,178,68586,88604,3.0843347200134303,4.19233438000083,5,True,20.001861166005256,a5c3,+203,-419,203,-419,0.9985,0.0,622.0,622.0,0.9985,0.9985,False,True,True,8653,0,0,0,0,24703,0,0,0,224359
validation_0210,6k1/pp3pp1/4pn1p/q7/2P5/1P2PBP1/P2r1P1P/1Q3K1R b - -,middle_17_23+capture_available,training/data/samples/lichess_validation_250k.csv,no_null_no_futility,1,a5c3,240,129,129,0.005752495024353266,0.005753795005148277,6,True,20.005654755979776,a5c3,+203,+203,203,203,0.9985,0.9985,0.0,0.0,0.0,0.0,False,False,False,9223,0,0,7455,23,0,0,0,0,245646
validation_0210,6k1/pp3pp1/4pn1p/q7/2P5/1P2PBP1/P2r1P1P/1Q3K1R b - -,middle_17_23+capture_available,training/data/samples/lichess_validation_250k.csv,no_null_no_futility,2,f6g4,179,877,1006,0.04405693101580255,0.049811926000984386,6,True,20.005654755979776,a5c3,+203,-460,203,-460,0.9985,0.0,663.0,663.0,0.9985,0.9985,False,True,True,9223,0,0,7455,23,0,0,0,0,245646
validation_0210,6k1/pp3pp1/4pn1p/q7/2P5/1P2PBP1/P2r1P1P/1Q3K1R b - -,middle_17_23+capture_available,training/data/samples/lichess_validation_250k.csv,no_null_no_futility,3,a5c3,153,5482,6488,0.22641693998593837,0.27622986599453725,6,True,20.005654755979776,a5c3,+203,+203,203,203,0.9985,0.9985,0.0,0.0,0.0,0.0,False,False,False,9223,0,0,7455,23,0,0,0,0,245646
validation_0210,6k1/pp3pp1/4pn1p/q7/2P5/1P2PBP1/P2r1P1P/1Q3K1R b - -,middle_17_23+capture_available,training/data/samples/lichess_validation_250k.csv,no_null_no_futility,4,a5c3,147,13773,20261,0.7867282909865025,1.0629595569917,6,True,20.005654755979776,a5c3,+203,+203,203,203,0.9985,0.9985,0.0,0.0,0.0,0.0,False,False,False,9223,0,0,7455,23,0,0,0,0,245646
validation_0210,6k1/pp3pp1/4pn1p/q7/2P5/1P2PBP1/P2r1P1P/1Q3K1R b - -,middle_17_23+capture_available,training/data/samples/lichess_validation_250k.csv,no_null_no_futility,5,d2f2,178,18213,38474,0.7317214499926195,1.7946824069949798,6,True,20.005654755979776,a5c3,+203,-419,203,-419,0.9985,0.0,622.0,622.0,0.9985,0.9985,False,True,True,9223,0,0,7455,23,0,0,0,0,245646
validation_0210,6k1/pp3pp1/4pn1p/q7/2P5/1P2PBP1/P2r1P1P/1Q3K1R b - -,middle_17_23+capture_available,training/data/samples/lichess_validation_250k.csv,no_null_no_futility,6,d2f2,214,118072,156546,4.940735203999793,6.735419610980898,6,True,20.005654755979776,a5c3,+203,-419,203,-419,0.9985,0.0,622.0,622.0,0.9985,0.9985,False,True,True,9223,0,0,7455,23,0,0,0,0,245646
validation_0210,6k1/pp3pp1/4pn1p/q7/2P5/1P2PBP1/P2r1P1P/1Q3K1R b - -,middle_17_23+capture_available,training/data/samples/lichess_validation_250k.csv,no_lmr_no_futility,1,a5c3,240,129,129,0.005547303007915616,0.005548603017814457,6,True,20.012432620016625,a5c3,+203,+203,203,203,0.9985,0.9985,0.0,0.0,0.0,0.0,False,False,False,1956,1638,1289,0,0,0,0,0,0,274833
validation_0210,6k1/pp3pp1/4pn1p/q7/2P5/1P2PBP1/P2r1P1P/1Q3K1R b - -,middle_17_23+capture_available,training/data/samples/lichess_validation_250k.csv,no_lmr_no_futility,2,f6g4,179,877,1006,0.04386363798403181,0.04941344101098366,6,True,20.012432620016625,a5c3,+203,-460,203,-460,0.9985,0.0,663.0,663.0,0.9985,0.9985,False,True,True,1956,1638,1289,0,0,0,0,0,0,274833
validation_0210,6k1/pp3pp1/4pn1p/q7/2P5/1P2PBP1/P2r1P1P/1Q3K1R b - -,middle_17_23+capture_available,training/data/samples/lichess_validation_250k.csv,no_lmr_no_futility,3,a5c3,153,5482,6488,0.22468170200590976,0.2740961430245079,6,True,20.012432620016625,a5c3,+203,+203,203,203,0.9985,0.9985,0.0,0.0,0.0,0.0,False,False,False,1956,1638,1289,0,0,0,0,0,0,274833
validation_0210,6k1/pp3pp1/4pn1p/q7/2P5/1P2PBP1/P2r1P1P/1Q3K1R b - -,middle_17_23+capture_available,training/data/samples/lichess_validation_250k.csv,no_lmr_no_futility,4,a5c3,147,14045,20533,0.7867696930188686,1.0608671360241715,6,True,20.012432620016625,a5c3,+203,+203,203,203,0.9985,0.9985,0.0,0.0,0.0,0.0,False,False,False,1956,1638,1289,0,0,0,0,0,0,274833
validation_0210,6k1/pp3pp1/4pn1p/q7/2P5/1P2PBP1/P2r1P1P/1Q3K1R b - -,middle_17_23+capture_available,training/data/samples/lichess_validation_250k.csv,no_lmr_no_futility,5,d2f2,178,79889,100422,3.04079426501994,4.10166290102643,6,True,20.012432620016625,a5c3,+203,-419,203,-419,0.9985,0.0,622.0,622.0,0.9985,0.9985,False,True,True,1956,1638,1289,0,0,0,0,0,0,274833
validation_0210,6k1/pp3pp1/4pn1p/q7/2P5/1P2PBP1/P2r1P1P/1Q3K1R b - -,middle_17_23+capture_available,training/data/samples/lichess_validation_250k.csv,no_lmr_no_futility,6,d2f2,214,33062,133484,1.8515681069984566,5.9532328080094885,6,True,20.012432620016625,a5c3,+203,-419,203,-419,0.9985,0.0,622.0,622.0,0.9985,0.9985,False,True,True,1956,1638,1289,0,0,0,0,0,0,274833
validation_0210,6k1/pp3pp1/4pn1p/q7/2P5/1P2PBP1/P2r1P1P/1Q3K1R b - -,middle_17_23+capture_available,training/data/samples/lichess_validation_250k.csv,no_selectivity,1,a5c3,240,129,129,0.0060456850042101,0.0060469849850051105,5,True,20.011254172975896,a5c3,+203,+203,203,203,0.9985,0.9985,0.0,0.0,0.0,0.0,False,False,False,8414,0,0,0,0,0,0,0,0,243228
validation_0210,6k1/pp3pp1/4pn1p/q7/2P5/1P2PBP1/P2r1P1P/1Q3K1R b - -,middle_17_23+capture_available,training/data/samples/lichess_validation_250k.csv,no_selectivity,2,f6g4,179,877,1006,0.04422012498253025,0.05026850997819565,5,True,20.011254172975896,a5c3,+203,-460,203,-460,0.9985,0.0,663.0,663.0,0.9985,0.9985,False,True,True,8414,0,0,0,0,0,0,0,0,243228
validation_0210,6k1/pp3pp1/4pn1p/q7/2P5/1P2PBP1/P2r1P1P/1Q3K1R b - -,middle_17_23+capture_available,training/data/samples/lichess_validation_250k.csv,no_selectivity,3,a5c3,153,5482,6488,0.22524428000906482,0.27551358999335207,5,True,20.011254172975896,a5c3,+203,+203,203,203,0.9985,0.9985,0.0,0.0,0.0,0.0,False,False,False,8414,0,0,0,0,0,0,0,0,243228
validation_0210,6k1/pp3pp1/4pn1p/q7/2P5/1P2PBP1/P2r1P1P/1Q3K1R b - -,middle_17_23+capture_available,training/data/samples/lichess_validation_250k.csv,no_selectivity,4,a5c3,147,15094,21582,0.8551162510120776,1.1306313399982173,5,True,20.011254172975896,a5c3,+203,+203,203,203,0.9985,0.9985,0.0,0.0,0.0,0.0,False,False,False,8414,0,0,0,0,0,0,0,0,243228
validation_0210,6k1/pp3pp1/4pn1p/q7/2P5/1P2PBP1/P2r1P1P/1Q3K1R b - -,middle_17_23+capture_available,training/data/samples/lichess_validation_250k.csv,no_selectivity,5,d2f2,178,115550,137132,4.416642230004072,5.547275069984607,5,True,20.011254172975896,a5c3,+203,-419,203,-419,0.9985,0.0,622.0,622.0,0.9985,0.9985,False,True,True,8414,0,0,0,0,0,0,0,0,243228
validation_0286,2r1nrk1/1p3ppp/p3p3/2bNq3/8/4B3/PP2QPPP/2RR2K1 w - -,middle_17_23+capture_available,training/data/samples/lichess_validation_250k.csv,baseline,1,d5e7,167,196,196,0.010140939004486427,0.010142238985281438,7,False,5.0496794559876435,d5b6,+313,+283,313,283,1.0,1.0,30.0,30.0,0.0,0.0,False,False,False,2866,1243,1060,4026,3,14234,0,2,0,52157
validation_0286,2r1nrk1/1p3ppp/p3p3/2bNq3/8/4B3/PP2QPPP/2RR2K1 w - -,middle_17_23+capture_available,training/data/samples/lichess_validation_250k.csv,baseline,2,d5e7,167,348,544,0.02411284198751673,0.03425668098498136,7,False,5.0496794559876435,d5b6,+313,+283,313,283,1.0,1.0,30.0,30.0,0.0,0.0,False,False,False,2866,1243,1060,4026,3,14234,0,2,0,52157
validation_0286,2r1nrk1/1p3ppp/p3p3/2bNq3/8/4B3/PP2QPPP/2RR2K1 w - -,middle_17_23+capture_available,training/data/samples/lichess_validation_250k.csv,baseline,3,d5e7,167,1007,1551,0.05235013601486571,0.08660771697759628,7,False,5.0496794559876435,d5b6,+313,+283,313,283,1.0,1.0,30.0,30.0,0.0,0.0,False,False,False,2866,1243,1060,4026,3,14234,0,2,0,52157
validation_0286,2r1nrk1/1p3ppp/p3p3/2bNq3/8/4B3/PP2QPPP/2RR2K1 w - -,middle_17_23+capture_available,training/data/samples/lichess_validation_250k.csv,baseline,4,d5e7,188,1874,3425,0.12631910300115123,0.2129280199878849,7,False,5.0496794559876435,d5b6,+313,+283,313,283,1.0,1.0,30.0,30.0,0.0,0.0,False,False,False,2866,1243,1060,4026,3,14234,0,2,0,52157
validation_0286,2r1nrk1/1p3ppp/p3p3/2bNq3/8/4B3/PP2QPPP/2RR2K1 w - -,middle_17_23+capture_available,training/data/samples/lichess_validation_250k.csv,baseline,5,c1c5,147,12825,16250,0.7435670279955957,0.9564969479979482,7,False,5.0496794559876435,d5b6,+313,-287,313,-287,1.0,0.0,600.0,600.0,1.0,1.0,False,True,True,2866,1243,1060,4026,3,14234,0,2,0,52157
validation_0286,2r1nrk1/1p3ppp/p3p3/2bNq3/8/4B3/PP2QPPP/2RR2K1 w - -,middle_17_23+capture_available,training/data/samples/lichess_validation_250k.csv,baseline,6,c1c5,233,26932,43182,1.793269367015455,2.749768014997244,7,False,5.0496794559876435,d5b6,+313,-287,313,-287,1.0,0.0,600.0,600.0,1.0,1.0,False,True,True,2866,1243,1060,4026,3,14234,0,2,0,52157
validation_0286,2r1nrk1/1p3ppp/p3p3/2bNq3/8/4B3/PP2QPPP/2RR2K1 w - -,middle_17_23+capture_available,training/data/samples/lichess_validation_250k.csv,baseline,7,d5e7,169,42921,86103,2.2999079410219565,5.049677456001518,7,False,5.0496794559876435,d5b6,+313,+283,313,283,1.0,1.0,30.0,30.0,0.0,0.0,False,False,False,2866,1243,1060,4026,3,14234,0,2,0,52157
validation_0286,2r1nrk1/1p3ppp/p3p3/2bNq3/8/4B3/PP2QPPP/2RR2K1 w - -,middle_17_23+capture_available,training/data/samples/lichess_validation_250k.csv,no_null,1,d5e7,167,196,196,0.010136539000086486,0.0101374389778357,6,True,20.001843288977398,d5b6,+313,+283,313,283,1.0,1.0,30.0,30.0,0.0,0.0,False,False,False,16131,0,0,11966,5,47337,0,2,0,178517
validation_0286,2r1nrk1/1p3ppp/p3p3/2bNq3/8/4B3/PP2QPPP/2RR2K1 w - -,middle_17_23+capture_available,training/data/samples/lichess_validation_250k.csv,no_null,2,d5e7,167,348,544,0.024160539993317798,0.03429897897876799,6,True,20.001843288977398,d5b6,+313,+283,313,283,1.0,1.0,30.0,30.0,0.0,0.0,False,False,False,16131,0,0,11966,5,47337,0,2,0,178517
validation_0286,2r1nrk1/1p3ppp/p3p3/2bNq3/8/4B3/PP2QPPP/2RR2K1 w - -,middle_17_23+capture_available,training/data/samples/lichess_validation_250k.csv,no_null,3,d5e7,167,1007,1551,0.05218004301423207,0.08648002200061455,6,True,20.001843288977398,d5b6,+313,+283,313,283,1.0,1.0,30.0,30.0,0.0,0.0,False,False,False,16131,0,0,11966,5,47337,0,2,0,178517
validation_0286,2r1nrk1/1p3ppp/p3p3/2bNq3/8/4B3/PP2QPPP/2RR2K1 w - -,middle_17_23+capture_available,training/data/samples/lichess_validation_250k.csv,no_null,4,d5e7,188,11370,12921,0.7984625840035733,0.8849436059826985,6,True,20.001843288977398,d5b6,+313,+283,313,283,1.0,1.0,30.0,30.0,0.0,0.0,False,False,False,16131,0,0,11966,5,47337,0,2,0,178517
validation_0286,2r1nrk1/1p3ppp/p3p3/2bNq3/8/4B3/PP2QPPP/2RR2K1 w - -,middle_17_23+capture_available,training/data/samples/lichess_validation_250k.csv,no_null,5,c1c5,147,17006,29927,0.9404622300062329,1.8254074360011145,6,True,20.001843288977398,d5b6,+313,-287,313,-287,1.0,0.0,600.0,600.0,1.0,1.0,False,True,True,16131,0,0,11966,5,47337,0,2,0,178517
validation_0286,2r1nrk1/1p3ppp/p3p3/2bNq3/8/4B3/PP2QPPP/2RR2K1 w - -,middle_17_23+capture_available,training/data/samples/lichess_validation_250k.csv,no_null,6,c1c5,233,57348,87275,3.9830580500129145,5.808467085997108,6,True,20.001843288977398,d5b6,+313,-287,313,-287,1.0,0.0,600.0,600.0,1.0,1.0,False,True,True,16131,0,0,11966,5,47337,0,2,0,178517
validation_0286,2r1nrk1/1p3ppp/p3p3/2bNq3/8/4B3/PP2QPPP/2RR2K1 w - -,middle_17_23+capture_available,training/data/samples/lichess_validation_250k.csv,null_safe,1,d5e7,167,196,196,0.010383130982518196,0.0103846300044097,7,False,10.444801534002181,d5b6,+313,+283,313,283,1.0,1.0,30.0,30.0,0.0,0.0,False,False,False,7665,251,178,4027,4,14299,0,2,0,98459
validation_0286,2r1nrk1/1p3ppp/p3p3/2bNq3/8/4B3/PP2QPPP/2RR2K1 w - -,middle_17_23+capture_available,training/data/samples/lichess_validation_250k.csv,null_safe,2,d5e7,167,348,544,0.024435230006929487,0.03482096001971513,7,False,10.444801534002181,d5b6,+313,+283,313,283,1.0,1.0,30.0,30.0,0.0,0.0,False,False,False,7665,251,178,4027,4,14299,0,2,0,98459
validation_0286,2r1nrk1/1p3ppp/p3p3/2bNq3/8/4B3/PP2QPPP/2RR2K1 w - -,middle_17_23+capture_available,training/data/samples/lichess_validation_250k.csv,null_safe,3,d5e7,167,1007,1551,0.053418997005792335,0.08824115700554103,7,False,10.444801534002181,d5b6,+313,+283,313,283,1.0,1.0,30.0,30.0,0.0,0.0,False,False,False,7665,251,178,4027,4,14299,0,2,0,98459
validation_0286,2r1nrk1/1p3ppp/p3p3/2bNq3/8/4B3/PP2QPPP/2RR2K1 w - -,middle_17_23+capture_available,training/data/samples/lichess_validation_250k.csv,null_safe,4,d5e7,188,11370,12921,0.7990543479972985,0.8872967050119769,7,False,10.444801534002181,d5b6,+313,+283,313,283,1.0,1.0,30.0,30.0,0.0,0.0,False,False,False,7665,251,178,4027,4,14299,0,2,0,98459
validation_0286,2r1nrk1/1p3ppp/p3p3/2bNq3/8/4B3/PP2QPPP/2RR2K1 w - -,middle_17_23+capture_available,training/data/samples/lichess_validation_250k.csv,null_safe,5,c1c5,147,12536,25457,0.6690641759778373,1.556362381001236,7,False,10.444801534002181,d5b6,+313,-287,313,-287,1.0,0.0,600.0,600.0,1.0,1.0,False,True,True,7665,251,178,4027,4,14299,0,2,0,98459
validation_0286,2r1nrk1/1p3ppp/p3p3/2bNq3/8/4B3/PP2QPPP/2RR2K1 w - -,middle_17_23+capture_available,training/data/samples/lichess_validation_250k.csv,null_safe,6,c1c5,233,28519,53976,1.9078336659877095,3.4641976470011286,7,False,10.444801534002181,d5b6,+313,-287,313,-287,1.0,0.0,600.0,600.0,1.0,1.0,False,True,True,7665,251,178,4027,4,14299,0,2,0,98459
validation_0286,2r1nrk1/1p3ppp/p3p3/2bNq3/8/4B3/PP2QPPP/2RR2K1 w - -,middle_17_23+capture_available,training/data/samples/lichess_validation_250k.csv,null_safe,7,d5e7,169,111137,165113,6.980600387003506,10.444799334014533,7,False,10.444801534002181,d5b6,+313,+283,313,283,1.0,1.0,30.0,30.0,0.0,0.0,False,False,False,7665,251,178,4027,4,14299,0,2,0,98459
validation_0286,2r1nrk1/1p3ppp/p3p3/2bNq3/8/4B3/PP2QPPP/2RR2K1 w - -,middle_17_23+capture_available,training/data/samples/lichess_validation_250k.csv,no_lmr,1,d5e7,167,196,196,0.010252934996969998,0.01025413500610739,7,False,8.456325036997441,d5b6,+313,+283,313,283,1.0,1.0,30.0,30.0,0.0,0.0,False,False,False,3602,2062,1711,0,0,103493,0,2,0,79808
validation_0286,2r1nrk1/1p3ppp/p3p3/2bNq3/8/4B3/PP2QPPP/2RR2K1 w - -,middle_17_23+capture_available,training/data/samples/lichess_validation_250k.csv,no_lmr,2,d5e7,167,348,544,0.024479927989887074,0.034735363005893305,7,False,8.456325036997441,d5b6,+313,+283,313,283,1.0,1.0,30.0,30.0,0.0,0.0,False,False,False,3602,2062,1711,0,0,103493,0,2,0,79808
validation_0286,2r1nrk1/1p3ppp/p3p3/2bNq3/8/4B3/PP2QPPP/2RR2K1 w - -,middle_17_23+capture_available,training/data/samples/lichess_validation_250k.csv,no_lmr,3,d5e7,167,1007,1551,0.052029348007636145,0.0867656110203825,7,False,8.456325036997441,d5b6,+313,+283,313,283,1.0,1.0,30.0,30.0,0.0,0.0,False,False,False,3602,2062,1711,0,0,103493,0,2,0,79808
validation_0286,2r1nrk1/1p3ppp/p3p3/2bNq3/8/4B3/PP2QPPP/2RR2K1 w - -,middle_17_23+capture_available,training/data/samples/lichess_validation_250k.csv,no_lmr,4,d5e7,188,1874,3425,0.12989657701109536,0.21666318800998852,7,False,8.456325036997441,d5b6,+313,+283,313,283,1.0,1.0,30.0,30.0,0.0,0.0,False,False,False,3602,2062,1711,0,0,103493,0,2,0,79808
validation_0286,2r1nrk1/1p3ppp/p3p3/2bNq3/8/4B3/PP2QPPP/2RR2K1 w - -,middle_17_23+capture_available,training/data/samples/lichess_validation_250k.csv,no_lmr,5,c1c5,147,20107,23532,1.228967755974736,1.4456326439976692,7,False,8.456325036997441,d5b6,+313,-287,313,-287,1.0,0.0,600.0,600.0,1.0,1.0,False,True,True,3602,2062,1711,0,0,103493,0,2,0,79808
validation_0286,2r1nrk1/1p3ppp/p3p3/2bNq3/8/4B3/PP2QPPP/2RR2K1 w - -,middle_17_23+capture_available,training/data/samples/lichess_validation_250k.csv,no_lmr,6,c1c5,233,28985,52517,1.7029250850027893,3.1485595290141646,7,False,8.456325036997441,d5b6,+313,-287,313,-287,1.0,0.0,600.0,600.0,1.0,1.0,False,True,True,3602,2062,1711,0,0,103493,0,2,0,79808
validation_0286,2r1nrk1/1p3ppp/p3p3/2bNq3/8/4B3/PP2QPPP/2RR2K1 w - -,middle_17_23+capture_available,training/data/samples/lichess_validation_250k.csv,no_lmr,7,d5e7,155,95877,148394,5.307762107986491,8.456323037011316,7,False,8.456325036997441,d5b6,+313,+283,313,283,1.0,1.0,30.0,30.0,0.0,0.0,False,False,False,3602,2062,1711,0,0,103493,0,2,0,79808
validation_0286,2r1nrk1/1p3ppp/p3p3/2bNq3/8/4B3/PP2QPPP/2RR2K1 w - -,middle_17_23+capture_available,training/data/samples/lichess_validation_250k.csv,lmr_safe,1,d5e7,167,196,196,0.010388330993009731,0.010389529983513057,7,False,5.586067719996208,d5b6,+313,+283,313,283,1.0,1.0,30.0,30.0,0.0,0.0,False,False,False,2690,1249,1069,1444,0,35664,0,2,0,56997
validation_0286,2r1nrk1/1p3ppp/p3p3/2bNq3/8/4B3/PP2QPPP/2RR2K1 w - -,middle_17_23+capture_available,training/data/samples/lichess_validation_250k.csv,lmr_safe,2,d5e7,167,348,544,0.02414714000769891,0.034538070001872256,7,False,5.586067719996208,d5b6,+313,+283,313,283,1.0,1.0,30.0,30.0,0.0,0.0,False,False,False,2690,1249,1069,1444,0,35664,0,2,0,56997
validation_0286,2r1nrk1/1p3ppp/p3p3/2bNq3/8/4B3/PP2QPPP/2RR2K1 w - -,middle_17_23+capture_available,training/data/samples/lichess_validation_250k.csv,lmr_safe,3,d5e7,167,1007,1551,0.05176045800908469,0.08629962799022906,7,False,5.586067719996208,d5b6,+313,+283,313,283,1.0,1.0,30.0,30.0,0.0,0.0,False,False,False,2690,1249,1069,1444,0,35664,0,2,0,56997
validation_0286,2r1nrk1/1p3ppp/p3p3/2bNq3/8/4B3/PP2QPPP/2RR2K1 w - -,middle_17_23+capture_available,training/data/samples/lichess_validation_250k.csv,lmr_safe,4,d5e7,188,1874,3425,0.12797294597839937,0.2142737739777658,7,False,5.586067719996208,d5b6,+313,+283,313,283,1.0,1.0,30.0,30.0,0.0,0.0,False,False,False,2690,1249,1069,1444,0,35664,0,2,0,56997
validation_0286,2r1nrk1/1p3ppp/p3p3/2bNq3/8/4B3/PP2QPPP/2RR2K1 w - -,middle_17_23+capture_available,training/data/samples/lichess_validation_250k.csv,lmr_safe,5,c1c5,147,16926,20351,0.9678950569941662,1.1821704309841152,7,False,5.586067719996208,d5b6,+313,-287,313,-287,1.0,0.0,600.0,600.0,1.0,1.0,False,True,True,2690,1249,1069,1444,0,35664,0,2,0,56997
validation_0286,2r1nrk1/1p3ppp/p3p3/2bNq3/8/4B3/PP2QPPP/2RR2K1 w - -,middle_17_23+capture_available,training/data/samples/lichess_validation_250k.csv,lmr_safe,6,c1c5,233,26875,47226,1.6874477499804925,2.8696198809775524,7,False,5.586067719996208,d5b6,+313,-287,313,-287,1.0,0.0,600.0,600.0,1.0,1.0,False,True,True,2690,1249,1069,1444,0,35664,0,2,0,56997
validation_0286,2r1nrk1/1p3ppp/p3p3/2bNq3/8/4B3/PP2QPPP/2RR2K1 w - -,middle_17_23+capture_available,training/data/samples/lichess_validation_250k.csv,lmr_safe,7,d5e7,169,52630,99856,2.7164439389889594,5.5860653199779335,7,False,5.586067719996208,d5b6,+313,+283,313,283,1.0,1.0,30.0,30.0,0.0,0.0,False,False,False,2690,1249,1069,1444,0,35664,0,2,0,56997
validation_0286,2r1nrk1/1p3ppp/p3p3/2bNq3/8/4B3/PP2QPPP/2RR2K1 w - -,middle_17_23+capture_available,training/data/samples/lichess_validation_250k.csv,no_futility,1,d5e7,167,196,196,0.010215335991233587,0.01021633599884808,7,False,5.784586741006933,d5b6,+313,+283,313,283,1.0,1.0,30.0,30.0,0.0,0.0,False,False,False,2866,1243,1060,4026,3,0,0,2,0,66391
validation_0286,2r1nrk1/1p3ppp/p3p3/2bNq3/8/4B3/PP2QPPP/2RR2K1 w - -,middle_17_23+capture_available,training/data/samples/lichess_validation_250k.csv,no_futility,2,d5e7,167,348,544,0.02396514598513022,0.03418288199463859,7,False,5.784586741006933,d5b6,+313,+283,313,283,1.0,1.0,30.0,30.0,0.0,0.0,False,False,False,2866,1243,1060,4026,3,0,0,2,0,66391
validation_0286,2r1nrk1/1p3ppp/p3p3/2bNq3/8/4B3/PP2QPPP/2RR2K1 w - -,middle_17_23+capture_available,training/data/samples/lichess_validation_250k.csv,no_futility,3,d5e7,167,3957,4501,0.1515438990027178,0.18572848101030104,7,False,5.784586741006933,d5b6,+313,+283,313,283,1.0,1.0,30.0,30.0,0.0,0.0,False,False,False,2866,1243,1060,4026,3,0,0,2,0,66391
validation_0286,2r1nrk1/1p3ppp/p3p3/2bNq3/8/4B3/PP2QPPP/2RR2K1 w - -,middle_17_23+capture_available,training/data/samples/lichess_validation_250k.csv,no_futility,4,d5e7,188,1874,6375,0.12362279402441345,0.30935297498945147,7,False,5.784586741006933,d5b6,+313,+283,313,283,1.0,1.0,30.0,30.0,0.0,0.0,False,False,False,2866,1243,1060,4026,3,0,0,2,0,66391
validation_0286,2r1nrk1/1p3ppp/p3p3/2bNq3/8/4B3/PP2QPPP/2RR2K1 w - -,middle_17_23+capture_available,training/data/samples/lichess_validation_250k.csv,no_futility,5,c1c5,147,16289,22664,0.8232931589882355,1.1326478339906316,7,False,5.784586741006933,d5b6,+313,-287,313,-287,1.0,0.0,600.0,600.0,1.0,1.0,False,True,True,2866,1243,1060,4026,3,0,0,2,0,66391
validation_0286,2r1nrk1/1p3ppp/p3p3/2bNq3/8/4B3/PP2QPPP/2RR2K1 w - -,middle_17_23+capture_available,training/data/samples/lichess_validation_250k.csv,no_futility,6,c1c5,233,39642,62306,2.164924343000166,3.2975736770022195,7,False,5.784586741006933,d5b6,+313,-287,313,-287,1.0,0.0,600.0,600.0,1.0,1.0,False,True,True,2866,1243,1060,4026,3,0,0,2,0,66391
validation_0286,2r1nrk1/1p3ppp/p3p3/2bNq3/8/4B3/PP2QPPP/2RR2K1 w - -,middle_17_23+capture_available,training/data/samples/lichess_validation_250k.csv,no_futility,7,d5e7,169,52265,114571,2.48700936397654,5.78458444098942,7,False,5.784586741006933,d5b6,+313,+283,313,283,1.0,1.0,30.0,30.0,0.0,0.0,False,False,False,2866,1243,1060,4026,3,0,0,2,0,66391
validation_0286,2r1nrk1/1p3ppp/p3p3/2bNq3/8/4B3/PP2QPPP/2RR2K1 w - -,middle_17_23+capture_available,training/data/samples/lichess_validation_250k.csv,capture_material_order,1,d5e7,167,196,196,0.010385128989582881,0.010386428999481723,7,False,5.2764582430245355,d5b6,+313,+283,313,283,1.0,1.0,30.0,30.0,0.0,0.0,False,False,False,2460,1247,1062,4187,3,19605,0,2,54214,53700
validation_0286,2r1nrk1/1p3ppp/p3p3/2bNq3/8/4B3/PP2QPPP/2RR2K1 w - -,middle_17_23+capture_available,training/data/samples/lichess_validation_250k.csv,capture_material_order,2,d5e7,167,348,544,0.024128740013111383,0.0345163690217305,7,False,5.2764582430245355,d5b6,+313,+283,313,283,1.0,1.0,30.0,30.0,0.0,0.0,False,False,False,2460,1247,1062,4187,3,19605,0,2,54214,53700
validation_0286,2r1nrk1/1p3ppp/p3p3/2bNq3/8/4B3/PP2QPPP/2RR2K1 w - -,middle_17_23+capture_available,training/data/samples/lichess_validation_250k.csv,capture_material_order,3,d5e7,167,996,1540,0.05148066600668244,0.08599813500768505,7,False,5.2764582430245355,d5b6,+313,+283,313,283,1.0,1.0,30.0,30.0,0.0,0.0,False,False,False,2460,1247,1062,4187,3,19605,0,2,54214,53700
validation_0286,2r1nrk1/1p3ppp/p3p3/2bNq3/8/4B3/PP2QPPP/2RR2K1 w - -,middle_17_23+capture_available,training/data/samples/lichess_validation_250k.csv,capture_material_order,4,d5e7,188,1902,3442,0.13104802899761125,0.21704706401214935,7,False,5.2764582430245355,d5b6,+313,+283,313,283,1.0,1.0,30.0,30.0,0.0,0.0,False,False,False,2460,1247,1062,4187,3,19605,0,2,54214,53700
validation_0286,2r1nrk1/1p3ppp/p3p3/2bNq3/8/4B3/PP2QPPP/2RR2K1 w - -,middle_17_23+capture_available,training/data/samples/lichess_validation_250k.csv,capture_material_order,5,c1c5,147,13083,16525,0.7623073529975954,0.979356017021928,7,False,5.2764582430245355,d5b6,+313,-287,313,-287,1.0,0.0,600.0,600.0,1.0,1.0,False,True,True,2460,1247,1062,4187,3,19605,0,2,54214,53700
validation_0286,2r1nrk1/1p3ppp/p3p3/2bNq3/8/4B3/PP2QPPP/2RR2K1 w - -,middle_17_23+capture_available,training/data/samples/lichess_validation_250k.csv,capture_material_order,6,c1c5,233,26122,42647,1.7749810130044352,2.754338729020674,7,False,5.2764582430245355,d5b6,+313,-287,313,-287,1.0,0.0,600.0,600.0,1.0,1.0,False,True,True,2460,1247,1062,4187,3,19605,0,2,54214,53700
validation_0286,2r1nrk1/1p3ppp/p3p3/2bNq3/8/4B3/PP2QPPP/2RR2K1 w - -,middle_17_23+capture_available,training/data/samples/lichess_validation_250k.csv,capture_material_order,7,d5e7,169,46103,88750,2.522115814004792,5.276456043007784,7,False,5.2764582430245355,d5b6,+313,+283,313,283,1.0,1.0,30.0,30.0,0.0,0.0,False,False,False,2460,1247,1062,4187,3,19605,0,2,54214,53700
validation_0286,2r1nrk1/1p3ppp/p3p3/2bNq3/8/4B3/PP2QPPP/2RR2K1 w - -,middle_17_23+capture_available,training/data/samples/lichess_validation_250k.csv,no_aspiration,1,d5e7,167,196,196,0.01028293400304392,0.010284034011419863,7,False,4.412652505998267,d5b6,+313,+283,313,283,1.0,1.0,30.0,30.0,0.0,0.0,False,False,False,1630,759,628,2847,5,14567,0,0,0,44639
validation_0286,2r1nrk1/1p3ppp/p3p3/2bNq3/8/4B3/PP2QPPP/2RR2K1 w - -,middle_17_23+capture_available,training/data/samples/lichess_validation_250k.csv,no_aspiration,2,d5e7,167,348,544,0.0243575329950545,0.03464276698650792,7,False,4.412652505998267,d5b6,+313,+283,313,283,1.0,1.0,30.0,30.0,0.0,0.0,False,False,False,1630,759,628,2847,5,14567,0,0,0,44639
validation_0286,2r1nrk1/1p3ppp/p3p3/2bNq3/8/4B3/PP2QPPP/2RR2K1 w - -,middle_17_23+capture_available,training/data/samples/lichess_validation_250k.csv,no_aspiration,3,d5e7,167,1007,1551,0.0522986380092334,0.08694240500335582,7,False,4.412652505998267,d5b6,+313,+283,313,283,1.0,1.0,30.0,30.0,0.0,0.0,False,False,False,1630,759,628,2847,5,14567,0,0,0,44639
validation_0286,2r1nrk1/1p3ppp/p3p3/2bNq3/8/4B3/PP2QPPP/2RR2K1 w - -,middle_17_23+capture_available,training/data/samples/lichess_validation_250k.csv,no_aspiration,4,d5e7,188,1874,3425,0.13142312099807896,0.2183670260128565,7,False,4.412652505998267,d5b6,+313,+283,313,283,1.0,1.0,30.0,30.0,0.0,0.0,False,False,False,1630,759,628,2847,5,14567,0,0,0,44639
validation_0286,2r1nrk1/1p3ppp/p3p3/2bNq3/8/4B3/PP2QPPP/2RR2K1 w - -,middle_17_23+capture_available,training/data/samples/lichess_validation_250k.csv,no_aspiration,5,c1c5,147,13046,16471,0.75348497700179,0.9718533029954415,7,False,4.412652505998267,d5b6,+313,-287,313,-287,1.0,0.0,600.0,600.0,1.0,1.0,False,True,True,1630,759,628,2847,5,14567,0,0,0,44639
validation_0286,2r1nrk1/1p3ppp/p3p3/2bNq3/8/4B3/PP2QPPP/2RR2K1 w - -,middle_17_23+capture_available,training/data/samples/lichess_validation_250k.csv,no_aspiration,6,c1c5,233,22724,39195,1.5411391369998455,2.5129938400059473,7,False,4.412652505998267,d5b6,+313,-287,313,-287,1.0,0.0,600.0,600.0,1.0,1.0,False,True,True,1630,759,628,2847,5,14567,0,0,0,44639
validation_0286,2r1nrk1/1p3ppp/p3p3/2bNq3/8/4B3/PP2QPPP/2RR2K1 w - -,middle_17_23+capture_available,training/data/samples/lichess_validation_250k.csv,no_aspiration,7,d5e7,169,34673,73868,1.8996551660238765,4.412650506012142,7,False,4.412652505998267,d5b6,+313,+283,313,283,1.0,1.0,30.0,30.0,0.0,0.0,False,False,False,1630,759,628,2847,5,14567,0,0,0,44639
validation_0286,2r1nrk1/1p3ppp/p3p3/2bNq3/8/4B3/PP2QPPP/2RR2K1 w - -,middle_17_23+capture_available,training/data/samples/lichess_validation_250k.csv,no_pvs,1,d5e7,167,167,167,0.009187272982671857,0.0091883729910478,7,False,4.953130740992492,d5b6,+313,+283,313,283,1.0,1.0,30.0,30.0,0.0,0.0,False,False,False,2790,1233,1059,3939,3,13632,0,2,0,51446
validation_0286,2r1nrk1/1p3ppp/p3p3/2bNq3/8/4B3/PP2QPPP/2RR2K1 w - -,middle_17_23+capture_available,training/data/samples/lichess_validation_250k.csv,no_pvs,2,d5e7,167,359,526,0.024376532004680485,0.033566205005627126,7,False,4.953130740992492,d5b6,+313,+283,313,283,1.0,1.0,30.0,30.0,0.0,0.0,False,False,False,2790,1233,1059,3939,3,13632,0,2,0,51446
validation_0286,2r1nrk1/1p3ppp/p3p3/2bNq3/8/4B3/PP2QPPP/2RR2K1 w - -,middle_17_23+capture_available,training/data/samples/lichess_validation_250k.csv,no_pvs,3,d5e7,167,1012,1538,0.05195574997924268,0.08552325499476865,7,False,4.953130740992492,d5b6,+313,+283,313,283,1.0,1.0,30.0,30.0,0.0,0.0,False,False,False,2790,1233,1059,3939,3,13632,0,2,0,51446
validation_0286,2r1nrk1/1p3ppp/p3p3/2bNq3/8/4B3/PP2QPPP/2RR2K1 w - -,middle_17_23+capture_available,training/data/samples/lichess_validation_250k.csv,no_pvs,4,d5e7,188,1874,3412,0.12833783001406118,0.21386238501872867,7,False,4.953130740992492,d5b6,+313,+283,313,283,1.0,1.0,30.0,30.0,0.0,0.0,False,False,False,2790,1233,1059,3939,3,13632,0,2,0,51446
validation_0286,2r1nrk1/1p3ppp/p3p3/2bNq3/8/4B3/PP2QPPP/2RR2K1 w - -,middle_17_23+capture_available,training/data/samples/lichess_validation_250k.csv,no_pvs,5,c1c5,147,13249,16661,0.7707493570051156,0.9846134420076851,7,False,4.953130740992492,d5b6,+313,-287,313,-287,1.0,0.0,600.0,600.0,1.0,1.0,False,True,True,2790,1233,1059,3939,3,13632,0,2,0,51446
validation_0286,2r1nrk1/1p3ppp/p3p3/2bNq3/8/4B3/PP2QPPP/2RR2K1 w - -,middle_17_23+capture_available,training/data/samples/lichess_validation_250k.csv,no_pvs,6,c1c5,233,26895,43556,1.7816497640160378,2.766265006008325,7,False,4.953130740992492,d5b6,+313,-287,313,-287,1.0,0.0,600.0,600.0,1.0,1.0,False,True,True,2790,1233,1059,3939,3,13632,0,2,0,51446
validation_0286,2r1nrk1/1p3ppp/p3p3/2bNq3/8/4B3/PP2QPPP/2RR2K1 w - -,middle_17_23+capture_available,training/data/samples/lichess_validation_250k.csv,no_pvs,7,d5e7,169,40513,84069,2.186862236005254,4.953128741006367,7,False,4.953130740992492,d5b6,+313,+283,313,283,1.0,1.0,30.0,30.0,0.0,0.0,False,False,False,2790,1233,1059,3939,3,13632,0,2,0,51446
validation_0286,2r1nrk1/1p3ppp/p3p3/2bNq3/8/4B3/PP2QPPP/2RR2K1 w - -,middle_17_23+capture_available,training/data/samples/lichess_validation_250k.csv,no_null_no_lmr,1,d5e7,167,196,196,0.010232435015495867,0.010233734996290877,6,True,20.011569536989555,d5b6,+313,+283,313,283,1.0,1.0,30.0,30.0,0.0,0.0,False,False,False,12346,0,0,0,0,155683,0,1,0,161929
validation_0286,2r1nrk1/1p3ppp/p3p3/2bNq3/8/4B3/PP2QPPP/2RR2K1 w - -,middle_17_23+capture_available,training/data/samples/lichess_validation_250k.csv,no_null_no_lmr,2,d5e7,167,348,544,0.024594624992460012,0.03482955999788828,6,True,20.011569536989555,d5b6,+313,+283,313,283,1.0,1.0,30.0,30.0,0.0,0.0,False,False,False,12346,0,0,0,0,155683,0,1,0,161929
validation_0286,2r1nrk1/1p3ppp/p3p3/2bNq3/8/4B3/PP2QPPP/2RR2K1 w - -,middle_17_23+capture_available,training/data/samples/lichess_validation_250k.csv,no_null_no_lmr,3,d5e7,167,1007,1551,0.0531237079994753,0.08795446797739714,6,True,20.011569536989555,d5b6,+313,+283,313,283,1.0,1.0,30.0,30.0,0.0,0.0,False,False,False,12346,0,0,0,0,155683,0,1,0,161929
validation_0286,2r1nrk1/1p3ppp/p3p3/2bNq3/8/4B3/PP2QPPP/2RR2K1 w - -,middle_17_23+capture_available,training/data/samples/lichess_validation_250k.csv,no_null_no_lmr,4,d5e7,188,11370,12921,0.7953111829992849,0.8832668509858195,6,True,20.011569536989555,d5b6,+313,+283,313,283,1.0,1.0,30.0,30.0,0.0,0.0,False,False,False,12346,0,0,0,0,155683,0,1,0,161929
validation_0286,2r1nrk1/1p3ppp/p3p3/2bNq3/8/4B3/PP2QPPP/2RR2K1 w - -,middle_17_23+capture_available,training/data/samples/lichess_validation_250k.csv,no_null_no_lmr,5,c1c5,147,26138,39059,1.6010755999886896,2.484343950985931,6,True,20.011569536989555,d5b6,+313,-287,313,-287,1.0,0.0,600.0,600.0,1.0,1.0,False,True,True,12346,0,0,0,0,155683,0,1,0,161929
validation_0286,2r1nrk1/1p3ppp/p3p3/2bNq3/8/4B3/PP2QPPP/2RR2K1 w - -,middle_17_23+capture_available,training/data/samples/lichess_validation_250k.csv,no_null_no_lmr,6,c1c5,233,202654,241713,13.986381310998695,16.47072696199757,6,True,20.011569536989555,d5b6,+313,-287,313,-287,1.0,0.0,600.0,600.0,1.0,1.0,False,True,True,12346,0,0,0,0,155683,0,1,0,161929
validation_0286,2r1nrk1/1p3ppp/p3p3/2bNq3/8/4B3/PP2QPPP/2RR2K1 w - -,middle_17_23+capture_available,training/data/samples/lichess_validation_250k.csv,no_null_no_futility,1,d5e7,167,196,196,0.010144837986445054,0.010146037995582446,6,True,20.005357207002817,d5b6,+313,+283,313,283,1.0,1.0,30.0,30.0,0.0,0.0,False,False,False,14158,0,0,10813,3,0,0,1,0,208774
validation_0286,2r1nrk1/1p3ppp/p3p3/2bNq3/8/4B3/PP2QPPP/2RR2K1 w - -,middle_17_23+capture_available,training/data/samples/lichess_validation_250k.csv,no_null_no_futility,2,d5e7,167,348,544,0.023445364990038797,0.033592502993997186,6,True,20.005357207002817,d5b6,+313,+283,313,283,1.0,1.0,30.0,30.0,0.0,0.0,False,False,False,14158,0,0,10813,3,0,0,1,0,208774
validation_0286,2r1nrk1/1p3ppp/p3p3/2bNq3/8/4B3/PP2QPPP/2RR2K1 w - -,middle_17_23+capture_available,training/data/samples/lichess_validation_250k.csv,no_null_no_futility,3,d5e7,167,3957,4501,0.1506481299875304,0.18424153298838064,6,True,20.005357207002817,d5b6,+313,+283,313,283,1.0,1.0,30.0,30.0,0.0,0.0,False,False,False,14158,0,0,10813,3,0,0,1,0,208774
validation_0286,2r1nrk1/1p3ppp/p3p3/2bNq3/8/4B3/PP2QPPP/2RR2K1 w - -,middle_17_23+capture_available,training/data/samples/lichess_validation_250k.csv,no_null_no_futility,4,d5e7,188,11370,15871,0.7347007149946876,0.91894374799449,6,True,20.005357207002817,d5b6,+313,+283,313,283,1.0,1.0,30.0,30.0,0.0,0.0,False,False,False,14158,0,0,10813,3,0,0,1,0,208774
validation_0286,2r1nrk1/1p3ppp/p3p3/2bNq3/8/4B3/PP2QPPP/2RR2K1 w - -,middle_17_23+capture_available,training/data/samples/lichess_validation_250k.csv,no_null_no_futility,5,c1c5,147,25082,40953,1.1658602469833568,2.08480559499003,6,True,20.005357207002817,d5b6,+313,-287,313,-287,1.0,0.0,600.0,600.0,1.0,1.0,False,True,True,14158,0,0,10813,3,0,0,1,0,208774
validation_0286,2r1nrk1/1p3ppp/p3p3/2bNq3/8/4B3/PP2QPPP/2RR2K1 w - -,middle_17_23+capture_available,training/data/samples/lichess_validation_250k.csv,no_null_no_futility,6,c1c5,233,115400,156353,5.5541663139883894,7.638973508990603,6,True,20.005357207002817,d5b6,+313,-287,313,-287,1.0,0.0,600.0,600.0,1.0,1.0,False,True,True,14158,0,0,10813,3,0,0,1,0,208774
validation_0286,2r1nrk1/1p3ppp/p3p3/2bNq3/8/4B3/PP2QPPP/2RR2K1 w - -,middle_17_23+capture_available,training/data/samples/lichess_validation_250k.csv,no_lmr_no_futility,1,d5e7,167,196,196,0.010224536003079265,0.010225836012978107,7,False,14.176200112007791,d5b6,+313,+283,313,283,1.0,1.0,30.0,30.0,0.0,0.0,False,False,False,3602,2062,1711,0,0,0,0,2,0,183301
validation_0286,2r1nrk1/1p3ppp/p3p3/2bNq3/8/4B3/PP2QPPP/2RR2K1 w - -,middle_17_23+capture_available,training/data/samples/lichess_validation_250k.csv,no_lmr_no_futility,2,d5e7,167,348,544,0.024008545005926862,0.03423568099969998,7,False,14.176200112007791,d5b6,+313,+283,313,283,1.0,1.0,30.0,30.0,0.0,0.0,False,False,False,3602,2062,1711,0,0,0,0,2,0,183301
validation_0286,2r1nrk1/1p3ppp/p3p3/2bNq3/8/4B3/PP2QPPP/2RR2K1 w - -,middle_17_23+capture_available,training/data/samples/lichess_validation_250k.csv,no_lmr_no_futility,3,d5e7,167,3957,4501,0.1503150469798129,0.18455222799093463,7,False,14.176200112007791,d5b6,+313,+283,313,283,1.0,1.0,30.0,30.0,0.0,0.0,False,False,False,3602,2062,1711,0,0,0,0,2,0,183301
validation_0286,2r1nrk1/1p3ppp/p3p3/2bNq3/8/4B3/PP2QPPP/2RR2K1 w - -,middle_17_23+capture_available,training/data/samples/lichess_validation_250k.csv,no_lmr_no_futility,4,d5e7,188,1874,6375,0.1233612080104649,0.3079150360135827,7,False,14.176200112007791,d5b6,+313,+283,313,283,1.0,1.0,30.0,30.0,0.0,0.0,False,False,False,3602,2062,1711,0,0,0,0,2,0,183301
validation_0286,2r1nrk1/1p3ppp/p3p3/2bNq3/8/4B3/PP2QPPP/2RR2K1 w - -,middle_17_23+capture_available,training/data/samples/lichess_validation_250k.csv,no_lmr_no_futility,5,c1c5,147,50081,56456,2.1295518789847847,2.4374685139919166,7,False,14.176200112007791,d5b6,+313,-287,313,-287,1.0,0.0,600.0,600.0,1.0,1.0,False,True,True,3602,2062,1711,0,0,0,0,2,0,183301
validation_0286,2r1nrk1/1p3ppp/p3p3/2bNq3/8/4B3/PP2QPPP/2RR2K1 w - -,middle_17_23+capture_available,training/data/samples/lichess_validation_250k.csv,no_lmr_no_futility,6,c1c5,233,48435,104891,2.177210303983884,4.614680617989507,7,False,14.176200112007791,d5b6,+313,-287,313,-287,1.0,0.0,600.0,600.0,1.0,1.0,False,True,True,3602,2062,1711,0,0,0,0,2,0,183301
validation_0286,2r1nrk1/1p3ppp/p3p3/2bNq3/8/4B3/PP2QPPP/2RR2K1 w - -,middle_17_23+capture_available,training/data/samples/lichess_validation_250k.csv,no_lmr_no_futility,7,d5e7,155,250489,355380,9.561515493987827,14.176197811990278,7,False,14.176200112007791,d5b6,+313,+283,313,283,1.0,1.0,30.0,30.0,0.0,0.0,False,False,False,3602,2062,1711,0,0,0,0,2,0,183301
validation_0286,2r1nrk1/1p3ppp/p3p3/2bNq3/8/4B3/PP2QPPP/2RR2K1 w - -,middle_17_23+capture_available,training/data/samples/lichess_validation_250k.csv,no_selectivity,1,d5e7,167,196,196,0.010384230001363903,0.010385529982158914,6,True,20.003327738988446,d5b6,+313,+283,313,283,1.0,1.0,30.0,30.0,0.0,0.0,False,False,False,10402,0,0,0,0,0,0,1,0,213712
validation_0286,2r1nrk1/1p3ppp/p3p3/2bNq3/8/4B3/PP2QPPP/2RR2K1 w - -,middle_17_23+capture_available,training/data/samples/lichess_validation_250k.csv,no_selectivity,2,d5e7,167,348,544,0.02351006300887093,0.033896893000928685,6,True,20.003327738988446,d5b6,+313,+283,313,283,1.0,1.0,30.0,30.0,0.0,0.0,False,False,False,10402,0,0,0,0,0,0,1,0,213712
validation_0286,2r1nrk1/1p3ppp/p3p3/2bNq3/8/4B3/PP2QPPP/2RR2K1 w - -,middle_17_23+capture_available,training/data/samples/lichess_validation_250k.csv,no_selectivity,3,d5e7,167,3957,4501,0.15078243397874758,0.18468032698729075,6,True,20.003327738988446,d5b6,+313,+283,313,283,1.0,1.0,30.0,30.0,0.0,0.0,False,False,False,10402,0,0,0,0,0,0,1,0,213712
validation_0286,2r1nrk1/1p3ppp/p3p3/2bNq3/8/4B3/PP2QPPP/2RR2K1 w - -,middle_17_23+capture_available,training/data/samples/lichess_validation_250k.csv,no_selectivity,4,d5e7,188,11370,15871,0.7568662650010083,0.9415483920020051,6,True,20.003327738988446,d5b6,+313,+283,313,283,1.0,1.0,30.0,30.0,0.0,0.0,False,False,False,10402,0,0,0,0,0,0,1,0,213712
validation_0286,2r1nrk1/1p3ppp/p3p3/2bNq3/8/4B3/PP2QPPP/2RR2K1 w - -,middle_17_23+capture_available,training/data/samples/lichess_validation_250k.csv,no_selectivity,5,c1c5,147,89048,104919,3.5004812980187126,4.442031190003036,6,True,20.003327738988446,d5b6,+313,-287,313,-287,1.0,0.0,600.0,600.0,1.0,1.0,False,True,True,10402,0,0,0,0,0,0,1,0,213712
validation_0286,2r1nrk1/1p3ppp/p3p3/2bNq3/8/4B3/PP2QPPP/2RR2K1 w - -,middle_17_23+capture_available,training/data/samples/lichess_validation_250k.csv,no_selectivity,6,c1c5,233,222104,327023,13.452994106017286,17.8950268960034,6,True,20.003327738988446,d5b6,+313,-287,313,-287,1.0,0.0,600.0,600.0,1.0,1.0,False,True,True,10402,0,0,0,0,0,0,1,0,213712
validation_0370,r3r1k1/1ppq1pp1/2n1bn1p/2b1p3/4P2N/pPP3NP/P1B1QPP1/R1B2RK1 b - -,high_material_24_32+capture_rich,training/data/samples/lichess_validation_250k.csv,baseline,1,f6g4,70,204,204,0.0120233720226679,0.012024572002701461,5,True,20.00460182799725,e6h3,+120,-376,120,-376,0.8385,0.0,496.0,496.0,0.8385,0.8385,False,True,True,1918,503,152,5910,64,18819,0,0,0,220908
validation_0370,r3r1k1/1ppq1pp1/2n1bn1p/2b1p3/4P2N/pPP3NP/P1B1QPP1/R1B2RK1 b - -,high_material_24_32+capture_rich,training/data/samples/lichess_validation_250k.csv,baseline,2,c6b4,89,1227,1431,0.08470128400949761,0.09672695599147119,5,True,20.00460182799725,e6h3,+120,-391,120,-391,0.8385,0.0,511.0,511.0,0.8385,0.8385,False,True,True,1918,503,152,5910,64,18819,0,0,0,220908
validation_0370,r3r1k1/1ppq1pp1/2n1bn1p/2b1p3/4P2N/pPP3NP/P1B1QPP1/R1B2RK1 b - -,high_material_24_32+capture_rich,training/data/samples/lichess_validation_250k.csv,baseline,3,c6b4,52,7048,8479,0.31925163298728876,0.41597998898942024,5,True,20.00460182799725,e6h3,+120,-391,120,-391,0.8385,0.0,511.0,511.0,0.8385,0.8385,False,True,True,1918,503,152,5910,64,18819,0,0,0,220908
validation_0370,r3r1k1/1ppq1pp1/2n1bn1p/2b1p3/4P2N/pPP3NP/P1B1QPP1/R1B2RK1 b - -,high_material_24_32+capture_rich,training/data/samples/lichess_validation_250k.csv,baseline,4,c6b4,72,20726,29205,1.571000264986651,1.9869816539867315,5,True,20.00460182799725,e6h3,+120,-391,120,-391,0.8385,0.0,511.0,511.0,0.8385,0.8385,False,True,True,1918,503,152,5910,64,18819,0,0,0,220908
validation_0370,r3r1k1/1ppq1pp1/2n1bn1p/2b1p3/4P2N/pPP3NP/P1B1QPP1/R1B2RK1 b - -,high_material_24_32+capture_rich,training/data/samples/lichess_validation_250k.csv,baseline,5,c5b4,53,78062,107267,4.448690129996976,6.435673283995129,5,True,20.00460182799725,e6h3,+120,-361,120,-361,0.8385,0.0,481.0,481.0,0.8385,0.8385,False,True,True,1918,503,152,5910,64,18819,0,0,0,220908
validation_0370,r3r1k1/1ppq1pp1/2n1bn1p/2b1p3/4P2N/pPP3NP/P1B1QPP1/R1B2RK1 b - -,high_material_24_32+capture_rich,training/data/samples/lichess_validation_250k.csv,no_null,1,f6g4,70,204,204,0.01192057499429211,0.011921675002668053,5,True,20.01819699301268,e6h3,+120,-376,120,-376,0.8385,0.0,496.0,496.0,0.8385,0.8385,False,True,True,2443,0,0,5593,60,18276,0,0,0,223802
validation_0370,r3r1k1/1ppq1pp1/2n1bn1p/2b1p3/4P2N/pPP3NP/P1B1QPP1/R1B2RK1 b - -,high_material_24_32+capture_rich,training/data/samples/lichess_validation_250k.csv,no_null,2,c6b4,89,1227,1431,0.08435669701430015,0.0962793720245827,5,True,20.01819699301268,e6h3,+120,-391,120,-391,0.8385,0.0,511.0,511.0,0.8385,0.8385,False,True,True,2443,0,0,5593,60,18276,0,0,0,223802
validation_0370,r3r1k1/1ppq1pp1/2n1bn1p/2b1p3/4P2N/pPP3NP/P1B1QPP1/R1B2RK1 b - -,high_material_24_32+capture_rich,training/data/samples/lichess_validation_250k.csv,no_null,3,c6b4,52,7048,8479,0.31865575502160937,0.4149363270262256,5,True,20.01819699301268,e6h3,+120,-391,120,-391,0.8385,0.0,511.0,511.0,0.8385,0.8385,False,True,True,2443,0,0,5593,60,18276,0,0,0,223802
validation_0370,r3r1k1/1ppq1pp1/2n1bn1p/2b1p3/4P2N/pPP3NP/P1B1QPP1/R1B2RK1 b - -,high_material_24_32+capture_rich,training/data/samples/lichess_validation_250k.csv,no_null,4,c6b4,72,32834,41313,2.4267640030011535,2.8417017300089356,5,True,20.01819699301268,e6h3,+120,-391,120,-391,0.8385,0.0,511.0,511.0,0.8385,0.8385,False,True,True,2443,0,0,5593,60,18276,0,0,0,223802
validation_0370,r3r1k1/1ppq1pp1/2n1bn1p/2b1p3/4P2N/pPP3NP/P1B1QPP1/R1B2RK1 b - -,high_material_24_32+capture_rich,training/data/samples/lichess_validation_250k.csv,no_null,5,c5b4,53,79847,121160,4.341832609992707,7.1835356400115415,5,True,20.01819699301268,e6h3,+120,-361,120,-361,0.8385,0.0,481.0,481.0,0.8385,0.8385,False,True,True,2443,0,0,5593,60,18276,0,0,0,223802
validation_0370,r3r1k1/1ppq1pp1/2n1bn1p/2b1p3/4P2N/pPP3NP/P1B1QPP1/R1B2RK1 b - -,high_material_24_32+capture_rich,training/data/samples/lichess_validation_250k.csv,null_safe,1,f6g4,70,204,204,0.012041170994052663,0.012042371003190055,5,True,20.019640120997792,e6h3,+120,-376,120,-376,0.8385,0.0,496.0,496.0,0.8385,0.8385,False,True,True,2375,91,10,5167,54,13927,0,0,0,220534
validation_0370,r3r1k1/1ppq1pp1/2n1bn1p/2b1p3/4P2N/pPP3NP/P1B1QPP1/R1B2RK1 b - -,high_material_24_32+capture_rich,training/data/samples/lichess_validation_250k.csv,null_safe,2,c6b4,89,1227,1431,0.08428270000149496,0.0963262710138224,5,True,20.019640120997792,e6h3,+120,-391,120,-391,0.8385,0.0,511.0,511.0,0.8385,0.8385,False,True,True,2375,91,10,5167,54,13927,0,0,0,220534
validation_0370,r3r1k1/1ppq1pp1/2n1bn1p/2b1p3/4P2N/pPP3NP/P1B1QPP1/R1B2RK1 b - -,high_material_24_32+capture_rich,training/data/samples/lichess_validation_250k.csv,null_safe,3,c6b4,52,7048,8479,0.32075338301365264,0.41708115400979295,5,True,20.019640120997792,e6h3,+120,-391,120,-391,0.8385,0.0,511.0,511.0,0.8385,0.8385,False,True,True,2375,91,10,5167,54,13927,0,0,0,220534
validation_0370,r3r1k1/1ppq1pp1/2n1bn1p/2b1p3/4P2N/pPP3NP/P1B1QPP1/R1B2RK1 b - -,high_material_24_32+capture_rich,training/data/samples/lichess_validation_250k.csv,null_safe,4,c6b4,72,32834,41313,2.414391867001541,2.8314746209944133,5,True,20.019640120997792,e6h3,+120,-391,120,-391,0.8385,0.0,511.0,511.0,0.8385,0.8385,False,True,True,2375,91,10,5167,54,13927,0,0,0,220534
validation_0370,r3r1k1/1ppq1pp1/2n1bn1p/2b1p3/4P2N/pPP3NP/P1B1QPP1/R1B2RK1 b - -,high_material_24_32+capture_rich,training/data/samples/lichess_validation_250k.csv,null_safe,5,c5b4,53,76149,117462,4.164429191005183,6.995905512012541,5,True,20.019640120997792,e6h3,+120,-361,120,-361,0.8385,0.0,481.0,481.0,0.8385,0.8385,False,True,True,2375,91,10,5167,54,13927,0,0,0,220534
validation_0370,r3r1k1/1ppq1pp1/2n1bn1p/2b1p3/4P2N/pPP3NP/P1B1QPP1/R1B2RK1 b - -,high_material_24_32+capture_rich,training/data/samples/lichess_validation_250k.csv,no_lmr,1,f6g4,70,204,204,0.01236645897733979,0.012367558985715732,5,True,20.019941122009186,e6h3,+120,-376,120,-376,0.8385,0.0,496.0,496.0,0.8385,0.8385,False,True,True,1393,730,356,0,0,33325,0,0,0,207710
validation_0370,r3r1k1/1ppq1pp1/2n1bn1p/2b1p3/4P2N/pPP3NP/P1B1QPP1/R1B2RK1 b - -,high_material_24_32+capture_rich,training/data/samples/lichess_validation_250k.csv,no_lmr,2,c6b4,89,1227,1431,0.08526486498885788,0.097633623983711,5,True,20.019941122009186,e6h3,+120,-391,120,-391,0.8385,0.0,511.0,511.0,0.8385,0.8385,False,True,True,1393,730,356,0,0,33325,0,0,0,207710
validation_0370,r3r1k1/1ppq1pp1/2n1bn1p/2b1p3/4P2N/pPP3NP/P1B1QPP1/R1B2RK1 b - -,high_material_24_32+capture_rich,training/data/samples/lichess_validation_250k.csv,no_lmr,3,c6b4,52,7048,8479,0.31910093998885714,0.416735863982467,5,True,20.019941122009186,e6h3,+120,-391,120,-391,0.8385,0.0,511.0,511.0,0.8385,0.8385,False,True,True,1393,730,356,0,0,33325,0,0,0,207710
validation_0370,r3r1k1/1ppq1pp1/2n1bn1p/2b1p3/4P2N/pPP3NP/P1B1QPP1/R1B2RK1 b - -,high_material_24_32+capture_rich,training/data/samples/lichess_validation_250k.csv,no_lmr,4,c6b4,72,22806,31285,1.6963868080056272,2.1131242720002774,5,True,20.019941122009186,e6h3,+120,-391,120,-391,0.8385,0.0,511.0,511.0,0.8385,0.8385,False,True,True,1393,730,356,0,0,33325,0,0,0,207710
validation_0370,r3r1k1/1ppq1pp1/2n1bn1p/2b1p3/4P2N/pPP3NP/P1B1QPP1/R1B2RK1 b - -,high_material_24_32+capture_rich,training/data/samples/lichess_validation_250k.csv,no_lmr,5,c6d4,25,176936,208221,8.601765972998692,10.714891844982048,5,True,20.019941122009186,e6h3,+120,-349,120,-349,0.8385,0.0,469.0,469.0,0.8385,0.8385,False,True,True,1393,730,356,0,0,33325,0,0,0,207710
validation_0370,r3r1k1/1ppq1pp1/2n1bn1p/2b1p3/4P2N/pPP3NP/P1B1QPP1/R1B2RK1 b - -,high_material_24_32+capture_rich,training/data/samples/lichess_validation_250k.csv,lmr_safe,1,f6g4,70,204,204,0.01226456300355494,0.012265863013453782,5,True,20.006763478013454,e6h3,+120,-376,120,-376,0.8385,0.0,496.0,496.0,0.8385,0.8385,False,True,True,2968,411,106,1771,8,30429,0,0,0,216241
validation_0370,r3r1k1/1ppq1pp1/2n1bn1p/2b1p3/4P2N/pPP3NP/P1B1QPP1/R1B2RK1 b - -,high_material_24_32+capture_rich,training/data/samples/lichess_validation_250k.csv,lmr_safe,2,c6b4,89,1227,1431,0.08460558598744683,0.09687254900927655,5,True,20.006763478013454,e6h3,+120,-391,120,-391,0.8385,0.0,511.0,511.0,0.8385,0.8385,False,True,True,2968,411,106,1771,8,30429,0,0,0,216241
validation_0370,r3r1k1/1ppq1pp1/2n1bn1p/2b1p3/4P2N/pPP3NP/P1B1QPP1/R1B2RK1 b - -,high_material_24_32+capture_rich,training/data/samples/lichess_validation_250k.csv,lmr_safe,3,c6b4,52,7048,8479,0.31929482700070366,0.4161685760191176,5,True,20.006763478013454,e6h3,+120,-391,120,-391,0.8385,0.0,511.0,511.0,0.8385,0.8385,False,True,True,2968,411,106,1771,8,30429,0,0,0,216241
validation_0370,r3r1k1/1ppq1pp1/2n1bn1p/2b1p3/4P2N/pPP3NP/P1B1QPP1/R1B2RK1 b - -,high_material_24_32+capture_rich,training/data/samples/lichess_validation_250k.csv,lmr_safe,4,c6b4,72,22806,31285,1.6974089369759895,2.1135789130057674,5,True,20.006763478013454,e6h3,+120,-391,120,-391,0.8385,0.0,511.0,511.0,0.8385,0.8385,False,True,True,2968,411,106,1771,8,30429,0,0,0,216241
validation_0370,r3r1k1/1ppq1pp1/2n1bn1p/2b1p3/4P2N/pPP3NP/P1B1QPP1/R1B2RK1 b - -,high_material_24_32+capture_rich,training/data/samples/lichess_validation_250k.csv,lmr_safe,5,c5b4,53,183228,214513,8.81355602099211,10.927136934013106,5,True,20.006763478013454,e6h3,+120,-361,120,-361,0.8385,0.0,481.0,481.0,0.8385,0.8385,False,True,True,2968,411,106,1771,8,30429,0,0,0,216241
validation_0370,r3r1k1/1ppq1pp1/2n1bn1p/2b1p3/4P2N/pPP3NP/P1B1QPP1/R1B2RK1 b - -,high_material_24_32+capture_rich,training/data/samples/lichess_validation_250k.csv,no_futility,1,f6g4,70,204,204,0.012028072000248358,0.01202927198028192,5,True,20.003562429978047,e6h3,+120,-376,120,-376,0.8385,0.0,496.0,496.0,0.8385,0.8385,False,True,True,1859,488,148,5741,64,0,0,0,0,228320
validation_0370,r3r1k1/1ppq1pp1/2n1bn1p/2b1p3/4P2N/pPP3NP/P1B1QPP1/R1B2RK1 b - -,high_material_24_32+capture_rich,training/data/samples/lichess_validation_250k.csv,no_futility,2,c6b4,89,1227,1431,0.08382431499194354,0.0958546869806014,5,True,20.003562429978047,e6h3,+120,-391,120,-391,0.8385,0.0,511.0,511.0,0.8385,0.8385,False,True,True,1859,488,148,5741,64,0,0,0,0,228320
validation_0370,r3r1k1/1ppq1pp1/2n1bn1p/2b1p3/4P2N/pPP3NP/P1B1QPP1/R1B2RK1 b - -,high_material_24_32+capture_rich,training/data/samples/lichess_validation_250k.csv,no_futility,3,c6b4,52,7150,8581,0.3216326480032876,0.41748883499531075,5,True,20.003562429978047,e6h3,+120,-391,120,-391,0.8385,0.0,511.0,511.0,0.8385,0.8385,False,True,True,1859,488,148,5741,64,0,0,0,0,228320
validation_0370,r3r1k1/1ppq1pp1/2n1bn1p/2b1p3/4P2N/pPP3NP/P1B1QPP1/R1B2RK1 b - -,high_material_24_32+capture_rich,training/data/samples/lichess_validation_250k.csv,no_futility,4,c6b4,72,20726,29307,1.5349826470192056,1.9524730819975957,5,True,20.003562429978047,e6h3,+120,-391,120,-391,0.8385,0.0,511.0,511.0,0.8385,0.8385,False,True,True,1859,488,148,5741,64,0,0,0,0,228320
validation_0370,r3r1k1/1ppq1pp1/2n1bn1p/2b1p3/4P2N/pPP3NP/P1B1QPP1/R1B2RK1 b - -,high_material_24_32+capture_rich,training/data/samples/lichess_validation_250k.csv,no_futility,5,c5b4,53,83674,112981,4.573148510011379,6.525623191992054,5,True,20.003562429978047,e6h3,+120,-361,120,-361,0.8385,0.0,481.0,481.0,0.8385,0.8385,False,True,True,1859,488,148,5741,64,0,0,0,0,228320
validation_0370,r3r1k1/1ppq1pp1/2n1bn1p/2b1p3/4P2N/pPP3NP/P1B1QPP1/R1B2RK1 b - -,high_material_24_32+capture_rich,training/data/samples/lichess_validation_250k.csv,capture_material_order,1,f6g4,70,204,204,0.01241585801471956,0.012417057994753122,5,True,20.0112060479878,e6h3,+120,-376,120,-376,0.8385,0.0,496.0,496.0,0.8385,0.8385,False,True,True,1193,462,107,5079,36,13528,0,0,156345,208339
validation_0370,r3r1k1/1ppq1pp1/2n1bn1p/2b1p3/4P2N/pPP3NP/P1B1QPP1/R1B2RK1 b - -,high_material_24_32+capture_rich,training/data/samples/lichess_validation_250k.csv,capture_material_order,2,c6b4,89,968,1172,0.06624304197612219,0.07866159998229705,5,True,20.0112060479878,e6h3,+120,-391,120,-391,0.8385,0.0,511.0,511.0,0.8385,0.8385,False,True,True,1193,462,107,5079,36,13528,0,0,156345,208339
validation_0370,r3r1k1/1ppq1pp1/2n1bn1p/2b1p3/4P2N/pPP3NP/P1B1QPP1/R1B2RK1 b - -,high_material_24_32+capture_rich,training/data/samples/lichess_validation_250k.csv,capture_material_order,3,c6b4,52,6879,8051,0.3162640380032826,0.3949271379970014,5,True,20.0112060479878,e6h3,+120,-391,120,-391,0.8385,0.0,511.0,511.0,0.8385,0.8385,False,True,True,1193,462,107,5079,36,13528,0,0,156345,208339
validation_0370,r3r1k1/1ppq1pp1/2n1bn1p/2b1p3/4P2N/pPP3NP/P1B1QPP1/R1B2RK1 b - -,high_material_24_32+capture_rich,training/data/samples/lichess_validation_250k.csv,capture_material_order,4,c6b4,72,15934,23985,1.257075838977471,1.6520043769851327,5,True,20.0112060479878,e6h3,+120,-391,120,-391,0.8385,0.0,511.0,511.0,0.8385,0.8385,False,True,True,1193,462,107,5079,36,13528,0,0,156345,208339
validation_0370,r3r1k1/1ppq1pp1/2n1bn1p/2b1p3/4P2N/pPP3NP/P1B1QPP1/R1B2RK1 b - -,high_material_24_32+capture_rich,training/data/samples/lichess_validation_250k.csv,capture_material_order,5,c5b4,53,77076,101061,4.570174469990889,6.222180346987443,5,True,20.0112060479878,e6h3,+120,-361,120,-361,0.8385,0.0,481.0,481.0,0.8385,0.8385,False,True,True,1193,462,107,5079,36,13528,0,0,156345,208339
validation_0370,r3r1k1/1ppq1pp1/2n1bn1p/2b1p3/4P2N/pPP3NP/P1B1QPP1/R1B2RK1 b - -,high_material_24_32+capture_rich,training/data/samples/lichess_validation_250k.csv,no_aspiration,1,f6g4,70,204,204,0.012419257982401177,0.01242035799077712,5,True,20.002768540987745,e6h3,+120,-376,120,-376,0.8385,0.0,496.0,496.0,0.8385,0.8385,False,True,True,1918,495,148,5883,65,17401,0,0,0,221042
validation_0370,r3r1k1/1ppq1pp1/2n1bn1p/2b1p3/4P2N/pPP3NP/P1B1QPP1/R1B2RK1 b - -,high_material_24_32+capture_rich,training/data/samples/lichess_validation_250k.csv,no_aspiration,2,c6b4,89,1227,1431,0.08524866501102224,0.0976703230116982,5,True,20.002768540987745,e6h3,+120,-391,120,-391,0.8385,0.0,511.0,511.0,0.8385,0.8385,False,True,True,1918,495,148,5883,65,17401,0,0,0,221042
validation_0370,r3r1k1/1ppq1pp1/2n1bn1p/2b1p3/4P2N/pPP3NP/P1B1QPP1/R1B2RK1 b - -,high_material_24_32+capture_rich,training/data/samples/lichess_validation_250k.csv,no_aspiration,3,c6b4,52,7048,8479,0.3214448560029268,0.4191165789961815,5,True,20.002768540987745,e6h3,+120,-391,120,-391,0.8385,0.0,511.0,511.0,0.8385,0.8385,False,True,True,1918,495,148,5883,65,17401,0,0,0,221042
validation_0370,r3r1k1/1ppq1pp1/2n1bn1p/2b1p3/4P2N/pPP3NP/P1B1QPP1/R1B2RK1 b - -,high_material_24_32+capture_rich,training/data/samples/lichess_validation_250k.csv,no_aspiration,4,c6b4,72,20741,29220,1.5730130999872927,1.9921312789956573,5,True,20.002768540987745,e6h3,+120,-391,120,-391,0.8385,0.0,511.0,511.0,0.8385,0.8385,False,True,True,1918,495,148,5883,65,17401,0,0,0,221042
validation_0370,r3r1k1/1ppq1pp1/2n1bn1p/2b1p3/4P2N/pPP3NP/P1B1QPP1/R1B2RK1 b - -,high_material_24_32+capture_rich,training/data/samples/lichess_validation_250k.csv,no_aspiration,5,c5b4,53,78112,107332,4.45060138599365,6.442734165000729,5,True,20.002768540987745,e6h3,+120,-361,120,-361,0.8385,0.0,481.0,481.0,0.8385,0.8385,False,True,True,1918,495,148,5883,65,17401,0,0,0,221042
validation_0370,r3r1k1/1ppq1pp1/2n1bn1p/2b1p3/4P2N/pPP3NP/P1B1QPP1/R1B2RK1 b - -,high_material_24_32+capture_rich,training/data/samples/lichess_validation_250k.csv,no_pvs,1,f6g4,70,192,192,0.011921082012122497,0.011922282021259889,5,True,20.007290825014934,e6h3,+120,-376,120,-376,0.8385,0.0,496.0,496.0,0.8385,0.8385,False,True,True,1326,345,106,5087,64,16708,0,0,0,224329
validation_0370,r3r1k1/1ppq1pp1/2n1bn1p/2b1p3/4P2N/pPP3NP/P1B1QPP1/R1B2RK1 b - -,high_material_24_32+capture_rich,training/data/samples/lichess_validation_250k.csv,no_pvs,2,c6b4,89,1349,1541,0.09587953999289311,0.1078028220217675,5,True,20.007290825014934,e6h3,+120,-391,120,-391,0.8385,0.0,511.0,511.0,0.8385,0.8385,False,True,True,1326,345,106,5087,64,16708,0,0,0,224329
validation_0370,r3r1k1/1ppq1pp1/2n1bn1p/2b1p3/4P2N/pPP3NP/P1B1QPP1/R1B2RK1 b - -,high_material_24_32+capture_rich,training/data/samples/lichess_validation_250k.csv,no_pvs,3,c6b4,52,7044,8585,0.32238470402080566,0.43018882602336816,5,True,20.007290825014934,e6h3,+120,-391,120,-391,0.8385,0.0,511.0,511.0,0.8385,0.8385,False,True,True,1326,345,106,5087,64,16708,0,0,0,224329
validation_0370,r3r1k1/1ppq1pp1/2n1bn1p/2b1p3/4P2N/pPP3NP/P1B1QPP1/R1B2RK1 b - -,high_material_24_32+capture_rich,training/data/samples/lichess_validation_250k.csv,no_pvs,4,c6b4,72,22881,31466,1.7284777339955326,2.1586680600012187,5,True,20.007290825014934,e6h3,+120,-391,120,-391,0.8385,0.0,511.0,511.0,0.8385,0.8385,False,True,True,1326,345,106,5087,64,16708,0,0,0,224329
validation_0370,r3r1k1/1ppq1pp1/2n1bn1p/2b1p3/4P2N/pPP3NP/P1B1QPP1/R1B2RK1 b - -,high_material_24_32+capture_rich,training/data/samples/lichess_validation_250k.csv,no_pvs,5,c5b4,53,81642,113108,4.6535133400175255,6.812182800000301,5,True,20.007290825014934,e6h3,+120,-361,120,-361,0.8385,0.0,481.0,481.0,0.8385,0.8385,False,True,True,1326,345,106,5087,64,16708,0,0,0,224329
validation_0370,r3r1k1/1ppq1pp1/2n1bn1p/2b1p3/4P2N/pPP3NP/P1B1QPP1/R1B2RK1 b - -,high_material_24_32+capture_rich,training/data/samples/lichess_validation_250k.csv,no_null_no_lmr,1,f6g4,70,204,204,0.012199265998788178,0.01220036600716412,5,True,20.000574806996156,e6h3,+120,-376,120,-376,0.8385,0.0,496.0,496.0,0.8385,0.8385,False,True,True,2831,0,0,0,0,31648,0,0,0,210005
validation_0370,r3r1k1/1ppq1pp1/2n1bn1p/2b1p3/4P2N/pPP3NP/P1B1QPP1/R1B2RK1 b - -,high_material_24_32+capture_rich,training/data/samples/lichess_validation_250k.csv,no_null_no_lmr,2,c6b4,89,1227,1431,0.08439929599990137,0.0966009619878605,5,True,20.000574806996156,e6h3,+120,-391,120,-391,0.8385,0.0,511.0,511.0,0.8385,0.8385,False,True,True,2831,0,0,0,0,31648,0,0,0,210005
validation_0370,r3r1k1/1ppq1pp1/2n1bn1p/2b1p3/4P2N/pPP3NP/P1B1QPP1/R1B2RK1 b - -,high_material_24_32+capture_rich,training/data/samples/lichess_validation_250k.csv,no_null_no_lmr,3,c6b4,52,7048,8479,0.31879055401077494,0.41539271600777283,5,True,20.000574806996156,e6h3,+120,-391,120,-391,0.8385,0.0,511.0,511.0,0.8385,0.8385,False,True,True,2831,0,0,0,0,31648,0,0,0,210005
validation_0370,r3r1k1/1ppq1pp1/2n1bn1p/2b1p3/4P2N/pPP3NP/P1B1QPP1/R1B2RK1 b - -,high_material_24_32+capture_rich,training/data/samples/lichess_validation_250k.csv,no_null_no_lmr,4,c6b4,72,34807,43286,2.5426446070196107,2.958038922981359,5,True,20.000574806996156,e6h3,+120,-391,120,-391,0.8385,0.0,511.0,511.0,0.8385,0.8385,False,True,True,2831,0,0,0,0,31648,0,0,0,210005
validation_0370,r3r1k1/1ppq1pp1/2n1bn1p/2b1p3/4P2N/pPP3NP/P1B1QPP1/R1B2RK1 b - -,high_material_24_32+capture_rich,training/data/samples/lichess_validation_250k.csv,no_null_no_lmr,5,c6d4,25,188213,231499,9.124671119992854,12.08271184298792,5,True,20.000574806996156,e6h3,+120,-349,120,-349,0.8385,0.0,469.0,469.0,0.8385,0.8385,False,True,True,2831,0,0,0,0,31648,0,0,0,210005
validation_0370,r3r1k1/1ppq1pp1/2n1bn1p/2b1p3/4P2N/pPP3NP/P1B1QPP1/R1B2RK1 b - -,high_material_24_32+capture_rich,training/data/samples/lichess_validation_250k.csv,no_null_no_futility,1,f6g4,70,204,204,0.012247249018400908,0.012248448998434469,5,True,20.01625919897924,e6h3,+120,-376,120,-376,0.8385,0.0,496.0,496.0,0.8385,0.8385,False,True,True,2409,0,0,5412,50,0,0,0,0,232000
validation_0370,r3r1k1/1ppq1pp1/2n1bn1p/2b1p3/4P2N/pPP3NP/P1B1QPP1/R1B2RK1 b - -,high_material_24_32+capture_rich,training/data/samples/lichess_validation_250k.csv,no_null_no_futility,2,c6b4,89,1227,1431,0.08418739002081566,0.09643713900004514,5,True,20.01625919897924,e6h3,+120,-391,120,-391,0.8385,0.0,511.0,511.0,0.8385,0.8385,False,True,True,2409,0,0,5412,50,0,0,0,0,232000
validation_0370,r3r1k1/1ppq1pp1/2n1bn1p/2b1p3/4P2N/pPP3NP/P1B1QPP1/R1B2RK1 b - -,high_material_24_32+capture_rich,training/data/samples/lichess_validation_250k.csv,no_null_no_futility,3,c6b4,52,7150,8581,0.32176423000055365,0.4182026689813938,5,True,20.01625919897924,e6h3,+120,-391,120,-391,0.8385,0.0,511.0,511.0,0.8385,0.8385,False,True,True,2409,0,0,5412,50,0,0,0,0,232000
validation_0370,r3r1k1/1ppq1pp1/2n1bn1p/2b1p3/4P2N/pPP3NP/P1B1QPP1/R1B2RK1 b - -,high_material_24_32+capture_rich,training/data/samples/lichess_validation_250k.csv,no_null_no_futility,4,c6b4,72,32834,41415,2.3590686160023324,2.777272584993625,5,True,20.01625919897924,e6h3,+120,-391,120,-391,0.8385,0.0,511.0,511.0,0.8385,0.8385,False,True,True,2409,0,0,5412,50,0,0,0,0,232000
validation_0370,r3r1k1/1ppq1pp1/2n1bn1p/2b1p3/4P2N/pPP3NP/P1B1QPP1/R1B2RK1 b - -,high_material_24_32+capture_rich,training/data/samples/lichess_validation_250k.csv,no_null_no_futility,5,c5b4,53,86753,128168,4.510814250010299,7.288088434987003,5,True,20.01625919897924,e6h3,+120,-361,120,-361,0.8385,0.0,481.0,481.0,0.8385,0.8385,False,True,True,2409,0,0,5412,50,0,0,0,0,232000
validation_0370,r3r1k1/1ppq1pp1/2n1bn1p/2b1p3/4P2N/pPP3NP/P1B1QPP1/R1B2RK1 b - -,high_material_24_32+capture_rich,training/data/samples/lichess_validation_250k.csv,no_lmr_no_futility,1,f6g4,70,204,204,0.012450237001758069,0.01245143701089546,5,True,20.00927861398668,e6h3,+120,-376,120,-376,0.8385,0.0,496.0,496.0,0.8385,0.8385,False,True,True,1310,674,326,0,0,0,0,0,0,220530
validation_0370,r3r1k1/1ppq1pp1/2n1bn1p/2b1p3/4P2N/pPP3NP/P1B1QPP1/R1B2RK1 b - -,high_material_24_32+capture_rich,training/data/samples/lichess_validation_250k.csv,no_lmr_no_futility,2,c6b4,89,1227,1431,0.08599407799192704,0.09844711498590186,5,True,20.00927861398668,e6h3,+120,-391,120,-391,0.8385,0.0,511.0,511.0,0.8385,0.8385,False,True,True,1310,674,326,0,0,0,0,0,0,220530
validation_0370,r3r1k1/1ppq1pp1/2n1bn1p/2b1p3/4P2N/pPP3NP/P1B1QPP1/R1B2RK1 b - -,high_material_24_32+capture_rich,training/data/samples/lichess_validation_250k.csv,no_lmr_no_futility,3,c6b4,52,7150,8581,0.32010502100456506,0.4185537360026501,5,True,20.00927861398668,e6h3,+120,-391,120,-391,0.8385,0.0,511.0,511.0,0.8385,0.8385,False,True,True,1310,674,326,0,0,0,0,0,0,220530
validation_0370,r3r1k1/1ppq1pp1/2n1bn1p/2b1p3/4P2N/pPP3NP/P1B1QPP1/R1B2RK1 b - -,high_material_24_32+capture_rich,training/data/samples/lichess_validation_250k.csv,no_lmr_no_futility,4,c6b4,72,23302,31883,1.6833811489923391,2.1019362850056496,5,True,20.00927861398668,e6h3,+120,-391,120,-391,0.8385,0.0,511.0,511.0,0.8385,0.8385,False,True,True,1310,674,326,0,0,0,0,0,0,220530
validation_0370,r3r1k1/1ppq1pp1/2n1bn1p/2b1p3/4P2N/pPP3NP/P1B1QPP1/R1B2RK1 b - -,high_material_24_32+capture_rich,training/data/samples/lichess_validation_250k.csv,no_lmr_no_futility,5,c6d4,25,220786,252669,10.070789548015455,12.172727433004184,5,True,20.00927861398668,e6h3,+120,-349,120,-349,0.8385,0.0,469.0,469.0,0.8385,0.8385,False,True,True,1310,674,326,0,0,0,0,0,0,220530
validation_0370,r3r1k1/1ppq1pp1/2n1bn1p/2b1p3/4P2N/pPP3NP/P1B1QPP1/R1B2RK1 b - -,high_material_24_32+capture_rich,training/data/samples/lichess_validation_250k.csv,no_selectivity,1,f6g4,70,204,204,0.012044141010846943,0.012045641022268683,5,True,20.031716204015538,e6h3,+120,-376,120,-376,0.8385,0.0,496.0,496.0,0.8385,0.8385,False,True,True,2403,0,0,0,0,0,0,0,0,225583
validation_0370,r3r1k1/1ppq1pp1/2n1bn1p/2b1p3/4P2N/pPP3NP/P1B1QPP1/R1B2RK1 b - -,high_material_24_32+capture_rich,training/data/samples/lichess_validation_250k.csv,no_selectivity,2,c6b4,89,1227,1431,0.08450888399966061,0.0965558250027243,5,True,20.031716204015538,e6h3,+120,-391,120,-391,0.8385,0.0,511.0,511.0,0.8385,0.8385,False,True,True,2403,0,0,0,0,0,0,0,0,225583
validation_0370,r3r1k1/1ppq1pp1/2n1bn1p/2b1p3/4P2N/pPP3NP/P1B1QPP1/R1B2RK1 b - -,high_material_24_32+capture_rich,training/data/samples/lichess_validation_250k.csv,no_selectivity,3,c6b4,52,7150,8581,0.3218301820161287,0.418387306999648,5,True,20.031716204015538,e6h3,+120,-391,120,-391,0.8385,0.0,511.0,511.0,0.8385,0.8385,False,True,True,2403,0,0,0,0,0,0,0,0,225583
validation_0370,r3r1k1/1ppq1pp1/2n1bn1p/2b1p3/4P2N/pPP3NP/P1B1QPP1/R1B2RK1 b - -,high_material_24_32+capture_rich,training/data/samples/lichess_validation_250k.csv,no_selectivity,4,c6b4,72,35303,43884,2.5032974920177367,2.921686399000464,5,True,20.031716204015538,e6h3,+120,-391,120,-391,0.8385,0.0,511.0,511.0,0.8385,0.8385,False,True,True,2403,0,0,0,0,0,0,0,0,225583
validation_0370,r3r1k1/1ppq1pp1/2n1bn1p/2b1p3/4P2N/pPP3NP/P1B1QPP1/R1B2RK1 b - -,high_material_24_32+capture_rich,training/data/samples/lichess_validation_250k.csv,no_selectivity,5,c6d4,25,237611,281495,10.74016185500659,13.66185005402076,5,True,20.031716204015538,e6h3,+120,-349,120,-349,0.8385,0.0,469.0,469.0,0.8385,0.8385,False,True,True,2403,0,0,0,0,0,0,0,0,225583
validation_0249,2r1r3/p1q1kp2/1p3N2/n6R/6Q1/P7/5PPP/5RK1 b - -,middle_17_23+capture_available,training/data/samples/lichess_validation_250k.csv,baseline,1,e7f6,-399,70,70,0.0026608450280036777,0.002662044978933409,7,False,5.519222610979341,c7d8,-811,#-5,-811,-99995,0.0,0.0,99184.0,99184.0,0.0,0.0,True,False,False,3086,1100,775,4156,7,23896,0,2,0,60133
validation_0249,2r1r3/p1q1kp2/1p3N2/n6R/6Q1/P7/5PPP/5RK1 b - -,middle_17_23+capture_available,training/data/samples/lichess_validation_250k.csv,baseline,2,e7f6,-403,496,566,0.026951445994200185,0.029614490980748087,7,False,5.519222610979341,c7d8,-811,#-5,-811,-99995,0.0,0.0,99184.0,99184.0,0.0,0.0,True,False,False,3086,1100,775,4156,7,23896,0,2,0,60133
validation_0249,2r1r3/p1q1kp2/1p3N2/n6R/6Q1/P7/5PPP/5RK1 b - -,middle_17_23+capture_available,training/data/samples/lichess_validation_250k.csv,baseline,3,e7f6,-357,919,1485,0.04794211400439963,0.07755750499200076,7,False,5.519222610979341,c7d8,-811,#-5,-811,-99995,0.0,0.0,99184.0,99184.0,0.0,0.0,True,False,False,3086,1100,775,4156,7,23896,0,2,0,60133
validation_0249,2r1r3/p1q1kp2/1p3N2/n6R/6Q1/P7/5PPP/5RK1 b - -,middle_17_23+capture_available,training/data/samples/lichess_validation_250k.csv,baseline,4,e7f6,-349,4542,6027,0.2599173549970146,0.33747575999586843,7,False,5.519222610979341,c7d8,-811,#-5,-811,-99995,0.0,0.0,99184.0,99184.0,0.0,0.0,True,False,False,3086,1100,775,4156,7,23896,0,2,0,60133
validation_0249,2r1r3/p1q1kp2/1p3N2/n6R/6Q1/P7/5PPP/5RK1 b - -,middle_17_23+capture_available,training/data/samples/lichess_validation_250k.csv,baseline,5,e7f6,-341,8495,14522,0.409424080979079,0.7469014409871306,7,False,5.519222610979341,c7d8,-811,#-5,-811,-99995,0.0,0.0,99184.0,99184.0,0.0,0.0,True,False,False,3086,1100,775,4156,7,23896,0,2,0,60133
validation_0249,2r1r3/p1q1kp2/1p3N2/n6R/6Q1/P7/5PPP/5RK1 b - -,middle_17_23+capture_available,training/data/samples/lichess_validation_250k.csv,baseline,6,e7f6,-481,43696,58218,2.3732178999925964,3.1201210409926716,7,False,5.519222610979341,c7d8,-811,#-5,-811,-99995,0.0,0.0,99184.0,99184.0,0.0,0.0,True,False,False,3086,1100,775,4156,7,23896,0,2,0,60133
validation_0249,2r1r3/p1q1kp2/1p3N2/n6R/6Q1/P7/5PPP/5RK1 b - -,middle_17_23+capture_available,training/data/samples/lichess_validation_250k.csv,baseline,7,e7f6,-461,41867,100085,2.3990980699891225,5.519220810994739,7,False,5.519222610979341,c7d8,-811,#-5,-811,-99995,0.0,0.0,99184.0,99184.0,0.0,0.0,True,False,False,3086,1100,775,4156,7,23896,0,2,0,60133
validation_0249,2r1r3/p1q1kp2/1p3N2/n6R/6Q1/P7/5PPP/5RK1 b - -,middle_17_23+capture_available,training/data/samples/lichess_validation_250k.csv,no_null,1,e7f6,-399,70,70,0.0026704450137913227,0.0026716449938248843,7,False,9.321743937995052,c7d8,-811,#-5,-811,-99995,0.0,0.0,99184.0,99184.0,0.0,0.0,True,False,False,9171,0,0,6221,6,27241,0,2,0,94742
validation_0249,2r1r3/p1q1kp2/1p3N2/n6R/6Q1/P7/5PPP/5RK1 b - -,middle_17_23+capture_available,training/data/samples/lichess_validation_250k.csv,no_null,2,e7f6,-403,496,566,0.027215839974815026,0.029888584977015853,7,False,9.321743937995052,c7d8,-811,#-5,-811,-99995,0.0,0.0,99184.0,99184.0,0.0,0.0,True,False,False,9171,0,0,6221,6,27241,0,2,0,94742
validation_0249,2r1r3/p1q1kp2/1p3N2/n6R/6Q1/P7/5PPP/5RK1 b - -,middle_17_23+capture_available,training/data/samples/lichess_validation_250k.csv,no_null,3,e7f6,-357,919,1485,0.04771671901107766,0.07760640399646945,7,False,9.321743937995052,c7d8,-811,#-5,-811,-99995,0.0,0.0,99184.0,99184.0,0.0,0.0,True,False,False,9171,0,0,6221,6,27241,0,2,0,94742
validation_0249,2r1r3/p1q1kp2/1p3N2/n6R/6Q1/P7/5PPP/5RK1 b - -,middle_17_23+capture_available,training/data/samples/lichess_validation_250k.csv,no_null,4,e7f6,-349,7078,8563,0.4172890199988615,0.49489672397612594,7,False,9.321743937995052,c7d8,-811,#-5,-811,-99995,0.0,0.0,99184.0,99184.0,0.0,0.0,True,False,False,9171,0,0,6221,6,27241,0,2,0,94742
validation_0249,2r1r3/p1q1kp2/1p3N2/n6R/6Q1/P7/5PPP/5RK1 b - -,middle_17_23+capture_available,training/data/samples/lichess_validation_250k.csv,no_null,5,e7f6,-341,8451,17014,0.40736152400495484,0.9022595470014494,7,False,9.321743937995052,c7d8,-811,#-5,-811,-99995,0.0,0.0,99184.0,99184.0,0.0,0.0,True,False,False,9171,0,0,6221,6,27241,0,2,0,94742
validation_0249,2r1r3/p1q1kp2/1p3N2/n6R/6Q1/P7/5PPP/5RK1 b - -,middle_17_23+capture_available,training/data/samples/lichess_validation_250k.csv,no_null,6,e7f6,-481,64623,81637,3.5101960230094846,4.412457469996298,7,False,9.321743937995052,c7d8,-811,#-5,-811,-99995,0.0,0.0,99184.0,99184.0,0.0,0.0,True,False,False,9171,0,0,6221,6,27241,0,2,0,94742
validation_0249,2r1r3/p1q1kp2/1p3N2/n6R/6Q1/P7/5PPP/5RK1 b - -,middle_17_23+capture_available,training/data/samples/lichess_validation_250k.csv,no_null,7,e7f6,-461,82055,163692,4.909282367996639,9.3217417379783,7,False,9.321743937995052,c7d8,-811,#-5,-811,-99995,0.0,0.0,99184.0,99184.0,0.0,0.0,True,False,False,9171,0,0,6221,6,27241,0,2,0,94742
validation_0249,2r1r3/p1q1kp2/1p3N2/n6R/6Q1/P7/5PPP/5RK1 b - -,middle_17_23+capture_available,training/data/samples/lichess_validation_250k.csv,null_safe,1,e7f6,-399,70,70,0.0026270469825249165,0.002628346992423758,7,False,8.45330070500495,c7d8,-811,#-5,-811,-99995,0.0,0.0,99184.0,99184.0,0.0,0.0,True,False,False,6210,239,108,3893,6,22502,0,2,0,87308
validation_0249,2r1r3/p1q1kp2/1p3N2/n6R/6Q1/P7/5PPP/5RK1 b - -,middle_17_23+capture_available,training/data/samples/lichess_validation_250k.csv,null_safe,2,e7f6,-403,496,566,0.02736174498568289,0.02999109198572114,7,False,8.45330070500495,c7d8,-811,#-5,-811,-99995,0.0,0.0,99184.0,99184.0,0.0,0.0,True,False,False,6210,239,108,3893,6,22502,0,2,0,87308
validation_0249,2r1r3/p1q1kp2/1p3N2/n6R/6Q1/P7/5PPP/5RK1 b - -,middle_17_23+capture_available,training/data/samples/lichess_validation_250k.csv,null_safe,3,e7f6,-357,919,1485,0.04768013401189819,0.07767222600523382,7,False,8.45330070500495,c7d8,-811,#-5,-811,-99995,0.0,0.0,99184.0,99184.0,0.0,0.0,True,False,False,6210,239,108,3893,6,22502,0,2,0,87308
validation_0249,2r1r3/p1q1kp2/1p3N2/n6R/6Q1/P7/5PPP/5RK1 b - -,middle_17_23+capture_available,training/data/samples/lichess_validation_250k.csv,null_safe,4,e7f6,-349,7078,8563,0.4133905230264645,0.49106384901097044,7,False,8.45330070500495,c7d8,-811,#-5,-811,-99995,0.0,0.0,99184.0,99184.0,0.0,0.0,True,False,False,6210,239,108,3893,6,22502,0,2,0,87308
validation_0249,2r1r3/p1q1kp2/1p3N2/n6R/6Q1/P7/5PPP/5RK1 b - -,middle_17_23+capture_available,training/data/samples/lichess_validation_250k.csv,null_safe,5,e7f6,-341,8122,16685,0.3935641249991022,0.8846296739939135,7,False,8.45330070500495,c7d8,-811,#-5,-811,-99995,0.0,0.0,99184.0,99184.0,0.0,0.0,True,False,False,6210,239,108,3893,6,22502,0,2,0,87308
validation_0249,2r1r3/p1q1kp2/1p3N2/n6R/6Q1/P7/5PPP/5RK1 b - -,middle_17_23+capture_available,training/data/samples/lichess_validation_250k.csv,null_safe,6,e7f6,-481,60419,77104,3.3388827859889716,4.223514259996591,7,False,8.45330070500495,c7d8,-811,#-5,-811,-99995,0.0,0.0,99184.0,99184.0,0.0,0.0,True,False,False,6210,239,108,3893,6,22502,0,2,0,87308
validation_0249,2r1r3/p1q1kp2/1p3N2/n6R/6Q1/P7/5PPP/5RK1 b - -,middle_17_23+capture_available,training/data/samples/lichess_validation_250k.csv,null_safe,7,e7f6,-461,70588,147692,4.2297824449779,8.453298104985151,7,False,8.45330070500495,c7d8,-811,#-5,-811,-99995,0.0,0.0,99184.0,99184.0,0.0,0.0,True,False,False,6210,239,108,3893,6,22502,0,2,0,87308
validation_0249,2r1r3/p1q1kp2/1p3N2/n6R/6Q1/P7/5PPP/5RK1 b - -,middle_17_23+capture_available,training/data/samples/lichess_validation_250k.csv,no_lmr,1,e7f6,-399,70,70,0.0027019440021831542,0.002702943980693817,7,False,9.010808481980348,c7d8,-811,#-5,-811,-99995,0.0,0.0,99184.0,99184.0,0.0,0.0,True,False,False,2750,2913,2315,0,0,52542,0,2,0,99223
validation_0249,2r1r3/p1q1kp2/1p3N2/n6R/6Q1/P7/5PPP/5RK1 b - -,middle_17_23+capture_available,training/data/samples/lichess_validation_250k.csv,no_lmr,2,e7f6,-403,496,566,0.02719483501277864,0.02989897900260985,7,False,9.010808481980348,c7d8,-811,#-5,-811,-99995,0.0,0.0,99184.0,99184.0,0.0,0.0,True,False,False,2750,2913,2315,0,0,52542,0,2,0,99223
validation_0249,2r1r3/p1q1kp2/1p3N2/n6R/6Q1/P7/5PPP/5RK1 b - -,middle_17_23+capture_available,training/data/samples/lichess_validation_250k.csv,no_lmr,3,e7f6,-357,919,1485,0.04737481600022875,0.07727479498134926,7,False,9.010808481980348,c7d8,-811,#-5,-811,-99995,0.0,0.0,99184.0,99184.0,0.0,0.0,True,False,False,2750,2913,2315,0,0,52542,0,2,0,99223
validation_0249,2r1r3/p1q1kp2/1p3N2/n6R/6Q1/P7/5PPP/5RK1 b - -,middle_17_23+capture_available,training/data/samples/lichess_validation_250k.csv,no_lmr,4,e7f6,-349,7311,8796,0.3881487380131148,0.4654244330013171,7,False,9.010808481980348,c7d8,-811,#-5,-811,-99995,0.0,0.0,99184.0,99184.0,0.0,0.0,True,False,False,2750,2913,2315,0,0,52542,0,2,0,99223
validation_0249,2r1r3/p1q1kp2/1p3N2/n6R/6Q1/P7/5PPP/5RK1 b - -,middle_17_23+capture_available,training/data/samples/lichess_validation_250k.csv,no_lmr,5,e7f6,-341,12290,21086,0.6756743660080247,1.1411002989916597,7,False,9.010808481980348,c7d8,-811,#-5,-811,-99995,0.0,0.0,99184.0,99184.0,0.0,0.0,True,False,False,2750,2913,2315,0,0,52542,0,2,0,99223
validation_0249,2r1r3/p1q1kp2/1p3N2/n6R/6Q1/P7/5PPP/5RK1 b - -,middle_17_23+capture_available,training/data/samples/lichess_validation_250k.csv,no_lmr,6,e7f6,-481,87890,108976,4.825481555977603,5.966583754983731,7,False,9.010808481980348,c7d8,-811,#-5,-811,-99995,0.0,0.0,99184.0,99184.0,0.0,0.0,True,False,False,2750,2913,2315,0,0,52542,0,2,0,99223
validation_0249,2r1r3/p1q1kp2/1p3N2/n6R/6Q1/P7/5PPP/5RK1 b - -,middle_17_23+capture_available,training/data/samples/lichess_validation_250k.csv,no_lmr,7,e7f6,-461,57797,166773,3.044221126998309,9.010806481994223,7,False,9.010808481980348,c7d8,-811,#-5,-811,-99995,0.0,0.0,99184.0,99184.0,0.0,0.0,True,False,False,2750,2913,2315,0,0,52542,0,2,0,99223
validation_0249,2r1r3/p1q1kp2/1p3N2/n6R/6Q1/P7/5PPP/5RK1 b - -,middle_17_23+capture_available,training/data/samples/lichess_validation_250k.csv,lmr_safe,1,e7f6,-399,70,70,0.002606847003335133,0.0026080470124725252,7,False,6.523790898005245,c7d8,-811,#-5,-811,-99995,0.0,0.0,99184.0,99184.0,0.0,0.0,True,False,False,2637,1179,827,2601,5,38552,0,2,0,73316
validation_0249,2r1r3/p1q1kp2/1p3N2/n6R/6Q1/P7/5PPP/5RK1 b - -,middle_17_23+capture_available,training/data/samples/lichess_validation_250k.csv,lmr_safe,2,e7f6,-403,496,566,0.026798350998433307,0.029407597990939394,7,False,6.523790898005245,c7d8,-811,#-5,-811,-99995,0.0,0.0,99184.0,99184.0,0.0,0.0,True,False,False,2637,1179,827,2601,5,38552,0,2,0,73316
validation_0249,2r1r3/p1q1kp2/1p3N2/n6R/6Q1/P7/5PPP/5RK1 b - -,middle_17_23+capture_available,training/data/samples/lichess_validation_250k.csv,lmr_safe,3,e7f6,-357,919,1485,0.047249533992726356,0.07665813199128024,7,False,6.523790898005245,c7d8,-811,#-5,-811,-99995,0.0,0.0,99184.0,99184.0,0.0,0.0,True,False,False,2637,1179,827,2601,5,38552,0,2,0,73316
validation_0249,2r1r3/p1q1kp2/1p3N2/n6R/6Q1/P7/5PPP/5RK1 b - -,middle_17_23+capture_available,training/data/samples/lichess_validation_250k.csv,lmr_safe,4,e7f6,-349,7311,8796,0.4106296999962069,0.48728903199662454,7,False,6.523790898005245,c7d8,-811,#-5,-811,-99995,0.0,0.0,99184.0,99184.0,0.0,0.0,True,False,False,2637,1179,827,2601,5,38552,0,2,0,73316
validation_0249,2r1r3/p1q1kp2/1p3N2/n6R/6Q1/P7/5PPP/5RK1 b - -,middle_17_23+capture_available,training/data/samples/lichess_validation_250k.csv,lmr_safe,5,e7f6,-341,10278,19074,0.5055186589888763,0.9928090909961611,7,False,6.523790898005245,c7d8,-811,#-5,-811,-99995,0.0,0.0,99184.0,99184.0,0.0,0.0,True,False,False,2637,1179,827,2601,5,38552,0,2,0,73316
validation_0249,2r1r3/p1q1kp2/1p3N2/n6R/6Q1/P7/5PPP/5RK1 b - -,middle_17_23+capture_available,training/data/samples/lichess_validation_250k.csv,lmr_safe,6,e7f6,-481,50901,69975,2.703116696997313,3.69592758800718,7,False,6.523790898005245,c7d8,-811,#-5,-811,-99995,0.0,0.0,99184.0,99184.0,0.0,0.0,True,False,False,2637,1179,827,2601,5,38552,0,2,0,73316
validation_0249,2r1r3/p1q1kp2/1p3N2/n6R/6Q1/P7/5PPP/5RK1 b - -,middle_17_23+capture_available,training/data/samples/lichess_validation_250k.csv,lmr_safe,7,e7f6,-461,51053,121028,2.82785991000128,6.523788997990778,7,False,6.523790898005245,c7d8,-811,#-5,-811,-99995,0.0,0.0,99184.0,99184.0,0.0,0.0,True,False,False,2637,1179,827,2601,5,38552,0,2,0,73316
validation_0249,2r1r3/p1q1kp2/1p3N2/n6R/6Q1/P7/5PPP/5RK1 b - -,middle_17_23+capture_available,training/data/samples/lichess_validation_250k.csv,no_futility,1,e7f6,-399,70,70,0.0026693449763115495,0.002670644986210391,7,False,6.510828944010427,c7d8,-811,#-5,-811,-99995,0.0,0.0,99184.0,99184.0,0.0,0.0,True,False,False,3084,1100,775,4155,7,0,0,2,0,84097
validation_0249,2r1r3/p1q1kp2/1p3N2/n6R/6Q1/P7/5PPP/5RK1 b - -,middle_17_23+capture_available,training/data/samples/lichess_validation_250k.csv,no_futility,2,e7f6,-403,496,566,0.02654505500686355,0.02921700000297278,7,False,6.510828944010427,c7d8,-811,#-5,-811,-99995,0.0,0.0,99184.0,99184.0,0.0,0.0,True,False,False,3084,1100,775,4155,7,0,0,2,0,84097
validation_0249,2r1r3/p1q1kp2/1p3N2/n6R/6Q1/P7/5PPP/5RK1 b - -,middle_17_23+capture_available,training/data/samples/lichess_validation_250k.csv,no_futility,3,e7f6,-357,2385,2951,0.08758799999486655,0.11680580000393093,7,False,6.510828944010427,c7d8,-811,#-5,-811,-99995,0.0,0.0,99184.0,99184.0,0.0,0.0,True,False,False,3084,1100,775,4155,7,0,0,2,0,84097
validation_0249,2r1r3/p1q1kp2/1p3N2/n6R/6Q1/P7/5PPP/5RK1 b - -,middle_17_23+capture_available,training/data/samples/lichess_validation_250k.csv,no_futility,4,e7f6,-349,4928,7879,0.2594671700207982,0.3762743700062856,7,False,6.510828944010427,c7d8,-811,#-5,-811,-99995,0.0,0.0,99184.0,99184.0,0.0,0.0,True,False,False,3084,1100,775,4155,7,0,0,2,0,84097
validation_0249,2r1r3/p1q1kp2/1p3N2/n6R/6Q1/P7/5PPP/5RK1 b - -,middle_17_23+capture_available,training/data/samples/lichess_validation_250k.csv,no_futility,5,e7f6,-341,10495,18374,0.453194991016062,0.829470761003904,7,False,6.510828944010427,c7d8,-811,#-5,-811,-99995,0.0,0.0,99184.0,99184.0,0.0,0.0,True,False,False,3084,1100,775,4155,7,0,0,2,0,84097
validation_0249,2r1r3/p1q1kp2/1p3N2/n6R/6Q1/P7/5PPP/5RK1 b - -,middle_17_23+capture_available,training/data/samples/lichess_validation_250k.csv,no_futility,6,e7f6,-481,75883,94257,3.0777136770193465,3.907186238007853,7,False,6.510828944010427,c7d8,-811,#-5,-811,-99995,0.0,0.0,99184.0,99184.0,0.0,0.0,True,False,False,3084,1100,775,4155,7,0,0,2,0,84097
validation_0249,2r1r3/p1q1kp2/1p3N2/n6R/6Q1/P7/5PPP/5RK1 b - -,middle_17_23+capture_available,training/data/samples/lichess_validation_250k.csv,no_futility,7,e7f6,-461,53752,148009,2.6036392060050275,6.51082704399596,7,False,6.510828944010427,c7d8,-811,#-5,-811,-99995,0.0,0.0,99184.0,99184.0,0.0,0.0,True,False,False,3084,1100,775,4155,7,0,0,2,0,84097
validation_0249,2r1r3/p1q1kp2/1p3N2/n6R/6Q1/P7/5PPP/5RK1 b - -,middle_17_23+capture_available,training/data/samples/lichess_validation_250k.csv,capture_material_order,1,e7f6,-399,70,70,0.0026225459878332913,0.0026238459977321327,7,False,5.265041726001073,c7d8,-811,#-5,-811,-99995,0.0,0.0,99184.0,99184.0,0.0,0.0,True,False,False,3085,1079,770,3954,4,22915,0,2,30966,59119
validation_0249,2r1r3/p1q1kp2/1p3N2/n6R/6Q1/P7/5PPP/5RK1 b - -,middle_17_23+capture_available,training/data/samples/lichess_validation_250k.csv,capture_material_order,2,e7f6,-403,487,557,0.026742451009340584,0.02936739701544866,7,False,5.265041726001073,c7d8,-811,#-5,-811,-99995,0.0,0.0,99184.0,99184.0,0.0,0.0,True,False,False,3085,1079,770,3954,4,22915,0,2,30966,59119
validation_0249,2r1r3/p1q1kp2/1p3N2/n6R/6Q1/P7/5PPP/5RK1 b - -,middle_17_23+capture_available,training/data/samples/lichess_validation_250k.csv,capture_material_order,3,e7f6,-357,883,1440,0.047032733011292294,0.07640113000525162,7,False,5.265041726001073,c7d8,-811,#-5,-811,-99995,0.0,0.0,99184.0,99184.0,0.0,0.0,True,False,False,3085,1079,770,3954,4,22915,0,2,30966,59119
validation_0249,2r1r3/p1q1kp2/1p3N2/n6R/6Q1/P7/5PPP/5RK1 b - -,middle_17_23+capture_available,training/data/samples/lichess_validation_250k.csv,capture_material_order,4,e7f6,-349,4075,5515,0.2391954859776888,0.3155978159920778,7,False,5.265041726001073,c7d8,-811,#-5,-811,-99995,0.0,0.0,99184.0,99184.0,0.0,0.0,True,False,False,3085,1079,770,3954,4,22915,0,2,30966,59119
validation_0249,2r1r3/p1q1kp2/1p3N2/n6R/6Q1/P7/5PPP/5RK1 b - -,middle_17_23+capture_available,training/data/samples/lichess_validation_250k.csv,capture_material_order,5,e7f6,-341,8305,13820,0.40855570600251667,0.7241550220060162,7,False,5.265041726001073,c7d8,-811,#-5,-811,-99995,0.0,0.0,99184.0,99184.0,0.0,0.0,True,False,False,3085,1079,770,3954,4,22915,0,2,30966,59119
validation_0249,2r1r3/p1q1kp2/1p3N2/n6R/6Q1/P7/5PPP/5RK1 b - -,middle_17_23+capture_available,training/data/samples/lichess_validation_250k.csv,capture_material_order,6,e7f6,-481,40277,54097,2.175932794023538,2.900089516013395,7,False,5.265041726001073,c7d8,-811,#-5,-811,-99995,0.0,0.0,99184.0,99184.0,0.0,0.0,True,False,False,3085,1079,770,3954,4,22915,0,2,30966,59119
validation_0249,2r1r3/p1q1kp2/1p3N2/n6R/6Q1/P7/5PPP/5RK1 b - -,middle_17_23+capture_available,training/data/samples/lichess_validation_250k.csv,capture_material_order,7,e7f6,-461,42037,96134,2.364948610018473,5.265039626014186,7,False,5.265041726001073,c7d8,-811,#-5,-811,-99995,0.0,0.0,99184.0,99184.0,0.0,0.0,True,False,False,3085,1079,770,3954,4,22915,0,2,30966,59119
validation_0249,2r1r3/p1q1kp2/1p3N2/n6R/6Q1/P7/5PPP/5RK1 b - -,middle_17_23+capture_available,training/data/samples/lichess_validation_250k.csv,no_aspiration,1,e7f6,-399,70,70,0.002616245998069644,0.002617446007207036,7,False,4.354901326005347,c7d8,-811,#-5,-811,-99995,0.0,0.0,99184.0,99184.0,0.0,0.0,True,False,False,1855,881,649,2941,3,18078,0,0,0,48149
validation_0249,2r1r3/p1q1kp2/1p3N2/n6R/6Q1/P7/5PPP/5RK1 b - -,middle_17_23+capture_available,training/data/samples/lichess_validation_250k.csv,no_aspiration,2,e7f6,-403,496,566,0.026752951001981273,0.029371397016802803,7,False,4.354901326005347,c7d8,-811,#-5,-811,-99995,0.0,0.0,99184.0,99184.0,0.0,0.0,True,False,False,1855,881,649,2941,3,18078,0,0,0,48149
validation_0249,2r1r3/p1q1kp2/1p3N2/n6R/6Q1/P7/5PPP/5RK1 b - -,middle_17_23+capture_available,training/data/samples/lichess_validation_250k.csv,no_aspiration,3,e7f6,-357,919,1485,0.047646221006289124,0.07701871800236404,7,False,4.354901326005347,c7d8,-811,#-5,-811,-99995,0.0,0.0,99184.0,99184.0,0.0,0.0,True,False,False,1855,881,649,2941,3,18078,0,0,0,48149
validation_0249,2r1r3/p1q1kp2/1p3N2/n6R/6Q1/P7/5PPP/5RK1 b - -,middle_17_23+capture_available,training/data/samples/lichess_validation_250k.csv,no_aspiration,4,e7f6,-349,4560,6045,0.2614321330038365,0.33845185101381503,7,False,4.354901326005347,c7d8,-811,#-5,-811,-99995,0.0,0.0,99184.0,99184.0,0.0,0.0,True,False,False,1855,881,649,2941,3,18078,0,0,0,48149
validation_0249,2r1r3/p1q1kp2/1p3N2/n6R/6Q1/P7/5PPP/5RK1 b - -,middle_17_23+capture_available,training/data/samples/lichess_validation_250k.csv,no_aspiration,5,e7f6,-341,8531,14576,0.4128122279944364,0.7512654789898079,7,False,4.354901326005347,c7d8,-811,#-5,-811,-99995,0.0,0.0,99184.0,99184.0,0.0,0.0,True,False,False,1855,881,649,2941,3,18078,0,0,0,48149
validation_0249,2r1r3/p1q1kp2/1p3N2/n6R/6Q1/P7/5PPP/5RK1 b - -,middle_17_23+capture_available,training/data/samples/lichess_validation_250k.csv,no_aspiration,6,e7f6,-481,24045,38621,1.3552820869954303,2.106549265998183,7,False,4.354901326005347,c7d8,-811,#-5,-811,-99995,0.0,0.0,99184.0,99184.0,0.0,0.0,True,False,False,1855,881,649,2941,3,18078,0,0,0,48149
validation_0249,2r1r3/p1q1kp2/1p3N2/n6R/6Q1/P7/5PPP/5RK1 b - -,middle_17_23+capture_available,training/data/samples/lichess_validation_250k.csv,no_aspiration,7,e7f6,-461,40503,79124,2.2483483600080945,4.354899026016938,7,False,4.354901326005347,c7d8,-811,#-5,-811,-99995,0.0,0.0,99184.0,99184.0,0.0,0.0,True,False,False,1855,881,649,2941,3,18078,0,0,0,48149
validation_0249,2r1r3/p1q1kp2/1p3N2/n6R/6Q1/P7/5PPP/5RK1 b - -,middle_17_23+capture_available,training/data/samples/lichess_validation_250k.csv,no_pvs,1,e7f6,-399,70,70,0.0026928450097329915,0.0026941449905280024,7,False,5.863657607987989,c7d8,-811,#-5,-811,-99995,0.0,0.0,99184.0,99184.0,0.0,0.0,True,False,False,3158,1135,794,4252,5,25729,0,2,0,65946
validation_0249,2r1r3/p1q1kp2/1p3N2/n6R/6Q1/P7/5PPP/5RK1 b - -,middle_17_23+capture_available,training/data/samples/lichess_validation_250k.csv,no_pvs,2,e7f6,-403,512,582,0.027860329020768404,0.030555572971934453,7,False,5.863657607987989,c7d8,-811,#-5,-811,-99995,0.0,0.0,99184.0,99184.0,0.0,0.0,True,False,False,3158,1135,794,4252,5,25729,0,2,0,65946
validation_0249,2r1r3/p1q1kp2/1p3N2/n6R/6Q1/P7/5PPP/5RK1 b - -,middle_17_23+capture_available,training/data/samples/lichess_validation_250k.csv,no_pvs,3,e7f6,-357,940,1522,0.050128471018979326,0.08068534397170879,7,False,5.863657607987989,c7d8,-811,#-5,-811,-99995,0.0,0.0,99184.0,99184.0,0.0,0.0,True,False,False,3158,1135,794,4252,5,25729,0,2,0,65946
validation_0249,2r1r3/p1q1kp2/1p3N2/n6R/6Q1/P7/5PPP/5RK1 b - -,middle_17_23+capture_available,training/data/samples/lichess_validation_250k.csv,no_pvs,4,e7f6,-349,4817,6339,0.27341328901820816,0.35410013297223486,7,False,5.863657607987989,c7d8,-811,#-5,-811,-99995,0.0,0.0,99184.0,99184.0,0.0,0.0,True,False,False,3158,1135,794,4252,5,25729,0,2,0,65946
validation_0249,2r1r3/p1q1kp2/1p3N2/n6R/6Q1/P7/5PPP/5RK1 b - -,middle_17_23+capture_available,training/data/samples/lichess_validation_250k.csv,no_pvs,5,e7f6,-341,9961,16300,0.4700577530020382,0.8241593859856948,7,False,5.863657607987989,c7d8,-811,#-5,-811,-99995,0.0,0.0,99184.0,99184.0,0.0,0.0,True,False,False,3158,1135,794,4252,5,25729,0,2,0,65946
validation_0249,2r1r3/p1q1kp2/1p3N2/n6R/6Q1/P7/5PPP/5RK1 b - -,middle_17_23+capture_available,training/data/samples/lichess_validation_250k.csv,no_pvs,6,e7f6,-481,48929,65229,2.561597030988196,3.385758016986074,7,False,5.863657607987989,c7d8,-811,#-5,-811,-99995,0.0,0.0,99184.0,99184.0,0.0,0.0,True,False,False,3158,1135,794,4252,5,25729,0,2,0,65946
validation_0249,2r1r3/p1q1kp2/1p3N2/n6R/6Q1/P7/5PPP/5RK1 b - -,middle_17_23+capture_available,training/data/samples/lichess_validation_250k.csv,no_pvs,7,e7f6,-461,43544,108773,2.477895891002845,5.86365560797276,7,False,5.863657607987989,c7d8,-811,#-5,-811,-99995,0.0,0.0,99184.0,99184.0,0.0,0.0,True,False,False,3158,1135,794,4252,5,25729,0,2,0,65946
validation_0249,2r1r3/p1q1kp2/1p3N2/n6R/6Q1/P7/5PPP/5RK1 b - -,middle_17_23+capture_available,training/data/samples/lichess_validation_250k.csv,no_null_no_lmr,1,e7f6,-399,70,70,0.002671844995347783,0.0026731450052466244,6,True,20.00752829600242,c7d8,-811,#-5,-811,-99995,0.0,0.0,99184.0,99184.0,0.0,0.0,True,False,False,18287,0,0,0,0,43585,0,2,0,203561
validation_0249,2r1r3/p1q1kp2/1p3N2/n6R/6Q1/P7/5PPP/5RK1 b - -,middle_17_23+capture_available,training/data/samples/lichess_validation_250k.csv,no_null_no_lmr,2,e7f6,-403,496,566,0.027094338001916185,0.029768583015538752,6,True,20.00752829600242,c7d8,-811,#-5,-811,-99995,0.0,0.0,99184.0,99184.0,0.0,0.0,True,False,False,18287,0,0,0,0,43585,0,2,0,203561
validation_0249,2r1r3/p1q1kp2/1p3N2/n6R/6Q1/P7/5PPP/5RK1 b - -,middle_17_23+capture_available,training/data/samples/lichess_validation_250k.csv,no_null_no_lmr,3,e7f6,-357,919,1485,0.04737851701793261,0.07714820001274347,6,True,20.00752829600242,c7d8,-811,#-5,-811,-99995,0.0,0.0,99184.0,99184.0,0.0,0.0,True,False,False,18287,0,0,0,0,43585,0,2,0,203561
validation_0249,2r1r3/p1q1kp2/1p3N2/n6R/6Q1/P7/5PPP/5RK1 b - -,middle_17_23+capture_available,training/data/samples/lichess_validation_250k.csv,no_null_no_lmr,4,e7f6,-349,9869,11354,0.5483888239832595,0.6255380240036175,6,True,20.00752829600242,c7d8,-811,#-5,-811,-99995,0.0,0.0,99184.0,99184.0,0.0,0.0,True,False,False,18287,0,0,0,0,43585,0,2,0,203561
validation_0249,2r1r3/p1q1kp2/1p3N2/n6R/6Q1/P7/5PPP/5RK1 b - -,middle_17_23+capture_available,training/data/samples/lichess_validation_250k.csv,no_null_no_lmr,5,e7f6,-341,16597,27951,0.9357674889906775,1.5613070130057167,6,True,20.00752829600242,c7d8,-811,#-5,-811,-99995,0.0,0.0,99184.0,99184.0,0.0,0.0,True,False,False,18287,0,0,0,0,43585,0,2,0,203561
validation_0249,2r1r3/p1q1kp2/1p3N2/n6R/6Q1/P7/5PPP/5RK1 b - -,middle_17_23+capture_available,training/data/samples/lichess_validation_250k.csv,no_null_no_lmr,6,e7f6,-481,234729,262680,13.369575730001088,14.930884343018988,6,True,20.00752829600242,c7d8,-811,#-5,-811,-99995,0.0,0.0,99184.0,99184.0,0.0,0.0,True,False,False,18287,0,0,0,0,43585,0,2,0,203561
validation_0249,2r1r3/p1q1kp2/1p3N2/n6R/6Q1/P7/5PPP/5RK1 b - -,middle_17_23+capture_available,training/data/samples/lichess_validation_250k.csv,no_null_no_futility,1,e7f6,-399,70,70,0.002618046011775732,0.0026194459933321923,7,False,10.259995772998082,c7d8,-811,#-5,-811,-99995,0.0,0.0,99184.0,99184.0,0.0,0.0,True,False,False,9162,0,0,6218,6,0,0,2,0,121999
validation_0249,2r1r3/p1q1kp2/1p3N2/n6R/6Q1/P7/5PPP/5RK1 b - -,middle_17_23+capture_available,training/data/samples/lichess_validation_250k.csv,no_null_no_futility,2,e7f6,-403,496,566,0.026270760979969054,0.02889120698091574,7,False,10.259995772998082,c7d8,-811,#-5,-811,-99995,0.0,0.0,99184.0,99184.0,0.0,0.0,True,False,False,9162,0,0,6218,6,0,0,2,0,121999
validation_0249,2r1r3/p1q1kp2/1p3N2/n6R/6Q1/P7/5PPP/5RK1 b - -,middle_17_23+capture_available,training/data/samples/lichess_validation_250k.csv,no_null_no_futility,3,e7f6,-357,2385,2951,0.08698131499113515,0.11587352197966538,7,False,10.259995772998082,c7d8,-811,#-5,-811,-99995,0.0,0.0,99184.0,99184.0,0.0,0.0,True,False,False,9162,0,0,6218,6,0,0,2,0,121999
validation_0249,2r1r3/p1q1kp2/1p3N2/n6R/6Q1/P7/5PPP/5RK1 b - -,middle_17_23+capture_available,training/data/samples/lichess_validation_250k.csv,no_null_no_futility,4,e7f6,-349,7464,10415,0.40596167198964395,0.5218364939792082,7,False,10.259995772998082,c7d8,-811,#-5,-811,-99995,0.0,0.0,99184.0,99184.0,0.0,0.0,True,False,False,9162,0,0,6218,6,0,0,2,0,121999
validation_0249,2r1r3/p1q1kp2/1p3N2/n6R/6Q1/P7/5PPP/5RK1 b - -,middle_17_23+capture_available,training/data/samples/lichess_validation_250k.csv,no_null_no_futility,5,e7f6,-341,11751,22166,0.48444936200394295,1.0062873559945729,7,False,10.259995772998082,c7d8,-811,#-5,-811,-99995,0.0,0.0,99184.0,99184.0,0.0,0.0,True,False,False,9162,0,0,6218,6,0,0,2,0,121999
validation_0249,2r1r3/p1q1kp2/1p3N2/n6R/6Q1/P7/5PPP/5RK1 b - -,middle_17_23+capture_available,training/data/samples/lichess_validation_250k.csv,no_null_no_futility,6,e7f6,-481,100534,122700,4.211442018015077,5.217730873991968,7,False,10.259995772998082,c7d8,-811,#-5,-811,-99995,0.0,0.0,99184.0,99184.0,0.0,0.0,True,False,False,9162,0,0,6218,6,0,0,2,0,121999
validation_0249,2r1r3/p1q1kp2/1p3N2/n6R/6Q1/P7/5PPP/5RK1 b - -,middle_17_23+capture_available,training/data/samples/lichess_validation_250k.csv,no_null_no_futility,7,e7f6,-461,95526,218226,5.042261099006282,10.259993472980568,7,False,10.259995772998082,c7d8,-811,#-5,-811,-99995,0.0,0.0,99184.0,99184.0,0.0,0.0,True,False,False,9162,0,0,6218,6,0,0,2,0,121999
validation_0249,2r1r3/p1q1kp2/1p3N2/n6R/6Q1/P7/5PPP/5RK1 b - -,middle_17_23+capture_available,training/data/samples/lichess_validation_250k.csv,no_lmr_no_futility,1,e7f6,-399,70,70,0.0026608460175339133,0.002662045997567475,7,False,11.469490440998925,c7d8,-811,#-5,-811,-99995,0.0,0.0,99184.0,99184.0,0.0,0.0,True,False,False,2750,2913,2315,0,0,0,0,2,0,151765
validation_0249,2r1r3/p1q1kp2/1p3N2/n6R/6Q1/P7/5PPP/5RK1 b - -,middle_17_23+capture_available,training/data/samples/lichess_validation_250k.csv,no_lmr_no_futility,2,e7f6,-403,496,566,0.026691463019233197,0.02935500899911858,7,False,11.469490440998925,c7d8,-811,#-5,-811,-99995,0.0,0.0,99184.0,99184.0,0.0,0.0,True,False,False,2750,2913,2315,0,0,0,0,2,0,151765
validation_0249,2r1r3/p1q1kp2/1p3N2/n6R/6Q1/P7/5PPP/5RK1 b - -,middle_17_23+capture_available,training/data/samples/lichess_validation_250k.csv,no_lmr_no_futility,3,e7f6,-357,2385,2951,0.0885323169932235,0.11788832599995658,7,False,11.469490440998925,c7d8,-811,#-5,-811,-99995,0.0,0.0,99184.0,99184.0,0.0,0.0,True,False,False,2750,2913,2315,0,0,0,0,2,0,151765
validation_0249,2r1r3/p1q1kp2/1p3N2/n6R/6Q1/P7/5PPP/5RK1 b - -,middle_17_23+capture_available,training/data/samples/lichess_validation_250k.csv,no_lmr_no_futility,4,e7f6,-349,8429,11380,0.4056718310166616,0.5235614569974132,7,False,11.469490440998925,c7d8,-811,#-5,-811,-99995,0.0,0.0,99184.0,99184.0,0.0,0.0,True,False,False,2750,2913,2315,0,0,0,0,2,0,151765
validation_0249,2r1r3/p1q1kp2/1p3N2/n6R/6Q1/P7/5PPP/5RK1 b - -,middle_17_23+capture_available,training/data/samples/lichess_validation_250k.csv,no_lmr_no_futility,5,e7f6,-341,24668,36048,0.9845394740113989,1.5081023309903685,7,False,11.469490440998925,c7d8,-811,#-5,-811,-99995,0.0,0.0,99184.0,99184.0,0.0,0.0,True,False,False,2750,2913,2315,0,0,0,0,2,0,151765
validation_0249,2r1r3/p1q1kp2/1p3N2/n6R/6Q1/P7/5PPP/5RK1 b - -,middle_17_23+capture_available,training/data/samples/lichess_validation_250k.csv,no_lmr_no_futility,6,e7f6,-481,125026,161074,5.688443049002672,7.196546980005223,7,False,11.469490440998925,c7d8,-811,#-5,-811,-99995,0.0,0.0,99184.0,99184.0,0.0,0.0,True,False,False,2750,2913,2315,0,0,0,0,2,0,151765
validation_0249,2r1r3/p1q1kp2/1p3N2/n6R/6Q1/P7/5PPP/5RK1 b - -,middle_17_23+capture_available,training/data/samples/lichess_validation_250k.csv,no_lmr_no_futility,7,e7f6,-461,110783,271857,4.2729394609923474,11.469488440983696,7,False,11.469490440998925,c7d8,-811,#-5,-811,-99995,0.0,0.0,99184.0,99184.0,0.0,0.0,True,False,False,2750,2913,2315,0,0,0,0,2,0,151765
validation_0249,2r1r3/p1q1kp2/1p3N2/n6R/6Q1/P7/5PPP/5RK1 b - -,middle_17_23+capture_available,training/data/samples/lichess_validation_250k.csv,no_selectivity,1,e7f6,-399,70,70,0.002614145982079208,0.0026154459919780493,6,True,20.0023206959886,c7d8,-811,#-5,-811,-99995,0.0,0.0,99184.0,99184.0,0.0,0.0,True,False,False,17202,0,0,0,0,0,0,2,0,234674
validation_0249,2r1r3/p1q1kp2/1p3N2/n6R/6Q1/P7/5PPP/5RK1 b - -,middle_17_23+capture_available,training/data/samples/lichess_validation_250k.csv,no_selectivity,2,e7f6,-403,496,566,0.026330755004892126,0.02894720100448467,6,True,20.0023206959886,c7d8,-811,#-5,-811,-99995,0.0,0.0,99184.0,99184.0,0.0,0.0,True,False,False,17202,0,0,0,0,0,0,2,0,234674
validation_0249,2r1r3/p1q1kp2/1p3N2/n6R/6Q1/P7/5PPP/5RK1 b - -,middle_17_23+capture_available,training/data/samples/lichess_validation_250k.csv,no_selectivity,3,e7f6,-357,2385,2951,0.0869953999936115,0.11594360100571066,6,True,20.0023206959886,c7d8,-811,#-5,-811,-99995,0.0,0.0,99184.0,99184.0,0.0,0.0,True,False,False,17202,0,0,0,0,0,0,2,0,234674
validation_0249,2r1r3/p1q1kp2/1p3N2/n6R/6Q1/P7/5PPP/5RK1 b - -,middle_17_23+capture_available,training/data/samples/lichess_validation_250k.csv,no_selectivity,4,e7f6,-349,10987,13938,0.5491358379949816,0.6650806390098296,6,True,20.0023206959886,c7d8,-811,#-5,-811,-99995,0.0,0.0,99184.0,99184.0,0.0,0.0,True,False,False,17202,0,0,0,0,0,0,2,0,234674
validation_0249,2r1r3/p1q1kp2/1p3N2/n6R/6Q1/P7/5PPP/5RK1 b - -,middle_17_23+capture_available,training/data/samples/lichess_validation_250k.csv,no_selectivity,5,e7f6,-341,38961,52899,1.5012158370227553,2.166298175987322,6,True,20.0023206959886,c7d8,-811,#-5,-811,-99995,0.0,0.0,99184.0,99184.0,0.0,0.0,True,False,False,17202,0,0,0,0,0,0,2,0,234674
validation_0249,2r1r3/p1q1kp2/1p3N2/n6R/6Q1/P7/5PPP/5RK1 b - -,middle_17_23+capture_available,training/data/samples/lichess_validation_250k.csv,no_selectivity,6,e7f6,-481,296411,349310,14.488069393002661,16.654368969000643,6,True,20.0023206959886,c7d8,-811,#-5,-811,-99995,0.0,0.0,99184.0,99184.0,0.0,0.0,True,False,False,17202,0,0,0,0,0,0,2,0,234674
validation_0073,8/8/B6b/2k3pP/4K1P1/5p2/8/8 w - -,endgame_2_10+capture_available,training/data/samples/lichess_validation_250k.csv,baseline,1,e4f3,134,24,24,0.0007499839994125068,0.0007512840093113482,7,False,0.5032104779966176,e4f5,+531,0,531,0,1.0,0.5,531.0,531.0,0.5,0.5,False,False,True,414,210,104,670,33,363,0,0,0,6288
validation_0073,8/8/B6b/2k3pP/4K1P1/5p2/8/8 w - -,endgame_2_10+capture_available,training/data/samples/lichess_validation_250k.csv,baseline,2,e4f3,160,66,90,0.002601846994366497,0.0033544310135766864,7,False,0.5032104779966176,e4f5,+531,0,531,0,1.0,0.5,531.0,531.0,0.5,0.5,False,False,True,414,210,104,670,33,363,0,0,0,6288
validation_0073,8/8/B6b/2k3pP/4K1P1/5p2/8/8 w - -,endgame_2_10+capture_available,training/data/samples/lichess_validation_250k.csv,baseline,3,e4f3,160,298,388,0.009008514985907823,0.012363746005576104,7,False,0.5032104779966176,e4f5,+531,0,531,0,1.0,0.5,531.0,531.0,0.5,0.5,False,False,True,414,210,104,670,33,363,0,0,0,6288
validation_0073,8/8/B6b/2k3pP/4K1P1/5p2/8/8 w - -,endgame_2_10+capture_available,training/data/samples/lichess_validation_250k.csv,baseline,4,e4f3,172,339,727,0.012218048999784514,0.024582595011452213,7,False,0.5032104779966176,e4f5,+531,0,531,0,1.0,0.5,531.0,531.0,0.5,0.5,False,False,True,414,210,104,670,33,363,0,0,0,6288
validation_0073,8/8/B6b/2k3pP/4K1P1/5p2/8/8 w - -,endgame_2_10+capture_available,training/data/samples/lichess_validation_250k.csv,baseline,5,e4f3,150,1587,2314,0.050564762990688905,0.07514825800899416,7,False,0.5032104779966176,e4f5,+531,0,531,0,1.0,0.5,531.0,531.0,0.5,0.5,False,False,True,414,210,104,670,33,363,0,0,0,6288
validation_0073,8/8/B6b/2k3pP/4K1P1/5p2/8/8 w - -,endgame_2_10+capture_available,training/data/samples/lichess_validation_250k.csv,baseline,6,a6d3,142,5944,8258,0.21643186098663136,0.29158121900400147,7,False,0.5032104779966176,e4f5,+531,+53,531,53,1.0,0.529,478.0,478.0,0.471,0.471,False,False,True,414,210,104,670,33,363,0,0,0,6288
validation_0073,8/8/B6b/2k3pP/4K1P1/5p2/8/8 w - -,endgame_2_10+capture_available,training/data/samples/lichess_validation_250k.csv,baseline,7,e4f3,130,6085,14343,0.2116259589965921,0.5032086780120153,7,False,0.5032104779966176,e4f5,+531,0,531,0,1.0,0.5,531.0,531.0,0.5,0.5,False,False,True,414,210,104,670,33,363,0,0,0,6288
validation_0073,8/8/B6b/2k3pP/4K1P1/5p2/8/8 w - -,endgame_2_10+capture_available,training/data/samples/lichess_validation_250k.csv,no_null,1,e4f3,134,24,24,0.0006940859893802553,0.0006950859969947487,7,False,0.7735321340151131,e4f5,+531,0,531,0,1.0,0.5,531.0,531.0,0.5,0.5,False,False,True,701,0,0,945,58,745,0,0,0,9349
validation_0073,8/8/B6b/2k3pP/4K1P1/5p2/8/8 w - -,endgame_2_10+capture_available,training/data/samples/lichess_validation_250k.csv,no_null,2,e4f3,160,66,90,0.002500948990928009,0.0031970349955372512,7,False,0.7735321340151131,e4f5,+531,0,531,0,1.0,0.5,531.0,531.0,0.5,0.5,False,False,True,701,0,0,945,58,745,0,0,0,9349
validation_0073,8/8/B6b/2k3pP/4K1P1/5p2/8/8 w - -,endgame_2_10+capture_available,training/data/samples/lichess_validation_250k.csv,no_null,3,e4f3,160,298,388,0.008981316001154482,0.012179151002783328,7,False,0.7735321340151131,e4f5,+531,0,531,0,1.0,0.5,531.0,531.0,0.5,0.5,False,False,True,701,0,0,945,58,745,0,0,0,9349
validation_0073,8/8/B6b/2k3pP/4K1P1/5p2/8/8 w - -,endgame_2_10+capture_available,training/data/samples/lichess_validation_250k.csv,no_null,4,e4f3,172,769,1157,0.031105861999094486,0.04328591300873086,7,False,0.7735321340151131,e4f5,+531,0,531,0,1.0,0.5,531.0,531.0,0.5,0.5,False,False,True,701,0,0,945,58,745,0,0,0,9349
validation_0073,8/8/B6b/2k3pP/4K1P1/5p2/8/8 w - -,endgame_2_10+capture_available,training/data/samples/lichess_validation_250k.csv,no_null,5,e4f3,150,1820,2977,0.06419478298630565,0.10748149600112811,7,False,0.7735321340151131,e4f5,+531,0,531,0,1.0,0.5,531.0,531.0,0.5,0.5,False,False,True,701,0,0,945,58,745,0,0,0,9349
validation_0073,8/8/B6b/2k3pP/4K1P1/5p2/8/8 w - -,endgame_2_10+capture_available,training/data/samples/lichess_validation_250k.csv,no_null,6,a6d3,142,7113,10090,0.26686492600128986,0.37434802201460116,7,False,0.7735321340151131,e4f5,+531,+53,531,53,1.0,0.529,478.0,478.0,0.471,0.471,False,False,True,701,0,0,945,58,745,0,0,0,9349
validation_0073,8/8/B6b/2k3pP/4K1P1/5p2/8/8 w - -,endgame_2_10+capture_available,training/data/samples/lichess_validation_250k.csv,no_null,7,a6d3,115,10921,21011,0.39918061200296506,0.7735301339998841,7,False,0.7735321340151131,e4f5,+531,+53,531,53,1.0,0.529,478.0,478.0,0.471,0.471,False,False,True,701,0,0,945,58,745,0,0,0,9349
validation_0073,8/8/B6b/2k3pP/4K1P1/5p2/8/8 w - -,endgame_2_10+capture_available,training/data/samples/lichess_validation_250k.csv,null_safe,1,e4f3,134,24,24,0.000684086000546813,0.0006851859798189253,7,False,0.6690170769870747,e4f5,+531,0,531,0,1.0,0.5,531.0,531.0,0.5,0.5,False,False,True,556,70,22,727,48,476,0,0,0,7887
validation_0073,8/8/B6b/2k3pP/4K1P1/5p2/8/8 w - -,endgame_2_10+capture_available,training/data/samples/lichess_validation_250k.csv,null_safe,2,e4f3,160,66,90,0.0025109480193350464,0.0031971339776646346,7,False,0.6690170769870747,e4f5,+531,0,531,0,1.0,0.5,531.0,531.0,0.5,0.5,False,False,True,556,70,22,727,48,476,0,0,0,7887
validation_0073,8/8/B6b/2k3pP/4K1P1/5p2/8/8 w - -,endgame_2_10+capture_available,training/data/samples/lichess_validation_250k.csv,null_safe,3,e4f3,160,298,388,0.008897818013792858,0.012095751997549087,7,False,0.6690170769870747,e4f5,+531,0,531,0,1.0,0.5,531.0,531.0,0.5,0.5,False,False,True,556,70,22,727,48,476,0,0,0,7887
validation_0073,8/8/B6b/2k3pP/4K1P1/5p2/8/8 w - -,endgame_2_10+capture_available,training/data/samples/lichess_validation_250k.csv,null_safe,4,e4f3,172,769,1157,0.030876465985784307,0.04297291798866354,7,False,0.6690170769870747,e4f5,+531,0,531,0,1.0,0.5,531.0,531.0,0.5,0.5,False,False,True,556,70,22,727,48,476,0,0,0,7887
validation_0073,8/8/B6b/2k3pP/4K1P1/5p2/8/8 w - -,endgame_2_10+capture_available,training/data/samples/lichess_validation_250k.csv,null_safe,5,e4f3,150,1548,2705,0.04987767699640244,0.09285179499420337,7,False,0.6690170769870747,e4f5,+531,0,531,0,1.0,0.5,531.0,531.0,0.5,0.5,False,False,True,556,70,22,727,48,476,0,0,0,7887
validation_0073,8/8/B6b/2k3pP/4K1P1/5p2/8/8 w - -,endgame_2_10+capture_available,training/data/samples/lichess_validation_250k.csv,null_safe,6,a6d3,142,6573,9278,0.2404682679916732,0.33332146299653687,7,False,0.6690170769870747,e4f5,+531,+53,531,53,1.0,0.529,478.0,478.0,0.471,0.471,False,False,True,556,70,22,727,48,476,0,0,0,7887
validation_0073,8/8/B6b/2k3pP/4K1P1/5p2/8/8 w - -,endgame_2_10+capture_available,training/data/samples/lichess_validation_250k.csv,null_safe,7,a6d3,115,8592,17870,0.3356922139937524,0.6690149770001881,7,False,0.6690170769870747,e4f5,+531,+53,531,53,1.0,0.529,478.0,478.0,0.471,0.471,False,False,True,556,70,22,727,48,476,0,0,0,7887
validation_0073,8/8/B6b/2k3pP/4K1P1/5p2/8/8 w - -,endgame_2_10+capture_available,training/data/samples/lichess_validation_250k.csv,no_lmr,1,e4f3,134,24,24,0.0006940859893802553,0.0006950859969947487,7,False,0.6428173150052316,e4f5,+531,0,531,0,1.0,0.5,531.0,531.0,0.5,0.5,False,False,True,362,334,197,0,0,893,0,0,0,8241
validation_0073,8/8/B6b/2k3pP/4K1P1/5p2/8/8 w - -,endgame_2_10+capture_available,training/data/samples/lichess_validation_250k.csv,no_lmr,2,e4f3,160,66,90,0.0025327479816041887,0.0032288339862134308,7,False,0.6428173150052316,e4f5,+531,0,531,0,1.0,0.5,531.0,531.0,0.5,0.5,False,False,True,362,334,197,0,0,893,0,0,0,8241
validation_0073,8/8/B6b/2k3pP/4K1P1/5p2/8/8 w - -,endgame_2_10+capture_available,training/data/samples/lichess_validation_250k.csv,no_lmr,3,e4f3,160,298,388,0.008992315008072183,0.012221949000377208,7,False,0.6428173150052316,e4f5,+531,0,531,0,1.0,0.5,531.0,531.0,0.5,0.5,False,False,True,362,334,197,0,0,893,0,0,0,8241
validation_0073,8/8/B6b/2k3pP/4K1P1/5p2/8/8 w - -,endgame_2_10+capture_available,training/data/samples/lichess_validation_250k.csv,no_lmr,4,e4f3,157,624,1012,0.022221744002308697,0.03444459300953895,7,False,0.6428173150052316,e4f5,+531,0,531,0,1.0,0.5,531.0,531.0,0.5,0.5,False,False,True,362,334,197,0,0,893,0,0,0,8241
validation_0073,8/8/B6b/2k3pP/4K1P1/5p2/8/8 w - -,endgame_2_10+capture_available,training/data/samples/lichess_validation_250k.csv,no_lmr,5,e4f3,112,1996,3008,0.06782960900454782,0.10227510199183598,7,False,0.6428173150052316,e4f5,+531,0,531,0,1.0,0.5,531.0,531.0,0.5,0.5,False,False,True,362,334,197,0,0,893,0,0,0,8241
validation_0073,8/8/B6b/2k3pP/4K1P1/5p2/8/8 w - -,endgame_2_10+capture_available,training/data/samples/lichess_validation_250k.csv,no_lmr,6,e4f3,144,6086,9094,0.2132198270119261,0.315496029012138,7,False,0.6428173150052316,e4f5,+531,0,531,0,1.0,0.5,531.0,531.0,0.5,0.5,False,False,True,362,334,197,0,0,893,0,0,0,8241
validation_0073,8/8/B6b/2k3pP/4K1P1/5p2/8/8 w - -,endgame_2_10+capture_available,training/data/samples/lichess_validation_250k.csv,no_lmr,7,e4f3,122,9869,18963,0.32731738599250093,0.6428152149892412,7,False,0.6428173150052316,e4f5,+531,0,531,0,1.0,0.5,531.0,531.0,0.5,0.5,False,False,True,362,334,197,0,0,893,0,0,0,8241
validation_0073,8/8/B6b/2k3pP/4K1P1/5p2/8/8 w - -,endgame_2_10+capture_available,training/data/samples/lichess_validation_250k.csv,lmr_safe,1,e4f3,134,24,24,0.0007378850132226944,0.0007390850223600864,7,False,0.6090968060016166,e4f5,+531,0,531,0,1.0,0.5,531.0,531.0,0.5,0.5,False,False,True,344,230,116,169,6,603,0,0,0,7992
validation_0073,8/8/B6b/2k3pP/4K1P1/5p2/8/8 w - -,endgame_2_10+capture_available,training/data/samples/lichess_validation_250k.csv,lmr_safe,2,e4f3,160,66,90,0.0025017490261234343,0.0032417340262327343,7,False,0.6090968060016166,e4f5,+531,0,531,0,1.0,0.5,531.0,531.0,0.5,0.5,False,False,True,344,230,116,169,6,603,0,0,0,7992
validation_0073,8/8/B6b/2k3pP/4K1P1/5p2/8/8 w - -,endgame_2_10+capture_available,training/data/samples/lichess_validation_250k.csv,lmr_safe,3,e4f3,160,298,388,0.009130612015724182,0.01237314601894468,7,False,0.6090968060016166,e4f5,+531,0,531,0,1.0,0.5,531.0,531.0,0.5,0.5,False,False,True,344,230,116,169,6,603,0,0,0,7992
validation_0073,8/8/B6b/2k3pP/4K1P1/5p2/8/8 w - -,endgame_2_10+capture_available,training/data/samples/lichess_validation_250k.csv,lmr_safe,4,e4f3,157,624,1012,0.022175844991579652,0.03454989101737738,7,False,0.6090968060016166,e4f5,+531,0,531,0,1.0,0.5,531.0,531.0,0.5,0.5,False,False,True,344,230,116,169,6,603,0,0,0,7992
validation_0073,8/8/B6b/2k3pP/4K1P1/5p2/8/8 w - -,endgame_2_10+capture_available,training/data/samples/lichess_validation_250k.csv,lmr_safe,5,e4f3,112,1962,2974,0.06670003198087215,0.10125102300662547,7,False,0.6090968060016166,e4f5,+531,0,531,0,1.0,0.5,531.0,531.0,0.5,0.5,False,False,True,344,230,116,169,6,603,0,0,0,7992
validation_0073,8/8/B6b/2k3pP/4K1P1/5p2/8/8 w - -,endgame_2_10+capture_available,training/data/samples/lichess_validation_250k.csv,lmr_safe,6,e4f3,144,5176,8150,0.1798601110058371,0.28111233402159996,7,False,0.6090968060016166,e4f5,+531,0,531,0,1.0,0.5,531.0,531.0,0.5,0.5,False,False,True,344,230,116,169,6,603,0,0,0,7992
validation_0073,8/8/B6b/2k3pP/4K1P1/5p2/8/8 w - -,endgame_2_10+capture_available,training/data/samples/lichess_validation_250k.csv,lmr_safe,7,e4f3,122,9949,18099,0.3279807720100507,0.6090948060154915,7,False,0.6090968060016166,e4f5,+531,0,531,0,1.0,0.5,531.0,531.0,0.5,0.5,False,False,True,344,230,116,169,6,603,0,0,0,7992
validation_0073,8/8/B6b/2k3pP/4K1P1/5p2/8/8 w - -,endgame_2_10+capture_available,training/data/samples/lichess_validation_250k.csv,no_futility,1,e4f3,134,24,24,0.0006911850068718195,0.0006923850160092115,7,False,0.5005937319947407,e4f5,+531,0,531,0,1.0,0.5,531.0,531.0,0.5,0.5,False,False,True,414,210,104,670,33,0,0,0,0,6643
validation_0073,8/8/B6b/2k3pP/4K1P1/5p2/8/8 w - -,endgame_2_10+capture_available,training/data/samples/lichess_validation_250k.csv,no_futility,2,e4f3,160,66,90,0.002434751018881798,0.0031281360134016722,7,False,0.5005937319947407,e4f5,+531,0,531,0,1.0,0.5,531.0,531.0,0.5,0.5,False,False,True,414,210,104,670,33,0,0,0,0,6643
validation_0073,8/8/B6b/2k3pP/4K1P1/5p2/8/8 w - -,endgame_2_10+capture_available,training/data/samples/lichess_validation_250k.csv,no_futility,3,e4f3,160,324,414,0.00951620499836281,0.01264523999998346,7,False,0.5005937319947407,e4f5,+531,0,531,0,1.0,0.5,531.0,531.0,0.5,0.5,False,False,True,414,210,104,670,33,0,0,0,0,6643
validation_0073,8/8/B6b/2k3pP/4K1P1/5p2/8/8 w - -,endgame_2_10+capture_available,training/data/samples/lichess_validation_250k.csv,no_futility,4,e4f3,172,339,753,0.011529563984367996,0.02417560399044305,7,False,0.5005937319947407,e4f5,+531,0,531,0,1.0,0.5,531.0,531.0,0.5,0.5,False,False,True,414,210,104,670,33,0,0,0,0,6643
validation_0073,8/8/B6b/2k3pP/4K1P1/5p2/8/8 w - -,endgame_2_10+capture_available,training/data/samples/lichess_validation_250k.csv,no_futility,5,e4f3,150,1697,2450,0.05250802301452495,0.0766846270125825,7,False,0.5005937319947407,e4f5,+531,0,531,0,1.0,0.5,531.0,531.0,0.5,0.5,False,False,True,414,210,104,670,33,0,0,0,0,6643
validation_0073,8/8/B6b/2k3pP/4K1P1/5p2/8/8 w - -,endgame_2_10+capture_available,training/data/samples/lichess_validation_250k.csv,no_futility,6,a6d3,142,6264,8714,0.2144442010030616,0.29113002799567766,7,False,0.5005937319947407,e4f5,+531,+53,531,53,1.0,0.529,478.0,478.0,0.471,0.471,False,False,True,414,210,104,670,33,0,0,0,0,6643
validation_0073,8/8/B6b/2k3pP/4K1P1/5p2/8/8 w - -,endgame_2_10+capture_available,training/data/samples/lichess_validation_250k.csv,no_futility,7,e4f3,130,6339,15053,0.2094602040015161,0.5005916320078541,7,False,0.5005937319947407,e4f5,+531,0,531,0,1.0,0.5,531.0,531.0,0.5,0.5,False,False,True,414,210,104,670,33,0,0,0,0,6643
validation_0073,8/8/B6b/2k3pP/4K1P1/5p2/8/8 w - -,endgame_2_10+capture_available,training/data/samples/lichess_validation_250k.csv,capture_material_order,1,e4f3,134,24,24,0.0007176850049290806,0.0007185850117821246,7,False,0.5135540789924562,e4f5,+531,0,531,0,1.0,0.5,531.0,531.0,0.5,0.5,False,False,True,410,210,104,671,33,353,0,0,227,6434
validation_0073,8/8/B6b/2k3pP/4K1P1/5p2/8/8 w - -,endgame_2_10+capture_available,training/data/samples/lichess_validation_250k.csv,capture_material_order,2,e4f3,160,66,90,0.0024965490156318992,0.003216134005924687,7,False,0.5135540789924562,e4f5,+531,0,531,0,1.0,0.5,531.0,531.0,0.5,0.5,False,False,True,410,210,104,671,33,353,0,0,227,6434
validation_0073,8/8/B6b/2k3pP/4K1P1/5p2/8/8 w - -,endgame_2_10+capture_available,training/data/samples/lichess_validation_250k.csv,capture_material_order,3,e4f3,160,298,388,0.00893071698374115,0.01214775099651888,7,False,0.5135540789924562,e4f5,+531,0,531,0,1.0,0.5,531.0,531.0,0.5,0.5,False,False,True,410,210,104,671,33,353,0,0,227,6434
validation_0073,8/8/B6b/2k3pP/4K1P1/5p2/8/8 w - -,endgame_2_10+capture_available,training/data/samples/lichess_validation_250k.csv,capture_material_order,4,e4f3,172,343,731,0.012203449005028233,0.024352100008400157,7,False,0.5135540789924562,e4f5,+531,0,531,0,1.0,0.5,531.0,531.0,0.5,0.5,False,False,True,410,210,104,671,33,353,0,0,227,6434
validation_0073,8/8/B6b/2k3pP/4K1P1/5p2/8/8 w - -,endgame_2_10+capture_available,training/data/samples/lichess_validation_250k.csv,capture_material_order,5,e4f3,150,1595,2326,0.05107705300906673,0.07543035299750045,7,False,0.5135540789924562,e4f5,+531,0,531,0,1.0,0.5,531.0,531.0,0.5,0.5,False,False,True,410,210,104,671,33,353,0,0,227,6434
validation_0073,8/8/B6b/2k3pP/4K1P1/5p2/8/8 w - -,endgame_2_10+capture_available,training/data/samples/lichess_validation_250k.csv,capture_material_order,6,a6d3,142,6132,8458,0.22537057698355056,0.30080262999399565,7,False,0.5135540789924562,e4f5,+531,+53,531,53,1.0,0.529,478.0,478.0,0.471,0.471,False,False,True,410,210,104,671,33,353,0,0,227,6434
validation_0073,8/8/B6b/2k3pP/4K1P1/5p2/8/8 w - -,endgame_2_10+capture_available,training/data/samples/lichess_validation_250k.csv,capture_material_order,7,e4f3,130,6124,14582,0.2127480490016751,0.5135519790055696,7,False,0.5135540789924562,e4f5,+531,0,531,0,1.0,0.5,531.0,531.0,0.5,0.5,False,False,True,410,210,104,671,33,353,0,0,227,6434
validation_0073,8/8/B6b/2k3pP/4K1P1/5p2/8/8 w - -,endgame_2_10+capture_available,training/data/samples/lichess_validation_250k.csv,no_aspiration,1,e4f3,134,24,24,0.0006824860174674541,0.0006835859967395663,7,False,0.5443477579974569,e4f5,+531,0,531,0,1.0,0.5,531.0,531.0,0.5,0.5,False,False,True,408,212,103,719,41,427,0,0,0,6854
validation_0073,8/8/B6b/2k3pP/4K1P1/5p2/8/8 w - -,endgame_2_10+capture_available,training/data/samples/lichess_validation_250k.csv,no_aspiration,2,e4f3,160,66,90,0.002495549008017406,0.0031800349825061858,7,False,0.5443477579974569,e4f5,+531,0,531,0,1.0,0.5,531.0,531.0,0.5,0.5,False,False,True,408,212,103,719,41,427,0,0,0,6854
validation_0073,8/8/B6b/2k3pP/4K1P1/5p2/8/8 w - -,endgame_2_10+capture_available,training/data/samples/lichess_validation_250k.csv,no_aspiration,3,e4f3,160,298,388,0.009066616010386497,0.012247550999745727,7,False,0.5443477579974569,e4f5,+531,0,531,0,1.0,0.5,531.0,531.0,0.5,0.5,False,False,True,408,212,103,719,41,427,0,0,0,6854
validation_0073,8/8/B6b/2k3pP/4K1P1/5p2/8/8 w - -,endgame_2_10+capture_available,training/data/samples/lichess_validation_250k.csv,no_aspiration,4,e4f3,172,339,727,0.012072255020029843,0.024320705997524783,7,False,0.5443477579974569,e4f5,+531,0,531,0,1.0,0.5,531.0,531.0,0.5,0.5,False,False,True,408,212,103,719,41,427,0,0,0,6854
validation_0073,8/8/B6b/2k3pP/4K1P1/5p2/8/8 w - -,endgame_2_10+capture_available,training/data/samples/lichess_validation_250k.csv,no_aspiration,5,e4f3,150,1794,2521,0.0585556130099576,0.08287711898447014,7,False,0.5443477579974569,e4f5,+531,0,531,0,1.0,0.5,531.0,531.0,0.5,0.5,False,False,True,408,212,103,719,41,427,0,0,0,6854
validation_0073,8/8/B6b/2k3pP/4K1P1/5p2/8/8 w - -,endgame_2_10+capture_available,training/data/samples/lichess_validation_250k.csv,no_aspiration,6,a6d3,142,6091,8612,0.22410325400414877,0.30698167299851775,7,False,0.5443477579974569,e4f5,+531,+53,531,53,1.0,0.529,478.0,478.0,0.471,0.471,False,False,True,408,212,103,719,41,427,0,0,0,6854
validation_0073,8/8/B6b/2k3pP/4K1P1/5p2/8/8 w - -,endgame_2_10+capture_available,training/data/samples/lichess_validation_250k.csv,no_aspiration,7,e4f3,130,6918,15530,0.23736248500063084,0.544345557980705,7,False,0.5443477579974569,e4f5,+531,0,531,0,1.0,0.5,531.0,531.0,0.5,0.5,False,False,True,408,212,103,719,41,427,0,0,0,6854
validation_0073,8/8/B6b/2k3pP/4K1P1/5p2/8/8 w - -,endgame_2_10+capture_available,training/data/samples/lichess_validation_250k.csv,no_pvs,1,e4f3,134,24,24,0.0007140850066207349,0.0007153850165195763,7,False,0.4848761650209781,e4f5,+531,0,531,0,1.0,0.5,531.0,531.0,0.5,0.5,False,False,True,307,168,90,511,32,479,0,0,0,6045
validation_0073,8/8/B6b/2k3pP/4K1P1/5p2/8/8 w - -,endgame_2_10+capture_available,training/data/samples/lichess_validation_250k.csv,no_pvs,2,e4f3,160,64,88,0.0024670499842613935,0.0031834350083954632,7,False,0.4848761650209781,e4f5,+531,0,531,0,1.0,0.5,531.0,531.0,0.5,0.5,False,False,True,307,168,90,511,32,479,0,0,0,6045
validation_0073,8/8/B6b/2k3pP/4K1P1/5p2/8/8 w - -,endgame_2_10+capture_available,training/data/samples/lichess_validation_250k.csv,no_pvs,3,e4f3,160,302,390,0.00922351298504509,0.012407848000293598,7,False,0.4848761650209781,e4f5,+531,0,531,0,1.0,0.5,531.0,531.0,0.5,0.5,False,False,True,307,168,90,511,32,479,0,0,0,6045
validation_0073,8/8/B6b/2k3pP/4K1P1/5p2/8/8 w - -,endgame_2_10+capture_available,training/data/samples/lichess_validation_250k.csv,no_pvs,4,e4f3,172,311,701,0.01105617600842379,0.023464924015570432,7,False,0.4848761650209781,e4f5,+531,0,531,0,1.0,0.5,531.0,531.0,0.5,0.5,False,False,True,307,168,90,511,32,479,0,0,0,6045
validation_0073,8/8/B6b/2k3pP/4K1P1/5p2/8/8 w - -,endgame_2_10+capture_available,training/data/samples/lichess_validation_250k.csv,no_pvs,5,e4f3,150,1393,2094,0.046469556982629,0.06993548100581393,7,False,0.4848761650209781,e4f5,+531,0,531,0,1.0,0.5,531.0,531.0,0.5,0.5,False,False,True,307,168,90,511,32,479,0,0,0,6045
validation_0073,8/8/B6b/2k3pP/4K1P1/5p2/8/8 w - -,endgame_2_10+capture_available,training/data/samples/lichess_validation_250k.csv,no_pvs,6,e4f3,144,5943,8037,0.2260565150063485,0.2959931960212998,7,False,0.4848761650209781,e4f5,+531,0,531,0,1.0,0.5,531.0,531.0,0.5,0.5,False,False,True,307,168,90,511,32,479,0,0,0,6045
validation_0073,8/8/B6b/2k3pP/4K1P1/5p2/8/8 w - -,endgame_2_10+capture_available,training/data/samples/lichess_validation_250k.csv,no_pvs,7,e4f3,130,5362,13399,0.18887946900213137,0.4848741650057491,7,False,0.4848761650209781,e4f5,+531,0,531,0,1.0,0.5,531.0,531.0,0.5,0.5,False,False,True,307,168,90,511,32,479,0,0,0,6045
validation_0073,8/8/B6b/2k3pP/4K1P1/5p2/8/8 w - -,endgame_2_10+capture_available,training/data/samples/lichess_validation_250k.csv,no_null_no_lmr,1,e4f3,134,24,24,0.0007250850030686706,0.000726085010683164,7,False,1.065035796025768,e4f5,+531,0,531,0,1.0,0.5,531.0,531.0,0.5,0.5,False,False,True,1305,0,0,0,0,2311,0,0,0,12110
validation_0073,8/8/B6b/2k3pP/4K1P1/5p2/8/8 w - -,endgame_2_10+capture_available,training/data/samples/lichess_validation_250k.csv,no_null_no_lmr,2,e4f3,160,66,90,0.0025303489819634706,0.003257434000261128,7,False,1.065035796025768,e4f5,+531,0,531,0,1.0,0.5,531.0,531.0,0.5,0.5,False,False,True,1305,0,0,0,0,2311,0,0,0,12110
validation_0073,8/8/B6b/2k3pP/4K1P1/5p2/8/8 w - -,endgame_2_10+capture_available,training/data/samples/lichess_validation_250k.csv,no_null_no_lmr,3,e4f3,160,298,388,0.008842420007567853,0.012100654013920575,7,False,1.065035796025768,e4f5,+531,0,531,0,1.0,0.5,531.0,531.0,0.5,0.5,False,False,True,1305,0,0,0,0,2311,0,0,0,12110
validation_0073,8/8/B6b/2k3pP/4K1P1/5p2/8/8 w - -,endgame_2_10+capture_available,training/data/samples/lichess_validation_250k.csv,no_null_no_lmr,4,e4f3,157,950,1338,0.03644736099522561,0.04854891501599923,7,False,1.065035796025768,e4f5,+531,0,531,0,1.0,0.5,531.0,531.0,0.5,0.5,False,False,True,1305,0,0,0,0,2311,0,0,0,12110
validation_0073,8/8/B6b/2k3pP/4K1P1/5p2/8/8 w - -,endgame_2_10+capture_available,training/data/samples/lichess_validation_250k.csv,no_null_no_lmr,5,e4f3,112,2844,4182,0.10723182497895323,0.1557818400033284,7,False,1.065035796025768,e4f5,+531,0,531,0,1.0,0.5,531.0,531.0,0.5,0.5,False,False,True,1305,0,0,0,0,2311,0,0,0,12110
validation_0073,8/8/B6b/2k3pP/4K1P1/5p2/8/8 w - -,endgame_2_10+capture_available,training/data/samples/lichess_validation_250k.csv,no_null_no_lmr,6,e4f3,144,8729,12911,0.33297594598843716,0.4887590860016644,7,False,1.065035796025768,e4f5,+531,0,531,0,1.0,0.5,531.0,531.0,0.5,0.5,False,False,True,1305,0,0,0,0,2311,0,0,0,12110
validation_0073,8/8/B6b/2k3pP/4K1P1/5p2/8/8 w - -,endgame_2_10+capture_available,training/data/samples/lichess_validation_250k.csv,no_null_no_lmr,7,e4f3,115,16090,29001,0.5762730099959299,1.065033596009016,7,False,1.065035796025768,e4f5,+531,0,531,0,1.0,0.5,531.0,531.0,0.5,0.5,False,False,True,1305,0,0,0,0,2311,0,0,0,12110
validation_0073,8/8/B6b/2k3pP/4K1P1/5p2/8/8 w - -,endgame_2_10+capture_available,training/data/samples/lichess_validation_250k.csv,no_null_no_futility,1,e4f3,134,24,24,0.0007170859898906201,0.0007182859990280122,7,False,0.7783956110069994,e4f5,+531,0,531,0,1.0,0.5,531.0,531.0,0.5,0.5,False,False,True,702,0,0,945,58,0,0,0,0,10091
validation_0073,8/8/B6b/2k3pP/4K1P1/5p2/8/8 w - -,endgame_2_10+capture_available,training/data/samples/lichess_validation_250k.csv,no_null_no_futility,2,e4f3,160,66,90,0.002430350985378027,0.003149536991259083,7,False,0.7783956110069994,e4f5,+531,0,531,0,1.0,0.5,531.0,531.0,0.5,0.5,False,False,True,702,0,0,945,58,0,0,0,0,10091
validation_0073,8/8/B6b/2k3pP/4K1P1/5p2/8/8 w - -,endgame_2_10+capture_available,training/data/samples/lichess_validation_250k.csv,no_null_no_futility,3,e4f3,160,324,414,0.009721601993078366,0.012872138991951942,7,False,0.7783956110069994,e4f5,+531,0,531,0,1.0,0.5,531.0,531.0,0.5,0.5,False,False,True,702,0,0,945,58,0,0,0,0,10091
validation_0073,8/8/B6b/2k3pP/4K1P1/5p2/8/8 w - -,endgame_2_10+capture_available,training/data/samples/lichess_validation_250k.csv,no_null_no_futility,4,e4f3,172,769,1183,0.029715898010181263,0.04258893700898625,7,False,0.7783956110069994,e4f5,+531,0,531,0,1.0,0.5,531.0,531.0,0.5,0.5,False,False,True,702,0,0,945,58,0,0,0,0,10091
validation_0073,8/8/B6b/2k3pP/4K1P1/5p2/8/8 w - -,endgame_2_10+capture_available,training/data/samples/lichess_validation_250k.csv,no_null_no_futility,5,e4f3,150,2152,3335,0.06980368398944847,0.11239362100604922,7,False,0.7783956110069994,e4f5,+531,0,531,0,1.0,0.5,531.0,531.0,0.5,0.5,False,False,True,702,0,0,945,58,0,0,0,0,10091
validation_0073,8/8/B6b/2k3pP/4K1P1/5p2/8/8 w - -,endgame_2_10+capture_available,training/data/samples/lichess_validation_250k.csv,no_null_no_futility,6,a6d3,142,7489,10824,0.2632001609890722,0.3755949820042588,7,False,0.7783956110069994,e4f5,+531,+53,531,53,1.0,0.529,478.0,478.0,0.471,0.471,False,False,True,702,0,0,945,58,0,0,0,0,10091
validation_0073,8/8/B6b/2k3pP/4K1P1/5p2/8/8 w - -,endgame_2_10+capture_available,training/data/samples/lichess_validation_250k.csv,no_null_no_futility,7,a6d3,115,11676,22500,0.40279702897532843,0.7783934109902475,7,False,0.7783956110069994,e4f5,+531,+53,531,53,1.0,0.529,478.0,478.0,0.471,0.471,False,False,True,702,0,0,945,58,0,0,0,0,10091
validation_0073,8/8/B6b/2k3pP/4K1P1/5p2/8/8 w - -,endgame_2_10+capture_available,training/data/samples/lichess_validation_250k.csv,no_lmr_no_futility,1,e4f3,134,24,24,0.0006980859907343984,0.0006990859983488917,7,False,0.6560619919910096,e4f5,+531,0,531,0,1.0,0.5,531.0,531.0,0.5,0.5,False,False,True,362,334,197,0,0,0,0,0,0,9134
validation_0073,8/8/B6b/2k3pP/4K1P1/5p2/8/8 w - -,endgame_2_10+capture_available,training/data/samples/lichess_validation_250k.csv,no_lmr_no_futility,2,e4f3,160,66,90,0.002405651001026854,0.003105737006990239,7,False,0.6560619919910096,e4f5,+531,0,531,0,1.0,0.5,531.0,531.0,0.5,0.5,False,False,True,362,334,197,0,0,0,0,0,0,9134
validation_0073,8/8/B6b/2k3pP/4K1P1/5p2/8/8 w - -,endgame_2_10+capture_available,training/data/samples/lichess_validation_250k.csv,no_lmr_no_futility,3,e4f3,160,324,414,0.00963530398439616,0.012741840997477993,7,False,0.6560619919910096,e4f5,+531,0,531,0,1.0,0.5,531.0,531.0,0.5,0.5,False,False,True,362,334,197,0,0,0,0,0,0,9134
validation_0073,8/8/B6b/2k3pP/4K1P1/5p2/8/8 w - -,endgame_2_10+capture_available,training/data/samples/lichess_validation_250k.csv,no_lmr_no_futility,4,e4f3,157,624,1038,0.02131226798519492,0.03405500898952596,7,False,0.6560619919910096,e4f5,+531,0,531,0,1.0,0.5,531.0,531.0,0.5,0.5,False,False,True,362,334,197,0,0,0,0,0,0,9134
validation_0073,8/8/B6b/2k3pP/4K1P1/5p2/8/8 w - -,endgame_2_10+capture_available,training/data/samples/lichess_validation_250k.csv,no_lmr_no_futility,5,e4f3,112,2218,3256,0.07022007601335645,0.1042760850104969,7,False,0.6560619919910096,e4f5,+531,0,531,0,1.0,0.5,531.0,531.0,0.5,0.5,False,False,True,362,334,197,0,0,0,0,0,0,9134
validation_0073,8/8/B6b/2k3pP/4K1P1/5p2/8/8 w - -,endgame_2_10+capture_available,training/data/samples/lichess_validation_250k.csv,no_lmr_no_futility,6,e4f3,144,6102,9358,0.20492534301592968,0.30920242800493725,7,False,0.6560619919910096,e4f5,+531,0,531,0,1.0,0.5,531.0,531.0,0.5,0.5,False,False,True,362,334,197,0,0,0,0,0,0,9134
validation_0073,8/8/B6b/2k3pP/4K1P1/5p2/8/8 w - -,endgame_2_10+capture_available,training/data/samples/lichess_validation_250k.csv,no_lmr_no_futility,7,e4f3,122,11391,20749,0.34685566401458345,0.656059892004123,7,False,0.6560619919910096,e4f5,+531,0,531,0,1.0,0.5,531.0,531.0,0.5,0.5,False,False,True,362,334,197,0,0,0,0,0,0,9134
validation_0073,8/8/B6b/2k3pP/4K1P1/5p2/8/8 w - -,endgame_2_10+capture_available,training/data/samples/lichess_validation_250k.csv,no_selectivity,1,e4f3,134,24,24,0.0007195849902927876,0.0007205849979072809,7,False,1.1179773219919298,e4f5,+531,0,531,0,1.0,0.5,531.0,531.0,0.5,0.5,False,False,True,1296,0,0,0,0,0,0,0,0,14370
validation_0073,8/8/B6b/2k3pP/4K1P1/5p2/8/8 w - -,endgame_2_10+capture_available,training/data/samples/lichess_validation_250k.csv,no_selectivity,2,e4f3,160,66,90,0.0024432509962935,0.0031648360018152744,7,False,1.1179773219919298,e4f5,+531,0,531,0,1.0,0.5,531.0,531.0,0.5,0.5,False,False,True,1296,0,0,0,0,0,0,0,0,14370
validation_0073,8/8/B6b/2k3pP/4K1P1/5p2/8/8 w - -,endgame_2_10+capture_available,training/data/samples/lichess_validation_250k.csv,no_selectivity,3,e4f3,160,324,414,0.009545506007270887,0.012711142015177757,7,False,1.1179773219919298,e4f5,+531,0,531,0,1.0,0.5,531.0,531.0,0.5,0.5,False,False,True,1296,0,0,0,0,0,0,0,0,14370
validation_0073,8/8/B6b/2k3pP/4K1P1/5p2/8/8 w - -,endgame_2_10+capture_available,training/data/samples/lichess_validation_250k.csv,no_selectivity,4,e4f3,157,950,1364,0.03629156399983913,0.0490036059927661,7,False,1.1179773219919298,e4f5,+531,0,531,0,1.0,0.5,531.0,531.0,0.5,0.5,False,False,True,1296,0,0,0,0,0,0,0,0,14370
validation_0073,8/8/B6b/2k3pP/4K1P1/5p2/8/8 w - -,endgame_2_10+capture_available,training/data/samples/lichess_validation_250k.csv,no_selectivity,5,e4f3,112,3459,4823,0.11749751601018943,0.16650242201285437,7,False,1.1179773219919298,e4f5,+531,0,531,0,1.0,0.5,531.0,531.0,0.5,0.5,False,False,True,1296,0,0,0,0,0,0,0,0,14370
validation_0073,8/8/B6b/2k3pP/4K1P1/5p2/8/8 w - -,endgame_2_10+capture_available,training/data/samples/lichess_validation_250k.csv,no_selectivity,6,e4f3,144,8820,13643,0.31827174400677904,0.4847755660011899,7,False,1.1179773219919298,e4f5,+531,0,531,0,1.0,0.5,531.0,531.0,0.5,0.5,False,False,True,1296,0,0,0,0,0,0,0,0,14370
validation_0073,8/8/B6b/2k3pP/4K1P1/5p2/8/8 w - -,endgame_2_10+capture_available,training/data/samples/lichess_validation_250k.csv,no_selectivity,7,e4f3,115,19906,33549,0.6331983559939545,1.1179753220058046,7,False,1.1179773219919298,e4f5,+531,0,531,0,1.0,0.5,531.0,531.0,0.5,0.5,False,False,True,1296,0,0,0,0,0,0,0,0,14370
validation_0314,3rr3/pp4k1/2p1pnp1/4b1q1/4PN1p/P2BQ1PP/1PP5/1K1R2R1 b - -,high_material_24_32+capture_rich,training/data/samples/lichess_validation_250k.csv,baseline,1,h4g3,-143,266,266,0.015850572992349043,0.015851773001486436,7,False,14.177817348012468,g7h7,+79,-589,79,-589,0.627,0.0,668.0,668.0,0.627,0.627,False,False,False,2850,933,623,5564,45,27085,0,1,0,166752
validation_0314,3rr3/pp4k1/2p1pnp1/4b1q1/4PN1p/P2BQ1PP/1PP5/1K1R2R1 b - -,high_material_24_32+capture_rich,training/data/samples/lichess_validation_250k.csv,baseline,2,g7g8,-109,2910,3176,0.1779181299789343,0.19377130299108103,7,False,14.177817348012468,g7h7,+79,-161,79,-161,0.627,0.0225,240.0,240.0,0.6045,0.6045,False,False,False,2850,933,623,5564,45,27085,0,1,0,166752
validation_0314,3rr3/pp4k1/2p1pnp1/4b1q1/4PN1p/P2BQ1PP/1PP5/1K1R2R1 b - -,high_material_24_32+capture_rich,training/data/samples/lichess_validation_250k.csv,baseline,3,g7g8,-119,4612,7788,0.23766019800677896,0.4314327010069974,7,False,14.177817348012468,g7h7,+79,-161,79,-161,0.627,0.0225,240.0,240.0,0.6045,0.6045,False,False,False,2850,933,623,5564,45,27085,0,1,0,166752
validation_0314,3rr3/pp4k1/2p1pnp1/4b1q1/4PN1p/P2BQ1PP/1PP5/1K1R2R1 b - -,high_material_24_32+capture_rich,training/data/samples/lichess_validation_250k.csv,baseline,4,g7h8,-69,21624,29412,1.1998161530063953,1.6312501539941877,7,False,14.177817348012468,g7h7,+79,-149,79,-149,0.627,0.04,228.0,228.0,0.587,0.587,False,False,False,2850,933,623,5564,45,27085,0,1,0,166752
validation_0314,3rr3/pp4k1/2p1pnp1/4b1q1/4PN1p/P2BQ1PP/1PP5/1K1R2R1 b - -,high_material_24_32+capture_rich,training/data/samples/lichess_validation_250k.csv,baseline,5,g7h8,-82,10302,39714,0.4897744979825802,2.121026051987428,7,False,14.177817348012468,g7h7,+79,-149,79,-149,0.627,0.04,228.0,228.0,0.587,0.587,False,False,False,2850,933,623,5564,45,27085,0,1,0,166752
validation_0314,3rr3/pp4k1/2p1pnp1/4b1q1/4PN1p/P2BQ1PP/1PP5/1K1R2R1 b - -,high_material_24_32+capture_rich,training/data/samples/lichess_validation_250k.csv,baseline,6,g7h7,-33,101350,141064,6.399754184007179,8.520782136009075,7,False,14.177817348012468,g7h7,+79,+79,79,79,0.627,0.627,0.0,0.0,0.0,0.0,False,False,False,2850,933,623,5564,45,27085,0,1,0,166752
validation_0314,3rr3/pp4k1/2p1pnp1/4b1q1/4PN1p/P2BQ1PP/1PP5/1K1R2R1 b - -,high_material_24_32+capture_rich,training/data/samples/lichess_validation_250k.csv,baseline,7,g7h7,-60,97279,238343,5.657031812996138,14.177815647999523,7,False,14.177817348012468,g7h7,+79,+79,79,79,0.627,0.627,0.0,0.0,0.0,0.0,False,False,False,2850,933,623,5564,45,27085,0,1,0,166752
validation_0314,3rr3/pp4k1/2p1pnp1/4b1q1/4PN1p/P2BQ1PP/1PP5/1K1R2R1 b - -,high_material_24_32+capture_rich,training/data/samples/lichess_validation_250k.csv,no_null,1,h4g3,-143,266,266,0.01629096601391211,0.01629246599623002,6,True,20.008545506978408,g7h7,+79,-589,79,-589,0.627,0.0,668.0,668.0,0.627,0.627,False,False,False,5307,0,0,6443,97,30443,0,1,0,223892
validation_0314,3rr3/pp4k1/2p1pnp1/4b1q1/4PN1p/P2BQ1PP/1PP5/1K1R2R1 b - -,high_material_24_32+capture_rich,training/data/samples/lichess_validation_250k.csv,no_null,2,g7g8,-109,2910,3176,0.17795935098547488,0.19425331699312665,6,True,20.008545506978408,g7h7,+79,-161,79,-161,0.627,0.0225,240.0,240.0,0.6045,0.6045,False,False,False,5307,0,0,6443,97,30443,0,1,0,223892
validation_0314,3rr3/pp4k1/2p1pnp1/4b1q1/4PN1p/P2BQ1PP/1PP5/1K1R2R1 b - -,high_material_24_32+capture_rich,training/data/samples/lichess_validation_250k.csv,no_null,3,g7g8,-119,4612,7788,0.23729603298124857,0.4315509499865584,6,True,20.008545506978408,g7h7,+79,-161,79,-161,0.627,0.0225,240.0,240.0,0.6045,0.6045,False,False,False,5307,0,0,6443,97,30443,0,1,0,223892
validation_0314,3rr3/pp4k1/2p1pnp1/4b1q1/4PN1p/P2BQ1PP/1PP5/1K1R2R1 b - -,high_material_24_32+capture_rich,training/data/samples/lichess_validation_250k.csv,no_null,4,g7h7,-52,47756,55544,2.540866292983992,2.9724185429804493,6,True,20.008545506978408,g7h7,+79,+79,79,79,0.627,0.627,0.0,0.0,0.0,0.0,False,False,False,5307,0,0,6443,97,30443,0,1,0,223892
validation_0314,3rr3/pp4k1/2p1pnp1/4b1q1/4PN1p/P2BQ1PP/1PP5/1K1R2R1 b - -,high_material_24_32+capture_rich,training/data/samples/lichess_validation_250k.csv,no_null,5,g7f7,-81,29533,85077,1.5175983769877348,4.490018619981129,6,True,20.008545506978408,g7h7,+79,-210,79,-210,0.627,0.002,289.0,289.0,0.625,0.625,False,False,False,5307,0,0,6443,97,30443,0,1,0,223892
validation_0314,3rr3/pp4k1/2p1pnp1/4b1q1/4PN1p/P2BQ1PP/1PP5/1K1R2R1 b - -,high_material_24_32+capture_rich,training/data/samples/lichess_validation_250k.csv,no_null,6,g7h7,-33,144715,229792,9.01329569099471,13.503315910988022,6,True,20.008545506978408,g7h7,+79,+79,79,79,0.627,0.627,0.0,0.0,0.0,0.0,False,False,False,5307,0,0,6443,97,30443,0,1,0,223892
validation_0314,3rr3/pp4k1/2p1pnp1/4b1q1/4PN1p/P2BQ1PP/1PP5/1K1R2R1 b - -,high_material_24_32+capture_rich,training/data/samples/lichess_validation_250k.csv,null_safe,1,h4g3,-143,266,266,0.01599757102667354,0.01599907097988762,6,True,20.00837529898854,g7h7,+79,-589,79,-589,0.627,0.0,668.0,668.0,0.627,0.627,False,False,False,4958,175,90,4895,98,20644,0,1,0,231968
validation_0314,3rr3/pp4k1/2p1pnp1/4b1q1/4PN1p/P2BQ1PP/1PP5/1K1R2R1 b - -,high_material_24_32+capture_rich,training/data/samples/lichess_validation_250k.csv,null_safe,2,g7g8,-109,2910,3176,0.17782214700127952,0.19382251799106598,6,True,20.00837529898854,g7h7,+79,-161,79,-161,0.627,0.0225,240.0,240.0,0.6045,0.6045,False,False,False,4958,175,90,4895,98,20644,0,1,0,231968
validation_0314,3rr3/pp4k1/2p1pnp1/4b1q1/4PN1p/P2BQ1PP/1PP5/1K1R2R1 b - -,high_material_24_32+capture_rich,training/data/samples/lichess_validation_250k.csv,null_safe,3,g7g8,-119,4612,7788,0.23759381801937707,0.4314176350017078,6,True,20.00837529898854,g7h7,+79,-161,79,-161,0.627,0.0225,240.0,240.0,0.6045,0.6045,False,False,False,4958,175,90,4895,98,20644,0,1,0,231968
validation_0314,3rr3/pp4k1/2p1pnp1/4b1q1/4PN1p/P2BQ1PP/1PP5/1K1R2R1 b - -,high_material_24_32+capture_rich,training/data/samples/lichess_validation_250k.csv,null_safe,4,g7h7,-52,47756,55544,2.5405383970064577,2.971957431989722,6,True,20.00837529898854,g7h7,+79,+79,79,79,0.627,0.627,0.0,0.0,0.0,0.0,False,False,False,4958,175,90,4895,98,20644,0,1,0,231968
validation_0314,3rr3/pp4k1/2p1pnp1/4b1q1/4PN1p/P2BQ1PP/1PP5/1K1R2R1 b - -,high_material_24_32+capture_rich,training/data/samples/lichess_validation_250k.csv,null_safe,5,g7f7,-81,20920,76464,1.0320176949899178,4.003976726991823,6,True,20.00837529898854,g7h7,+79,-210,79,-210,0.627,0.002,289.0,289.0,0.625,0.625,False,False,False,4958,175,90,4895,98,20644,0,1,0,231968
validation_0314,3rr3/pp4k1/2p1pnp1/4b1q1/4PN1p/P2BQ1PP/1PP5/1K1R2R1 b - -,high_material_24_32+capture_rich,training/data/samples/lichess_validation_250k.csv,null_safe,6,g7h7,-33,124691,201155,7.691323167993687,11.695301394996932,6,True,20.00837529898854,g7h7,+79,+79,79,79,0.627,0.627,0.0,0.0,0.0,0.0,False,False,False,4958,175,90,4895,98,20644,0,1,0,231968
validation_0314,3rr3/pp4k1/2p1pnp1/4b1q1/4PN1p/P2BQ1PP/1PP5/1K1R2R1 b - -,high_material_24_32+capture_rich,training/data/samples/lichess_validation_250k.csv,no_lmr,1,h4g3,-143,266,266,0.015754477004520595,0.015755576983792707,6,True,20.017532759986352,g7h7,+79,-589,79,-589,0.627,0.0,668.0,668.0,0.627,0.627,False,False,False,4809,1611,894,0,0,66764,0,2,0,220917
validation_0314,3rr3/pp4k1/2p1pnp1/4b1q1/4PN1p/P2BQ1PP/1PP5/1K1R2R1 b - -,high_material_24_32+capture_rich,training/data/samples/lichess_validation_250k.csv,no_lmr,2,g7g8,-109,2910,3176,0.1794786190148443,0.1952353960077744,6,True,20.017532759986352,g7h7,+79,-161,79,-161,0.627,0.0225,240.0,240.0,0.6045,0.6045,False,False,False,4809,1611,894,0,0,66764,0,2,0,220917
validation_0314,3rr3/pp4k1/2p1pnp1/4b1q1/4PN1p/P2BQ1PP/1PP5/1K1R2R1 b - -,high_material_24_32+capture_rich,training/data/samples/lichess_validation_250k.csv,no_lmr,3,g7g8,-119,4612,7788,0.23843301000306383,0.43366990599315614,6,True,20.017532759986352,g7h7,+79,-161,79,-161,0.627,0.0225,240.0,240.0,0.6045,0.6045,False,False,False,4809,1611,894,0,0,66764,0,2,0,220917
validation_0314,3rr3/pp4k1/2p1pnp1/4b1q1/4PN1p/P2BQ1PP/1PP5/1K1R2R1 b - -,high_material_24_32+capture_rich,training/data/samples/lichess_validation_250k.csv,no_lmr,4,g7h8,-69,21275,29063,1.1636454339895863,1.5973168399941642,6,True,20.017532759986352,g7h7,+79,-149,79,-149,0.627,0.04,228.0,228.0,0.587,0.587,False,False,False,4809,1611,894,0,0,66764,0,2,0,220917
validation_0314,3rr3/pp4k1/2p1pnp1/4b1q1/4PN1p/P2BQ1PP/1PP5/1K1R2R1 b - -,high_material_24_32+capture_rich,training/data/samples/lichess_validation_250k.csv,no_lmr,5,g7h8,-82,21600,50663,1.1584379409905523,2.755756180995377,6,True,20.017532759986352,g7h7,+79,-149,79,-149,0.627,0.04,228.0,228.0,0.587,0.587,False,False,False,4809,1611,894,0,0,66764,0,2,0,220917
validation_0314,3rr3/pp4k1/2p1pnp1/4b1q1/4PN1p/P2BQ1PP/1PP5/1K1R2R1 b - -,high_material_24_32+capture_rich,training/data/samples/lichess_validation_250k.csv,no_lmr,6,g7h7,-3,182202,232865,10.251279389980482,13.007037370989565,6,True,20.017532759986352,g7h7,+79,+79,79,79,0.627,0.627,0.0,0.0,0.0,0.0,False,False,False,4809,1611,894,0,0,66764,0,2,0,220917
validation_0314,3rr3/pp4k1/2p1pnp1/4b1q1/4PN1p/P2BQ1PP/1PP5/1K1R2R1 b - -,high_material_24_32+capture_rich,training/data/samples/lichess_validation_250k.csv,lmr_safe,1,h4g3,-143,266,266,0.015704176999861374,0.015705376979894936,7,False,17.008218506001867,g7h7,+79,-589,79,-589,0.627,0.0,668.0,668.0,0.627,0.627,False,False,False,2787,967,626,1645,11,99441,0,1,0,188958
validation_0314,3rr3/pp4k1/2p1pnp1/4b1q1/4PN1p/P2BQ1PP/1PP5/1K1R2R1 b - -,high_material_24_32+capture_rich,training/data/samples/lichess_validation_250k.csv,lmr_safe,2,g7g8,-109,2910,3176,0.17822163700475357,0.19392831399454735,7,False,17.008218506001867,g7h7,+79,-161,79,-161,0.627,0.0225,240.0,240.0,0.6045,0.6045,False,False,False,2787,967,626,1645,11,99441,0,1,0,188958
validation_0314,3rr3/pp4k1/2p1pnp1/4b1q1/4PN1p/P2BQ1PP/1PP5/1K1R2R1 b - -,high_material_24_32+capture_rich,training/data/samples/lichess_validation_250k.csv,lmr_safe,3,g7g8,-119,4612,7788,0.23860519600566477,0.4325352099840529,7,False,17.008218506001867,g7h7,+79,-161,79,-161,0.627,0.0225,240.0,240.0,0.6045,0.6045,False,False,False,2787,967,626,1645,11,99441,0,1,0,188958
validation_0314,3rr3/pp4k1/2p1pnp1/4b1q1/4PN1p/P2BQ1PP/1PP5/1K1R2R1 b - -,high_material_24_32+capture_rich,training/data/samples/lichess_validation_250k.csv,lmr_safe,4,g7h8,-69,21275,29063,1.1636747820011806,1.5962114919966552,7,False,17.008218506001867,g7h7,+79,-149,79,-149,0.627,0.04,228.0,228.0,0.587,0.587,False,False,False,2787,967,626,1645,11,99441,0,1,0,188958
validation_0314,3rr3/pp4k1/2p1pnp1/4b1q1/4PN1p/P2BQ1PP/1PP5/1K1R2R1 b - -,high_material_24_32+capture_rich,training/data/samples/lichess_validation_250k.csv,lmr_safe,5,g7h8,-82,15056,44119,0.6973356670059729,2.2935487589857075,7,False,17.008218506001867,g7h7,+79,-149,79,-149,0.627,0.04,228.0,228.0,0.587,0.587,False,False,False,2787,967,626,1645,11,99441,0,1,0,188958
validation_0314,3rr3/pp4k1/2p1pnp1/4b1q1/4PN1p/P2BQ1PP/1PP5/1K1R2R1 b - -,high_material_24_32+capture_rich,training/data/samples/lichess_validation_250k.csv,lmr_safe,6,g7h7,-33,114417,158536,6.872872056992492,9.166422615991905,7,False,17.008218506001867,g7h7,+79,+79,79,79,0.627,0.627,0.0,0.0,0.0,0.0,False,False,False,2787,967,626,1645,11,99441,0,1,0,188958
validation_0314,3rr3/pp4k1/2p1pnp1/4b1q1/4PN1p/P2BQ1PP/1PP5/1K1R2R1 b - -,high_material_24_32+capture_rich,training/data/samples/lichess_validation_250k.csv,lmr_safe,7,g7h7,-60,135747,294283,7.841791789978743,17.008216205984354,7,False,17.008218506001867,g7h7,+79,+79,79,79,0.627,0.627,0.0,0.0,0.0,0.0,False,False,False,2787,967,626,1645,11,99441,0,1,0,188958
validation_0314,3rr3/pp4k1/2p1pnp1/4b1q1/4PN1p/P2BQ1PP/1PP5/1K1R2R1 b - -,high_material_24_32+capture_rich,training/data/samples/lichess_validation_250k.csv,no_futility,1,h4g3,-143,266,266,0.015787177020683885,0.015788276999955997,7,False,15.577050207997672,g7h7,+79,-589,79,-589,0.627,0.0,668.0,668.0,0.627,0.627,False,False,False,2850,933,623,5561,45,0,0,1,0,193915
validation_0314,3rr3/pp4k1/2p1pnp1/4b1q1/4PN1p/P2BQ1PP/1PP5/1K1R2R1 b - -,high_material_24_32+capture_rich,training/data/samples/lichess_validation_250k.csv,no_futility,2,g7g8,-109,2910,3176,0.17686147202039137,0.19265114900190383,7,False,15.577050207997672,g7h7,+79,-161,79,-161,0.627,0.0225,240.0,240.0,0.6045,0.6045,False,False,False,2850,933,623,5561,45,0,0,1,0,193915
validation_0314,3rr3/pp4k1/2p1pnp1/4b1q1/4PN1p/P2BQ1PP/1PP5/1K1R2R1 b - -,high_material_24_32+capture_rich,training/data/samples/lichess_validation_250k.csv,no_futility,3,g7g8,-119,4812,7988,0.24452198500512168,0.43717473399010487,7,False,15.577050207997672,g7h7,+79,-161,79,-161,0.627,0.0225,240.0,240.0,0.6045,0.6045,False,False,False,2850,933,623,5561,45,0,0,1,0,193915
validation_0314,3rr3/pp4k1/2p1pnp1/4b1q1/4PN1p/P2BQ1PP/1PP5/1K1R2R1 b - -,high_material_24_32+capture_rich,training/data/samples/lichess_validation_250k.csv,no_futility,4,g7h8,-69,21624,29612,1.1855090860044584,1.6226851199753582,7,False,15.577050207997672,g7h7,+79,-149,79,-149,0.627,0.04,228.0,228.0,0.587,0.587,False,False,False,2850,933,623,5561,45,0,0,1,0,193915
validation_0314,3rr3/pp4k1/2p1pnp1/4b1q1/4PN1p/P2BQ1PP/1PP5/1K1R2R1 b - -,high_material_24_32+capture_rich,training/data/samples/lichess_validation_250k.csv,no_futility,5,g7h8,-82,12722,42334,0.5657189970079344,2.1884056169947144,7,False,15.577050207997672,g7h7,+79,-149,79,-149,0.627,0.04,228.0,228.0,0.587,0.587,False,False,False,2850,933,623,5561,45,0,0,1,0,193915
validation_0314,3rr3/pp4k1/2p1pnp1/4b1q1/4PN1p/P2BQ1PP/1PP5/1K1R2R1 b - -,high_material_24_32+capture_rich,training/data/samples/lichess_validation_250k.csv,no_futility,6,g7h7,-33,125928,168262,6.951020344014978,9.139427560992772,7,False,15.577050207997672,g7h7,+79,+79,79,79,0.627,0.627,0.0,0.0,0.0,0.0,False,False,False,2850,933,623,5561,45,0,0,1,0,193915
validation_0314,3rr3/pp4k1/2p1pnp1/4b1q1/4PN1p/P2BQ1PP/1PP5/1K1R2R1 b - -,high_material_24_32+capture_rich,training/data/samples/lichess_validation_250k.csv,no_futility,7,g7h7,-60,124416,292678,6.437619046977488,15.577048107981682,7,False,15.577050207997672,g7h7,+79,+79,79,79,0.627,0.627,0.0,0.0,0.0,0.0,False,False,False,2850,933,623,5561,45,0,0,1,0,193915
validation_0314,3rr3/pp4k1/2p1pnp1/4b1q1/4PN1p/P2BQ1PP/1PP5/1K1R2R1 b - -,high_material_24_32+capture_rich,training/data/samples/lichess_validation_250k.csv,capture_material_order,1,h4g3,-143,232,232,0.014700199972139671,0.014701499982038513,7,False,15.636553193995496,g7h7,+79,-589,79,-589,0.627,0.0,668.0,668.0,0.627,0.627,False,False,False,2365,925,629,5170,40,21283,0,1,207879,194930
validation_0314,3rr3/pp4k1/2p1pnp1/4b1q1/4PN1p/P2BQ1PP/1PP5/1K1R2R1 b - -,high_material_24_32+capture_rich,training/data/samples/lichess_validation_250k.csv,capture_material_order,2,g7g8,-109,3023,3255,0.18612499101436697,0.20082779100630432,7,False,15.636553193995496,g7h7,+79,-161,79,-161,0.627,0.0225,240.0,240.0,0.6045,0.6045,False,False,False,2365,925,629,5170,40,21283,0,1,207879,194930
validation_0314,3rr3/pp4k1/2p1pnp1/4b1q1/4PN1p/P2BQ1PP/1PP5/1K1R2R1 b - -,high_material_24_32+capture_rich,training/data/samples/lichess_validation_250k.csv,capture_material_order,3,g7g8,-119,4215,7470,0.20264165301341563,0.40347094400203787,7,False,15.636553193995496,g7h7,+79,-161,79,-161,0.627,0.0225,240.0,240.0,0.6045,0.6045,False,False,False,2365,925,629,5170,40,21283,0,1,207879,194930
validation_0314,3rr3/pp4k1/2p1pnp1/4b1q1/4PN1p/P2BQ1PP/1PP5/1K1R2R1 b - -,high_material_24_32+capture_rich,training/data/samples/lichess_validation_250k.csv,capture_material_order,4,g7h8,-69,20464,27934,1.129797382018296,1.5332700260041747,7,False,15.636553193995496,g7h7,+79,-149,79,-149,0.627,0.04,228.0,228.0,0.587,0.587,False,False,False,2365,925,629,5170,40,21283,0,1,207879,194930
validation_0314,3rr3/pp4k1/2p1pnp1/4b1q1/4PN1p/P2BQ1PP/1PP5/1K1R2R1 b - -,high_material_24_32+capture_rich,training/data/samples/lichess_validation_250k.csv,capture_material_order,5,g7h8,-82,11985,39919,0.5728426779969595,2.106114403984975,7,False,15.636553193995496,g7h7,+79,-149,79,-149,0.627,0.04,228.0,228.0,0.587,0.587,False,False,False,2365,925,629,5170,40,21283,0,1,207879,194930
validation_0314,3rr3/pp4k1/2p1pnp1/4b1q1/4PN1p/P2BQ1PP/1PP5/1K1R2R1 b - -,high_material_24_32+capture_rich,training/data/samples/lichess_validation_250k.csv,capture_material_order,6,g7h7,-33,127156,167075,7.893459212995367,9.999575416994048,7,False,15.636553193995496,g7h7,+79,+79,79,79,0.627,0.627,0.0,0.0,0.0,0.0,False,False,False,2365,925,629,5170,40,21283,0,1,207879,194930
validation_0314,3rr3/pp4k1/2p1pnp1/4b1q1/4PN1p/P2BQ1PP/1PP5/1K1R2R1 b - -,high_material_24_32+capture_rich,training/data/samples/lichess_validation_250k.csv,capture_material_order,7,g7h7,-60,97828,264903,5.636974077002378,15.636550894007087,7,False,15.636553193995496,g7h7,+79,+79,79,79,0.627,0.627,0.0,0.0,0.0,0.0,False,False,False,2365,925,629,5170,40,21283,0,1,207879,194930
validation_0314,3rr3/pp4k1/2p1pnp1/4b1q1/4PN1p/P2BQ1PP/1PP5/1K1R2R1 b - -,high_material_24_32+capture_rich,training/data/samples/lichess_validation_250k.csv,no_aspiration,1,h4g3,-143,266,266,0.015994871995644644,0.015995972004020587,7,False,18.892204755014973,g7h7,+79,-589,79,-589,0.627,0.0,668.0,668.0,0.627,0.627,False,False,False,3270,953,615,6700,77,34076,0,0,0,221309
validation_0314,3rr3/pp4k1/2p1pnp1/4b1q1/4PN1p/P2BQ1PP/1PP5/1K1R2R1 b - -,high_material_24_32+capture_rich,training/data/samples/lichess_validation_250k.csv,no_aspiration,2,g7g8,-109,2910,3176,0.178943631995935,0.19494060400757007,7,False,18.892204755014973,g7h7,+79,-161,79,-161,0.627,0.0225,240.0,240.0,0.6045,0.6045,False,False,False,3270,953,615,6700,77,34076,0,0,0,221309
validation_0314,3rr3/pp4k1/2p1pnp1/4b1q1/4PN1p/P2BQ1PP/1PP5/1K1R2R1 b - -,high_material_24_32+capture_rich,training/data/samples/lichess_validation_250k.csv,no_aspiration,3,g7g8,-119,4612,7788,0.23764662697794847,0.43258863099617884,7,False,18.892204755014973,g7h7,+79,-161,79,-161,0.627,0.0225,240.0,240.0,0.6045,0.6045,False,False,False,3270,953,615,6700,77,34076,0,0,0,221309
validation_0314,3rr3/pp4k1/2p1pnp1/4b1q1/4PN1p/P2BQ1PP/1PP5/1K1R2R1 b - -,high_material_24_32+capture_rich,training/data/samples/lichess_validation_250k.csv,no_aspiration,4,g7h8,-54,27337,35125,1.5351325270021334,1.967722858011257,7,False,18.892204755014973,g7h7,+79,-149,79,-149,0.627,0.04,228.0,228.0,0.587,0.587,False,False,False,3270,953,615,6700,77,34076,0,0,0,221309
validation_0314,3rr3/pp4k1/2p1pnp1/4b1q1/4PN1p/P2BQ1PP/1PP5/1K1R2R1 b - -,high_material_24_32+capture_rich,training/data/samples/lichess_validation_250k.csv,no_aspiration,5,g7h8,-82,9615,44740,0.44643424698733725,2.414158405008493,7,False,18.892204755014973,g7h7,+79,-149,79,-149,0.627,0.04,228.0,228.0,0.587,0.587,False,False,False,3270,953,615,6700,77,34076,0,0,0,221309
validation_0314,3rr3/pp4k1/2p1pnp1/4b1q1/4PN1p/P2BQ1PP/1PP5/1K1R2R1 b - -,high_material_24_32+capture_rich,training/data/samples/lichess_validation_250k.csv,no_aspiration,6,g7h7,-33,126032,170772,7.771619159990223,10.1857791650109,7,False,18.892204755014973,g7h7,+79,+79,79,79,0.627,0.627,0.0,0.0,0.0,0.0,False,False,False,3270,953,615,6700,77,34076,0,0,0,221309
validation_0314,3rr3/pp4k1/2p1pnp1/4b1q1/4PN1p/P2BQ1PP/1PP5/1K1R2R1 b - -,high_material_24_32+capture_rich,training/data/samples/lichess_validation_250k.csv,no_aspiration,7,g7h7,-60,141017,311789,8.7064218899759,18.892202855000505,7,False,18.892204755014973,g7h7,+79,+79,79,79,0.627,0.627,0.0,0.0,0.0,0.0,False,False,False,3270,953,615,6700,77,34076,0,0,0,221309
validation_0314,3rr3/pp4k1/2p1pnp1/4b1q1/4PN1p/P2BQ1PP/1PP5/1K1R2R1 b - -,high_material_24_32+capture_rich,training/data/samples/lichess_validation_250k.csv,no_pvs,1,h4g3,-143,238,238,0.014843395008938387,0.014844595018075779,7,False,15.344998066022526,g7h7,+79,-589,79,-589,0.627,0.0,668.0,668.0,0.627,0.627,False,False,False,2646,970,675,5570,46,26818,0,1,0,178155
validation_0314,3rr3/pp4k1/2p1pnp1/4b1q1/4PN1p/P2BQ1PP/1PP5/1K1R2R1 b - -,high_material_24_32+capture_rich,training/data/samples/lichess_validation_250k.csv,no_pvs,2,g7g8,-109,3455,3693,0.23366200900636613,0.24850790400523692,7,False,15.344998066022526,g7h7,+79,-161,79,-161,0.627,0.0225,240.0,240.0,0.6045,0.6045,False,False,False,2646,970,675,5570,46,26818,0,1,0,178155
validation_0314,3rr3/pp4k1/2p1pnp1/4b1q1/4PN1p/P2BQ1PP/1PP5/1K1R2R1 b - -,high_material_24_32+capture_rich,training/data/samples/lichess_validation_250k.csv,no_pvs,3,g7g8,-119,4959,8652,0.265572454984067,0.5140816589992028,7,False,15.344998066022526,g7h7,+79,-161,79,-161,0.627,0.0225,240.0,240.0,0.6045,0.6045,False,False,False,2646,970,675,5570,46,26818,0,1,0,178155
validation_0314,3rr3/pp4k1/2p1pnp1/4b1q1/4PN1p/P2BQ1PP/1PP5/1K1R2R1 b - -,high_material_24_32+capture_rich,training/data/samples/lichess_validation_250k.csv,no_pvs,4,g7h8,-69,17077,25729,1.0116599579923786,1.5257431170030031,7,False,15.344998066022526,g7h7,+79,-149,79,-149,0.627,0.04,228.0,228.0,0.587,0.587,False,False,False,2646,970,675,5570,46,26818,0,1,0,178155
validation_0314,3rr3/pp4k1/2p1pnp1/4b1q1/4PN1p/P2BQ1PP/1PP5/1K1R2R1 b - -,high_material_24_32+capture_rich,training/data/samples/lichess_validation_250k.csv,no_pvs,5,g7h8,-82,10500,36229,0.49943795599392615,2.025182573008351,7,False,15.344998066022526,g7h7,+79,-149,79,-149,0.627,0.04,228.0,228.0,0.587,0.587,False,False,False,2646,970,675,5570,46,26818,0,1,0,178155
validation_0314,3rr3/pp4k1/2p1pnp1/4b1q1/4PN1p/P2BQ1PP/1PP5/1K1R2R1 b - -,high_material_24_32+capture_rich,training/data/samples/lichess_validation_250k.csv,no_pvs,6,g7h7,-33,93117,129346,6.011324469989631,8.036509143013973,7,False,15.344998066022526,g7h7,+79,+79,79,79,0.627,0.627,0.0,0.0,0.0,0.0,False,False,False,2646,970,675,5570,46,26818,0,1,0,178155
validation_0314,3rr3/pp4k1/2p1pnp1/4b1q1/4PN1p/P2BQ1PP/1PP5/1K1R2R1 b - -,high_material_24_32+capture_rich,training/data/samples/lichess_validation_250k.csv,no_pvs,7,g7h7,-60,121072,250418,7.308484922978096,15.344995766005013,7,False,15.344998066022526,g7h7,+79,+79,79,79,0.627,0.627,0.0,0.0,0.0,0.0,False,False,False,2646,970,675,5570,46,26818,0,1,0,178155
validation_0314,3rr3/pp4k1/2p1pnp1/4b1q1/4PN1p/P2BQ1PP/1PP5/1K1R2R1 b - -,high_material_24_32+capture_rich,training/data/samples/lichess_validation_250k.csv,no_null_no_lmr,1,h4g3,-143,266,266,0.016231565998168662,0.016232766007306054,5,True,20.002479592018062,g7h7,+79,-589,79,-589,0.627,0.0,668.0,668.0,0.627,0.627,False,False,False,5547,0,0,0,0,41385,0,2,0,219303
validation_0314,3rr3/pp4k1/2p1pnp1/4b1q1/4PN1p/P2BQ1PP/1PP5/1K1R2R1 b - -,high_material_24_32+capture_rich,training/data/samples/lichess_validation_250k.csv,no_null_no_lmr,2,g7g8,-109,2910,3176,0.18025949099683203,0.19649345701327547,5,True,20.002479592018062,g7h7,+79,-161,79,-161,0.627,0.0225,240.0,240.0,0.6045,0.6045,False,False,False,5547,0,0,0,0,41385,0,2,0,219303
validation_0314,3rr3/pp4k1/2p1pnp1/4b1q1/4PN1p/P2BQ1PP/1PP5/1K1R2R1 b - -,high_material_24_32+capture_rich,training/data/samples/lichess_validation_250k.csv,no_null_no_lmr,3,g7g8,-119,4612,7788,0.2395548710192088,0.4360496280132793,5,True,20.002479592018062,g7h7,+79,-161,79,-161,0.627,0.0225,240.0,240.0,0.6045,0.6045,False,False,False,5547,0,0,0,0,41385,0,2,0,219303
validation_0314,3rr3/pp4k1/2p1pnp1/4b1q1/4PN1p/P2BQ1PP/1PP5/1K1R2R1 b - -,high_material_24_32+capture_rich,training/data/samples/lichess_validation_250k.csv,no_null_no_lmr,4,g7h7,-52,43493,51281,2.367360517004272,2.8034115449991077,5,True,20.002479592018062,g7h7,+79,+79,79,79,0.627,0.627,0.0,0.0,0.0,0.0,False,False,False,5547,0,0,0,0,41385,0,2,0,219303
validation_0314,3rr3/pp4k1/2p1pnp1/4b1q1/4PN1p/P2BQ1PP/1PP5/1K1R2R1 b - -,high_material_24_32+capture_rich,training/data/samples/lichess_validation_250k.csv,no_null_no_lmr,5,g7f7,-81,66748,118029,3.574374091986101,6.3777873369981535,5,True,20.002479592018062,g7h7,+79,-210,79,-210,0.627,0.002,289.0,289.0,0.625,0.625,False,False,False,5547,0,0,0,0,41385,0,2,0,219303
validation_0314,3rr3/pp4k1/2p1pnp1/4b1q1/4PN1p/P2BQ1PP/1PP5/1K1R2R1 b - -,high_material_24_32+capture_rich,training/data/samples/lichess_validation_250k.csv,no_null_no_futility,1,h4g3,-143,266,266,0.015810376004083082,0.015811575984116644,6,True,20.006851946003735,g7h7,+79,-589,79,-589,0.627,0.0,668.0,668.0,0.627,0.627,False,False,False,4675,0,0,5397,96,0,0,1,0,239094
validation_0314,3rr3/pp4k1/2p1pnp1/4b1q1/4PN1p/P2BQ1PP/1PP5/1K1R2R1 b - -,high_material_24_32+capture_rich,training/data/samples/lichess_validation_250k.csv,no_null_no_futility,2,g7g8,-109,2910,3176,0.17789725100737996,0.19371012700139545,6,True,20.006851946003735,g7h7,+79,-161,79,-161,0.627,0.0225,240.0,240.0,0.6045,0.6045,False,False,False,4675,0,0,5397,96,0,0,1,0,239094
validation_0314,3rr3/pp4k1/2p1pnp1/4b1q1/4PN1p/P2BQ1PP/1PP5/1K1R2R1 b - -,high_material_24_32+capture_rich,training/data/samples/lichess_validation_250k.csv,no_null_no_futility,3,g7g8,-119,4812,7988,0.24642114600283094,0.4401325729850214,6,True,20.006851946003735,g7h7,+79,-161,79,-161,0.627,0.0225,240.0,240.0,0.6045,0.6045,False,False,False,4675,0,0,5397,96,0,0,1,0,239094
validation_0314,3rr3/pp4k1/2p1pnp1/4b1q1/4PN1p/P2BQ1PP/1PP5/1K1R2R1 b - -,high_material_24_32+capture_rich,training/data/samples/lichess_validation_250k.csv,no_null_no_futility,4,g7h7,-52,47756,55744,2.5108045040105935,2.9509387769794557,6,True,20.006851946003735,g7h7,+79,+79,79,79,0.627,0.627,0.0,0.0,0.0,0.0,False,False,False,4675,0,0,5397,96,0,0,1,0,239094
validation_0314,3rr3/pp4k1/2p1pnp1/4b1q1/4PN1p/P2BQ1PP/1PP5/1K1R2R1 b - -,high_material_24_32+capture_rich,training/data/samples/lichess_validation_250k.csv,no_null_no_futility,5,g7f7,-81,36209,91953,1.720108020992484,4.671048597985646,6,True,20.006851946003735,g7h7,+79,-210,79,-210,0.627,0.002,289.0,289.0,0.625,0.625,False,False,False,4675,0,0,5397,96,0,0,1,0,239094
validation_0314,3rr3/pp4k1/2p1pnp1/4b1q1/4PN1p/P2BQ1PP/1PP5/1K1R2R1 b - -,high_material_24_32+capture_rich,training/data/samples/lichess_validation_250k.csv,no_null_no_futility,6,g7h7,-33,173879,265832,9.593819942994742,14.26487004099181,6,True,20.006851946003735,g7h7,+79,+79,79,79,0.627,0.627,0.0,0.0,0.0,0.0,False,False,False,4675,0,0,5397,96,0,0,1,0,239094
validation_0314,3rr3/pp4k1/2p1pnp1/4b1q1/4PN1p/P2BQ1PP/1PP5/1K1R2R1 b - -,high_material_24_32+capture_rich,training/data/samples/lichess_validation_250k.csv,no_lmr_no_futility,1,h4g3,-143,266,266,0.016121268999995664,0.016122568980790675,6,True,20.008798025985016,g7h7,+79,-589,79,-589,0.627,0.0,668.0,668.0,0.627,0.627,False,False,False,3178,1093,640,0,0,0,0,2,0,256885
validation_0314,3rr3/pp4k1/2p1pnp1/4b1q1/4PN1p/P2BQ1PP/1PP5/1K1R2R1 b - -,high_material_24_32+capture_rich,training/data/samples/lichess_validation_250k.csv,no_lmr_no_futility,2,g7g8,-109,2910,3176,0.1788661280006636,0.194990196992876,6,True,20.008798025985016,g7h7,+79,-161,79,-161,0.627,0.0225,240.0,240.0,0.6045,0.6045,False,False,False,3178,1093,640,0,0,0,0,2,0,256885
validation_0314,3rr3/pp4k1/2p1pnp1/4b1q1/4PN1p/P2BQ1PP/1PP5/1K1R2R1 b - -,high_material_24_32+capture_rich,training/data/samples/lichess_validation_250k.csv,no_lmr_no_futility,3,g7g8,-119,4812,7988,0.24490987200988457,0.43990156799554825,6,True,20.008798025985016,g7h7,+79,-161,79,-161,0.627,0.0225,240.0,240.0,0.6045,0.6045,False,False,False,3178,1093,640,0,0,0,0,2,0,256885
validation_0314,3rr3/pp4k1/2p1pnp1/4b1q1/4PN1p/P2BQ1PP/1PP5/1K1R2R1 b - -,high_material_24_32+capture_rich,training/data/samples/lichess_validation_250k.csv,no_lmr_no_futility,4,g7h8,-69,21917,29905,1.1695163850090466,1.6094194529869128,6,True,20.008798025985016,g7h7,+79,-149,79,-149,0.627,0.04,228.0,228.0,0.587,0.587,False,False,False,3178,1093,640,0,0,0,0,2,0,256885
validation_0314,3rr3/pp4k1/2p1pnp1/4b1q1/4PN1p/P2BQ1PP/1PP5/1K1R2R1 b - -,high_material_24_32+capture_rich,training/data/samples/lichess_validation_250k.csv,no_lmr_no_futility,5,g7h8,-82,33056,62961,1.497168778005289,3.1065897310036235,6,True,20.008798025985016,g7h7,+79,-149,79,-149,0.627,0.04,228.0,228.0,0.587,0.587,False,False,False,3178,1093,640,0,0,0,0,2,0,256885
validation_0314,3rr3/pp4k1/2p1pnp1/4b1q1/4PN1p/P2BQ1PP/1PP5/1K1R2R1 b - -,high_material_24_32+capture_rich,training/data/samples/lichess_validation_250k.csv,no_lmr_no_futility,6,g7h7,-3,284330,347291,12.891275246016448,15.99786677697557,6,True,20.008798025985016,g7h7,+79,+79,79,79,0.627,0.627,0.0,0.0,0.0,0.0,False,False,False,3178,1093,640,0,0,0,0,2,0,256885
validation_0314,3rr3/pp4k1/2p1pnp1/4b1q1/4PN1p/P2BQ1PP/1PP5/1K1R2R1 b - -,high_material_24_32+capture_rich,training/data/samples/lichess_validation_250k.csv,no_selectivity,1,h4g3,-143,266,266,0.015954371978295967,0.01595567198819481,5,True,20.0019515370077,g7h7,+79,-589,79,-589,0.627,0.0,668.0,668.0,0.627,0.627,False,False,False,5482,0,0,0,0,0,0,2,0,241316
validation_0314,3rr3/pp4k1/2p1pnp1/4b1q1/4PN1p/P2BQ1PP/1PP5/1K1R2R1 b - -,high_material_24_32+capture_rich,training/data/samples/lichess_validation_250k.csv,no_selectivity,2,g7g8,-109,2910,3176,0.17617878800956532,0.19213566000689752,5,True,20.0019515370077,g7h7,+79,-161,79,-161,0.627,0.0225,240.0,240.0,0.6045,0.6045,False,False,False,5482,0,0,0,0,0,0,2,0,241316
validation_0314,3rr3/pp4k1/2p1pnp1/4b1q1/4PN1p/P2BQ1PP/1PP5/1K1R2R1 b - -,high_material_24_32+capture_rich,training/data/samples/lichess_validation_250k.csv,no_selectivity,3,g7g8,-119,4812,7988,0.24423719101469032,0.4363746510061901,5,True,20.0019515370077,g7h7,+79,-161,79,-161,0.627,0.0225,240.0,240.0,0.6045,0.6045,False,False,False,5482,0,0,0,0,0,0,2,0,241316
validation_0314,3rr3/pp4k1/2p1pnp1/4b1q1/4PN1p/P2BQ1PP/1PP5/1K1R2R1 b - -,high_material_24_32+capture_rich,training/data/samples/lichess_validation_250k.csv,no_selectivity,4,g7h7,-52,44425,52413,2.3508534920110833,2.7872296429995913,5,True,20.0019515370077,g7h7,+79,+79,79,79,0.627,0.627,0.0,0.0,0.0,0.0,False,False,False,5482,0,0,0,0,0,0,2,0,241316
validation_0314,3rr3/pp4k1/2p1pnp1/4b1q1/4PN1p/P2BQ1PP/1PP5/1K1R2R1 b - -,high_material_24_32+capture_rich,training/data/samples/lichess_validation_250k.csv,no_selectivity,5,g7f7,-81,90126,142539,4.234432699973695,7.021664142986992,5,True,20.0019515370077,g7h7,+79,-210,79,-210,0.627,0.002,289.0,289.0,0.625,0.625,False,False,False,5482,0,0,0,0,0,0,2,0,241316
validation_0384,r1bq1rk1/3nbpp1/2p1pn1p/1p2B1N1/p2P2N1/6PB/P1Q1PP1P/R2R2K1 w - -,high_material_24_32+capture_rich,training/data/samples/lichess_validation_250k.csv,baseline,1,g4h6,96,319,319,0.020875472022453323,0.020876672002486885,6,True,20.01936932298122,g4h6,+45,+45,45,45,0.5525,0.5525,0.0,0.0,0.0,0.0,False,False,False,3778,1536,974,7434,27,36718,0,0,0,229264
validation_0384,r1bq1rk1/3nbpp1/2p1pn1p/1p2B1N1/p2P2N1/6PB/P1Q1PP1P/R2R2K1 w - -,high_material_24_32+capture_rich,training/data/samples/lichess_validation_250k.csv,baseline,2,g5f7,104,1154,1473,0.07228461801423691,0.09316268999828026,6,True,20.01936932298122,g4h6,+45,-262,45,-262,0.5525,0.001,307.0,307.0,0.5515,0.5515,False,False,False,3778,1536,974,7434,27,36718,0,0,0,229264
validation_0384,r1bq1rk1/3nbpp1/2p1pn1p/1p2B1N1/p2P2N1/6PB/P1Q1PP1P/R2R2K1 w - -,high_material_24_32+capture_rich,training/data/samples/lichess_validation_250k.csv,baseline,3,g5f7,93,4512,5985,0.20912961298017763,0.3022932029853109,6,True,20.01936932298122,g4h6,+45,-262,45,-262,0.5525,0.001,307.0,307.0,0.5515,0.5515,False,False,False,3778,1536,974,7434,27,36718,0,0,0,229264
validation_0384,r1bq1rk1/3nbpp1/2p1pn1p/1p2B1N1/p2P2N1/6PB/P1Q1PP1P/R2R2K1 w - -,high_material_24_32+capture_rich,training/data/samples/lichess_validation_250k.csv,baseline,4,g5f7,93,15452,21437,1.085746538999956,1.3880414419982117,6,True,20.01936932298122,g4h6,+45,-262,45,-262,0.5525,0.001,307.0,307.0,0.5515,0.5515,False,False,False,3778,1536,974,7434,27,36718,0,0,0,229264
validation_0384,r1bq1rk1/3nbpp1/2p1pn1p/1p2B1N1/p2P2N1/6PB/P1Q1PP1P/R2R2K1 w - -,high_material_24_32+capture_rich,training/data/samples/lichess_validation_250k.csv,baseline,5,g5f7,75,27820,49257,1.4150967860186938,2.803139827999985,6,True,20.01936932298122,g4h6,+45,-262,45,-262,0.5525,0.001,307.0,307.0,0.5515,0.5515,False,False,False,3778,1536,974,7434,27,36718,0,0,0,229264
validation_0384,r1bq1rk1/3nbpp1/2p1pn1p/1p2B1N1/p2P2N1/6PB/P1Q1PP1P/R2R2K1 w - -,high_material_24_32+capture_rich,training/data/samples/lichess_validation_250k.csv,baseline,6,g5f7,75,83222,132479,5.315883709001355,8.119025136984419,6,True,20.01936932298122,g4h6,+45,-262,45,-262,0.5525,0.001,307.0,307.0,0.5515,0.5515,False,False,False,3778,1536,974,7434,27,36718,0,0,0,229264
validation_0384,r1bq1rk1/3nbpp1/2p1pn1p/1p2B1N1/p2P2N1/6PB/P1Q1PP1P/R2R2K1 w - -,high_material_24_32+capture_rich,training/data/samples/lichess_validation_250k.csv,no_null,1,g4h6,96,319,319,0.021008170006098226,0.021009469986893237,6,True,20.00052075399435,g4h6,+45,+45,45,45,0.5525,0.5525,0.0,0.0,0.0,0.0,False,False,False,6685,0,0,6574,27,39350,0,0,0,225556
validation_0384,r1bq1rk1/3nbpp1/2p1pn1p/1p2B1N1/p2P2N1/6PB/P1Q1PP1P/R2R2K1 w - -,high_material_24_32+capture_rich,training/data/samples/lichess_validation_250k.csv,no_null,2,g5f7,104,1154,1473,0.07156083500012755,0.09257130499463528,6,True,20.00052075399435,g4h6,+45,-262,45,-262,0.5525,0.001,307.0,307.0,0.5515,0.5515,False,False,False,6685,0,0,6574,27,39350,0,0,0,225556
validation_0384,r1bq1rk1/3nbpp1/2p1pn1p/1p2B1N1/p2P2N1/6PB/P1Q1PP1P/R2R2K1 w - -,high_material_24_32+capture_rich,training/data/samples/lichess_validation_250k.csv,no_null,3,g5f7,93,4512,5985,0.20158537299721502,0.2941578780009877,6,True,20.00052075399435,g4h6,+45,-262,45,-262,0.5525,0.001,307.0,307.0,0.5515,0.5515,False,False,False,6685,0,0,6574,27,39350,0,0,0,225556
validation_0384,r1bq1rk1/3nbpp1/2p1pn1p/1p2B1N1/p2P2N1/6PB/P1Q1PP1P/R2R2K1 w - -,high_material_24_32+capture_rich,training/data/samples/lichess_validation_250k.csv,no_null,4,g5f7,93,19651,25636,1.3096313860150985,1.6037906639976427,6,True,20.00052075399435,g4h6,+45,-262,45,-262,0.5525,0.001,307.0,307.0,0.5515,0.5515,False,False,False,6685,0,0,6574,27,39350,0,0,0,225556
validation_0384,r1bq1rk1/3nbpp1/2p1pn1p/1p2B1N1/p2P2N1/6PB/P1Q1PP1P/R2R2K1 w - -,high_material_24_32+capture_rich,training/data/samples/lichess_validation_250k.csv,no_null,5,g5f7,75,33098,58734,1.6178173769731075,3.221609340980649,6,True,20.00052075399435,g4h6,+45,-262,45,-262,0.5525,0.001,307.0,307.0,0.5515,0.5515,False,False,False,6685,0,0,6574,27,39350,0,0,0,225556
validation_0384,r1bq1rk1/3nbpp1/2p1pn1p/1p2B1N1/p2P2N1/6PB/P1Q1PP1P/R2R2K1 w - -,high_material_24_32+capture_rich,training/data/samples/lichess_validation_250k.csv,no_null,6,g5f7,75,109899,168633,7.281008215999464,10.502619356993819,6,True,20.00052075399435,g4h6,+45,-262,45,-262,0.5525,0.001,307.0,307.0,0.5515,0.5515,False,False,False,6685,0,0,6574,27,39350,0,0,0,225556
validation_0384,r1bq1rk1/3nbpp1/2p1pn1p/1p2B1N1/p2P2N1/6PB/P1Q1PP1P/R2R2K1 w - -,high_material_24_32+capture_rich,training/data/samples/lichess_validation_250k.csv,null_safe,1,g4h6,96,319,319,0.020818273012991995,0.020819572993787006,6,True,20.011197789979633,g4h6,+45,+45,45,45,0.5525,0.5525,0.0,0.0,0.0,0.0,False,False,False,5208,151,61,4908,27,30875,0,0,0,227525
validation_0384,r1bq1rk1/3nbpp1/2p1pn1p/1p2B1N1/p2P2N1/6PB/P1Q1PP1P/R2R2K1 w - -,high_material_24_32+capture_rich,training/data/samples/lichess_validation_250k.csv,null_safe,2,g5f7,104,1154,1473,0.07246651398600079,0.09328758699120954,6,True,20.011197789979633,g4h6,+45,-262,45,-262,0.5525,0.001,307.0,307.0,0.5515,0.5515,False,False,False,5208,151,61,4908,27,30875,0,0,0,227525
validation_0384,r1bq1rk1/3nbpp1/2p1pn1p/1p2B1N1/p2P2N1/6PB/P1Q1PP1P/R2R2K1 w - -,high_material_24_32+capture_rich,training/data/samples/lichess_validation_250k.csv,null_safe,3,g5f7,93,4512,5985,0.20504469599109143,0.29833328298991546,6,True,20.011197789979633,g4h6,+45,-262,45,-262,0.5525,0.001,307.0,307.0,0.5515,0.5515,False,False,False,5208,151,61,4908,27,30875,0,0,0,227525
validation_0384,r1bq1rk1/3nbpp1/2p1pn1p/1p2B1N1/p2P2N1/6PB/P1Q1PP1P/R2R2K1 w - -,high_material_24_32+capture_rich,training/data/samples/lichess_validation_250k.csv,null_safe,4,g5f7,93,19651,25636,1.313156974996673,1.6114917579980101,6,True,20.011197789979633,g4h6,+45,-262,45,-262,0.5525,0.001,307.0,307.0,0.5515,0.5515,False,False,False,5208,151,61,4908,27,30875,0,0,0,227525
validation_0384,r1bq1rk1/3nbpp1/2p1pn1p/1p2B1N1/p2P2N1/6PB/P1Q1PP1P/R2R2K1 w - -,high_material_24_32+capture_rich,training/data/samples/lichess_validation_250k.csv,null_safe,5,g5f7,75,27806,53442,1.4321149360039271,3.0436080939834937,6,True,20.011197789979633,g4h6,+45,-262,45,-262,0.5525,0.001,307.0,307.0,0.5515,0.5515,False,False,False,5208,151,61,4908,27,30875,0,0,0,227525
validation_0384,r1bq1rk1/3nbpp1/2p1pn1p/1p2B1N1/p2P2N1/6PB/P1Q1PP1P/R2R2K1 w - -,high_material_24_32+capture_rich,training/data/samples/lichess_validation_250k.csv,null_safe,6,g5f7,75,98825,152267,6.518017207010416,9.561626800976228,6,True,20.011197789979633,g4h6,+45,-262,45,-262,0.5525,0.001,307.0,307.0,0.5515,0.5515,False,False,False,5208,151,61,4908,27,30875,0,0,0,227525
validation_0384,r1bq1rk1/3nbpp1/2p1pn1p/1p2B1N1/p2P2N1/6PB/P1Q1PP1P/R2R2K1 w - -,high_material_24_32+capture_rich,training/data/samples/lichess_validation_250k.csv,no_lmr,1,g4h6,96,319,319,0.02094837202457711,0.020949572004610673,6,True,20.00756457800162,g4h6,+45,+45,45,45,0.5525,0.5525,0.0,0.0,0.0,0.0,False,False,False,2104,2091,1639,0,0,57708,0,0,0,226619
validation_0384,r1bq1rk1/3nbpp1/2p1pn1p/1p2B1N1/p2P2N1/6PB/P1Q1PP1P/R2R2K1 w - -,high_material_24_32+capture_rich,training/data/samples/lichess_validation_250k.csv,no_lmr,2,g5f7,104,1154,1473,0.0722262210038025,0.09317699298844673,6,True,20.00756457800162,g4h6,+45,-262,45,-262,0.5525,0.001,307.0,307.0,0.5515,0.5515,False,False,False,2104,2091,1639,0,0,57708,0,0,0,226619
validation_0384,r1bq1rk1/3nbpp1/2p1pn1p/1p2B1N1/p2P2N1/6PB/P1Q1PP1P/R2R2K1 w - -,high_material_24_32+capture_rich,training/data/samples/lichess_validation_250k.csv,no_lmr,3,g5f7,93,4512,5985,0.20382962698931806,0.2970076199853793,6,True,20.00756457800162,g4h6,+45,-262,45,-262,0.5525,0.001,307.0,307.0,0.5515,0.5515,False,False,False,2104,2091,1639,0,0,57708,0,0,0,226619
validation_0384,r1bq1rk1/3nbpp1/2p1pn1p/1p2B1N1/p2P2N1/6PB/P1Q1PP1P/R2R2K1 w - -,high_material_24_32+capture_rich,training/data/samples/lichess_validation_250k.csv,no_lmr,4,g5f7,93,17067,23052,1.1444019699993078,1.4414112889789976,6,True,20.00756457800162,g4h6,+45,-262,45,-262,0.5525,0.001,307.0,307.0,0.5515,0.5515,False,False,False,2104,2091,1639,0,0,57708,0,0,0,226619
validation_0384,r1bq1rk1/3nbpp1/2p1pn1p/1p2B1N1/p2P2N1/6PB/P1Q1PP1P/R2R2K1 w - -,high_material_24_32+capture_rich,training/data/samples/lichess_validation_250k.csv,no_lmr,5,g5f7,75,46698,69750,2.600285062013427,4.041697951004608,6,True,20.00756457800162,g4h6,+45,-262,45,-262,0.5525,0.001,307.0,307.0,0.5515,0.5515,False,False,False,2104,2091,1639,0,0,57708,0,0,0,226619
validation_0384,r1bq1rk1/3nbpp1/2p1pn1p/1p2B1N1/p2P2N1/6PB/P1Q1PP1P/R2R2K1 w - -,high_material_24_32+capture_rich,training/data/samples/lichess_validation_250k.csv,no_lmr,6,g5f7,75,118196,187946,7.8431458809936885,11.884845431981375,6,True,20.00756457800162,g4h6,+45,-262,45,-262,0.5525,0.001,307.0,307.0,0.5515,0.5515,False,False,False,2104,2091,1639,0,0,57708,0,0,0,226619
validation_0384,r1bq1rk1/3nbpp1/2p1pn1p/1p2B1N1/p2P2N1/6PB/P1Q1PP1P/R2R2K1 w - -,high_material_24_32+capture_rich,training/data/samples/lichess_validation_250k.csv,lmr_safe,1,g4h6,96,319,319,0.021076367993373424,0.021077768004033715,6,True,20.014100750006037,g4h6,+45,+45,45,45,0.5525,0.5525,0.0,0.0,0.0,0.0,False,False,False,3819,910,442,1829,4,80854,0,0,0,224626
validation_0384,r1bq1rk1/3nbpp1/2p1pn1p/1p2B1N1/p2P2N1/6PB/P1Q1PP1P/R2R2K1 w - -,high_material_24_32+capture_rich,training/data/samples/lichess_validation_250k.csv,lmr_safe,2,g5f7,104,1154,1473,0.07204892300069332,0.09312819098704495,6,True,20.014100750006037,g4h6,+45,-262,45,-262,0.5525,0.001,307.0,307.0,0.5515,0.5515,False,False,False,3819,910,442,1829,4,80854,0,0,0,224626
validation_0384,r1bq1rk1/3nbpp1/2p1pn1p/1p2B1N1/p2P2N1/6PB/P1Q1PP1P/R2R2K1 w - -,high_material_24_32+capture_rich,training/data/samples/lichess_validation_250k.csv,lmr_safe,3,g5f7,93,4512,5985,0.20352052699308842,0.29665011799079366,6,True,20.014100750006037,g4h6,+45,-262,45,-262,0.5525,0.001,307.0,307.0,0.5515,0.5515,False,False,False,3819,910,442,1829,4,80854,0,0,0,224626
validation_0384,r1bq1rk1/3nbpp1/2p1pn1p/1p2B1N1/p2P2N1/6PB/P1Q1PP1P/R2R2K1 w - -,high_material_24_32+capture_rich,training/data/samples/lichess_validation_250k.csv,lmr_safe,4,g5f7,93,17067,23052,1.1419921869819518,1.4386438049841672,6,True,20.014100750006037,g4h6,+45,-262,45,-262,0.5525,0.001,307.0,307.0,0.5515,0.5515,False,False,False,3819,910,442,1829,4,80854,0,0,0,224626
validation_0384,r1bq1rk1/3nbpp1/2p1pn1p/1p2B1N1/p2P2N1/6PB/P1Q1PP1P/R2R2K1 w - -,high_material_24_32+capture_rich,training/data/samples/lichess_validation_250k.csv,lmr_safe,5,g5f7,75,43168,66220,2.3061361190048046,3.7447816240019165,6,True,20.014100750006037,g4h6,+45,-262,45,-262,0.5525,0.001,307.0,307.0,0.5515,0.5515,False,False,False,3819,910,442,1829,4,80854,0,0,0,224626
validation_0384,r1bq1rk1/3nbpp1/2p1pn1p/1p2B1N1/p2P2N1/6PB/P1Q1PP1P/R2R2K1 w - -,high_material_24_32+capture_rich,training/data/samples/lichess_validation_250k.csv,lmr_safe,6,g5f7,75,64400,130620,4.208245712012285,7.953029135998804,6,True,20.014100750006037,g4h6,+45,-262,45,-262,0.5525,0.001,307.0,307.0,0.5515,0.5515,False,False,False,3819,910,442,1829,4,80854,0,0,0,224626
validation_0384,r1bq1rk1/3nbpp1/2p1pn1p/1p2B1N1/p2P2N1/6PB/P1Q1PP1P/R2R2K1 w - -,high_material_24_32+capture_rich,training/data/samples/lichess_validation_250k.csv,no_futility,1,g4h6,96,319,319,0.021139266988029703,0.021140366996405646,6,True,20.00730612699408,g4h6,+45,+45,45,45,0.5525,0.5525,0.0,0.0,0.0,0.0,False,False,False,3192,1178,664,6143,27,0,0,0,0,243841
validation_0384,r1bq1rk1/3nbpp1/2p1pn1p/1p2B1N1/p2P2N1/6PB/P1Q1PP1P/R2R2K1 w - -,high_material_24_32+capture_rich,training/data/samples/lichess_validation_250k.csv,no_futility,2,g5f7,104,1154,1473,0.07240191698656417,0.09354338399134576,6,True,20.00730612699408,g4h6,+45,-262,45,-262,0.5525,0.001,307.0,307.0,0.5515,0.5515,False,False,False,3192,1178,664,6143,27,0,0,0,0,243841
validation_0384,r1bq1rk1/3nbpp1/2p1pn1p/1p2B1N1/p2P2N1/6PB/P1Q1PP1P/R2R2K1 w - -,high_material_24_32+capture_rich,training/data/samples/lichess_validation_250k.csv,no_futility,3,g5f7,93,5024,6497,0.22354322101455182,0.31708780498593114,6,True,20.00730612699408,g4h6,+45,-262,45,-262,0.5525,0.001,307.0,307.0,0.5515,0.5515,False,False,False,3192,1178,664,6143,27,0,0,0,0,243841
validation_0384,r1bq1rk1/3nbpp1/2p1pn1p/1p2B1N1/p2P2N1/6PB/P1Q1PP1P/R2R2K1 w - -,high_material_24_32+capture_rich,training/data/samples/lichess_validation_250k.csv,no_futility,4,g5f7,93,15452,21949,1.0578835330088623,1.374973038007738,6,True,20.00730612699408,g4h6,+45,-262,45,-262,0.5525,0.001,307.0,307.0,0.5515,0.5515,False,False,False,3192,1178,664,6143,27,0,0,0,0,243841
validation_0384,r1bq1rk1/3nbpp1/2p1pn1p/1p2B1N1/p2P2N1/6PB/P1Q1PP1P/R2R2K1 w - -,high_material_24_32+capture_rich,training/data/samples/lichess_validation_250k.csv,no_futility,5,g5f7,75,34424,56373,1.6398661140119657,3.01484055200126,6,True,20.00730612699408,g4h6,+45,-262,45,-262,0.5525,0.001,307.0,307.0,0.5515,0.5515,False,False,False,3192,1178,664,6143,27,0,0,0,0,243841
validation_0384,r1bq1rk1/3nbpp1/2p1pn1p/1p2B1N1/p2P2N1/6PB/P1Q1PP1P/R2R2K1 w - -,high_material_24_32+capture_rich,training/data/samples/lichess_validation_250k.csv,no_futility,6,g5f7,75,125322,181695,6.580864566989476,9.595706919004442,6,True,20.00730612699408,g4h6,+45,-262,45,-262,0.5525,0.001,307.0,307.0,0.5515,0.5515,False,False,False,3192,1178,664,6143,27,0,0,0,0,243841
validation_0384,r1bq1rk1/3nbpp1/2p1pn1p/1p2B1N1/p2P2N1/6PB/P1Q1PP1P/R2R2K1 w - -,high_material_24_32+capture_rich,training/data/samples/lichess_validation_250k.csv,capture_material_order,1,g4h6,96,316,316,0.02138316197670065,0.02138426198507659,6,True,20.01239907598938,g4h6,+45,+45,45,45,0.5525,0.5525,0.0,0.0,0.0,0.0,False,False,False,3685,1498,940,7200,25,36713,0,0,160560,228465
validation_0384,r1bq1rk1/3nbpp1/2p1pn1p/1p2B1N1/p2P2N1/6PB/P1Q1PP1P/R2R2K1 w - -,high_material_24_32+capture_rich,training/data/samples/lichess_validation_250k.csv,capture_material_order,2,g5f7,104,1150,1466,0.07247741401079111,0.09386287600500509,6,True,20.01239907598938,g4h6,+45,-262,45,-262,0.5525,0.001,307.0,307.0,0.5515,0.5515,False,False,False,3685,1498,940,7200,25,36713,0,0,160560,228465
validation_0384,r1bq1rk1/3nbpp1/2p1pn1p/1p2B1N1/p2P2N1/6PB/P1Q1PP1P/R2R2K1 w - -,high_material_24_32+capture_rich,training/data/samples/lichess_validation_250k.csv,capture_material_order,3,g5f7,93,4509,5975,0.20457360602449626,0.29843778198119253,6,True,20.01239907598938,g4h6,+45,-262,45,-262,0.5525,0.001,307.0,307.0,0.5515,0.5515,False,False,False,3685,1498,940,7200,25,36713,0,0,160560,228465
validation_0384,r1bq1rk1/3nbpp1/2p1pn1p/1p2B1N1/p2P2N1/6PB/P1Q1PP1P/R2R2K1 w - -,high_material_24_32+capture_rich,training/data/samples/lichess_validation_250k.csv,capture_material_order,4,g5f7,93,15469,21444,1.0824112090049312,1.3808504909975454,6,True,20.01239907598938,g4h6,+45,-262,45,-262,0.5525,0.001,307.0,307.0,0.5515,0.5515,False,False,False,3685,1498,940,7200,25,36713,0,0,160560,228465
validation_0384,r1bq1rk1/3nbpp1/2p1pn1p/1p2B1N1/p2P2N1/6PB/P1Q1PP1P/R2R2K1 w - -,high_material_24_32+capture_rich,training/data/samples/lichess_validation_250k.csv,capture_material_order,5,g5f7,75,28026,49470,1.433724305999931,2.8145761970081367,6,True,20.01239907598938,g4h6,+45,-262,45,-262,0.5525,0.001,307.0,307.0,0.5515,0.5515,False,False,False,3685,1498,940,7200,25,36713,0,0,160560,228465
validation_0384,r1bq1rk1/3nbpp1/2p1pn1p/1p2B1N1/p2P2N1/6PB/P1Q1PP1P/R2R2K1 w - -,high_material_24_32+capture_rich,training/data/samples/lichess_validation_250k.csv,capture_material_order,6,g5f7,75,82728,132198,5.320699094998417,8.135276891989633,6,True,20.01239907598938,g4h6,+45,-262,45,-262,0.5525,0.001,307.0,307.0,0.5515,0.5515,False,False,False,3685,1498,940,7200,25,36713,0,0,160560,228465
validation_0384,r1bq1rk1/3nbpp1/2p1pn1p/1p2B1N1/p2P2N1/6PB/P1Q1PP1P/R2R2K1 w - -,high_material_24_32+capture_rich,training/data/samples/lichess_validation_250k.csv,no_aspiration,1,g4h6,96,319,319,0.0209134710021317,0.02091497098444961,6,True,20.011473972990643,g4h6,+45,+45,45,45,0.5525,0.5525,0.0,0.0,0.0,0.0,False,False,False,3785,1545,982,7481,27,36910,0,0,0,229606
validation_0384,r1bq1rk1/3nbpp1/2p1pn1p/1p2B1N1/p2P2N1/6PB/P1Q1PP1P/R2R2K1 w - -,high_material_24_32+capture_rich,training/data/samples/lichess_validation_250k.csv,no_aspiration,2,g5f7,104,1154,1473,0.07221882001613267,0.09313499100971967,6,True,20.011473972990643,g4h6,+45,-262,45,-262,0.5525,0.001,307.0,307.0,0.5515,0.5515,False,False,False,3785,1545,982,7481,27,36910,0,0,0,229606
validation_0384,r1bq1rk1/3nbpp1/2p1pn1p/1p2B1N1/p2P2N1/6PB/P1Q1PP1P/R2R2K1 w - -,high_material_24_32+capture_rich,training/data/samples/lichess_validation_250k.csv,no_aspiration,3,g5f7,93,4512,5985,0.20287354101310484,0.2960098320036195,6,True,20.011473972990643,g4h6,+45,-262,45,-262,0.5525,0.001,307.0,307.0,0.5515,0.5515,False,False,False,3785,1545,982,7481,27,36910,0,0,0,229606
validation_0384,r1bq1rk1/3nbpp1/2p1pn1p/1p2B1N1/p2P2N1/6PB/P1Q1PP1P/R2R2K1 w - -,high_material_24_32+capture_rich,training/data/samples/lichess_validation_250k.csv,no_aspiration,4,g5f7,93,15452,21437,1.0808462430140935,1.376857575000031,6,True,20.011473972990643,g4h6,+45,-262,45,-262,0.5525,0.001,307.0,307.0,0.5515,0.5515,False,False,False,3785,1545,982,7481,27,36910,0,0,0,229606
validation_0384,r1bq1rk1/3nbpp1/2p1pn1p/1p2B1N1/p2P2N1/6PB/P1Q1PP1P/R2R2K1 w - -,high_material_24_32+capture_rich,training/data/samples/lichess_validation_250k.csv,no_aspiration,5,g5f7,75,27905,49342,1.4170583509840071,2.7939173259946983,6,True,20.011473972990643,g4h6,+45,-262,45,-262,0.5525,0.001,307.0,307.0,0.5515,0.5515,False,False,False,3785,1545,982,7481,27,36910,0,0,0,229606
validation_0384,r1bq1rk1/3nbpp1/2p1pn1p/1p2B1N1/p2P2N1/6PB/P1Q1PP1P/R2R2K1 w - -,high_material_24_32+capture_rich,training/data/samples/lichess_validation_250k.csv,no_aspiration,6,g5f7,75,83222,132564,5.33578561199829,8.129704638005933,6,True,20.011473972990643,g4h6,+45,-262,45,-262,0.5525,0.001,307.0,307.0,0.5515,0.5515,False,False,False,3785,1545,982,7481,27,36910,0,0,0,229606
validation_0384,r1bq1rk1/3nbpp1/2p1pn1p/1p2B1N1/p2P2N1/6PB/P1Q1PP1P/R2R2K1 w - -,high_material_24_32+capture_rich,training/data/samples/lichess_validation_250k.csv,no_pvs,1,g4h6,96,348,348,0.02316672500455752,0.023167825012933463,6,True,20.00923492401489,g4h6,+45,+45,45,45,0.5525,0.5525,0.0,0.0,0.0,0.0,False,False,False,2892,1167,708,6356,30,34544,0,0,0,228796
validation_0384,r1bq1rk1/3nbpp1/2p1pn1p/1p2B1N1/p2P2N1/6PB/P1Q1PP1P/R2R2K1 w - -,high_material_24_32+capture_rich,training/data/samples/lichess_validation_250k.csv,no_pvs,2,g5f7,104,1192,1540,0.07578214598470367,0.09895127100753598,6,True,20.00923492401489,g4h6,+45,-262,45,-262,0.5525,0.001,307.0,307.0,0.5515,0.5515,False,False,False,2892,1167,708,6356,30,34544,0,0,0,228796
validation_0384,r1bq1rk1/3nbpp1/2p1pn1p/1p2B1N1/p2P2N1/6PB/P1Q1PP1P/R2R2K1 w - -,high_material_24_32+capture_rich,training/data/samples/lichess_validation_250k.csv,no_pvs,3,g5f7,93,4614,6154,0.2089010159834288,0.30785338699934073,6,True,20.00923492401489,g4h6,+45,-262,45,-262,0.5525,0.001,307.0,307.0,0.5515,0.5515,False,False,False,2892,1167,708,6356,30,34544,0,0,0,228796
validation_0384,r1bq1rk1/3nbpp1/2p1pn1p/1p2B1N1/p2P2N1/6PB/P1Q1PP1P/R2R2K1 w - -,high_material_24_32+capture_rich,training/data/samples/lichess_validation_250k.csv,no_pvs,4,g5f7,93,15612,21766,1.0931357849913184,1.400990472000558,6,True,20.00923492401489,g4h6,+45,-262,45,-262,0.5525,0.001,307.0,307.0,0.5515,0.5515,False,False,False,2892,1167,708,6356,30,34544,0,0,0,228796
validation_0384,r1bq1rk1/3nbpp1/2p1pn1p/1p2B1N1/p2P2N1/6PB/P1Q1PP1P/R2R2K1 w - -,high_material_24_32+capture_rich,training/data/samples/lichess_validation_250k.csv,no_pvs,5,g5f7,75,27243,49009,1.3992033069953322,2.800195079005789,6,True,20.00923492401489,g4h6,+45,-262,45,-262,0.5525,0.001,307.0,307.0,0.5515,0.5515,False,False,False,2892,1167,708,6356,30,34544,0,0,0,228796
validation_0384,r1bq1rk1/3nbpp1/2p1pn1p/1p2B1N1/p2P2N1/6PB/P1Q1PP1P/R2R2K1 w - -,high_material_24_32+capture_rich,training/data/samples/lichess_validation_250k.csv,no_pvs,6,g5f7,75,88519,137528,5.658485235995613,8.458681915013585,6,True,20.00923492401489,g4h6,+45,-262,45,-262,0.5525,0.001,307.0,307.0,0.5515,0.5515,False,False,False,2892,1167,708,6356,30,34544,0,0,0,228796
validation_0384,r1bq1rk1/3nbpp1/2p1pn1p/1p2B1N1/p2P2N1/6PB/P1Q1PP1P/R2R2K1 w - -,high_material_24_32+capture_rich,training/data/samples/lichess_validation_250k.csv,no_null_no_lmr,1,g4h6,96,319,319,0.02087747197947465,0.02087877198937349,5,True,20.015216454979964,g4h6,+45,+45,45,45,0.5525,0.5525,0.0,0.0,0.0,0.0,False,False,False,7148,0,0,0,0,38396,0,0,0,207162
validation_0384,r1bq1rk1/3nbpp1/2p1pn1p/1p2B1N1/p2P2N1/6PB/P1Q1PP1P/R2R2K1 w - -,high_material_24_32+capture_rich,training/data/samples/lichess_validation_250k.csv,no_null_no_lmr,2,g5f7,104,1154,1473,0.07164703099988401,0.09252700299839489,5,True,20.015216454979964,g4h6,+45,-262,45,-262,0.5525,0.001,307.0,307.0,0.5515,0.5515,False,False,False,7148,0,0,0,0,38396,0,0,0,207162
validation_0384,r1bq1rk1/3nbpp1/2p1pn1p/1p2B1N1/p2P2N1/6PB/P1Q1PP1P/R2R2K1 w - -,high_material_24_32+capture_rich,training/data/samples/lichess_validation_250k.csv,no_null_no_lmr,3,g5f7,93,4512,5985,0.20545988797675818,0.29798809098429047,5,True,20.015216454979964,g4h6,+45,-262,45,-262,0.5525,0.001,307.0,307.0,0.5515,0.5515,False,False,False,7148,0,0,0,0,38396,0,0,0,207162
validation_0384,r1bq1rk1/3nbpp1/2p1pn1p/1p2B1N1/p2P2N1/6PB/P1Q1PP1P/R2R2K1 w - -,high_material_24_32+capture_rich,training/data/samples/lichess_validation_250k.csv,no_null_no_lmr,4,g5f7,93,21266,27251,1.3730563500139397,1.671045940980548,5,True,20.015216454979964,g4h6,+45,-262,45,-262,0.5525,0.001,307.0,307.0,0.5515,0.5515,False,False,False,7148,0,0,0,0,38396,0,0,0,207162
validation_0384,r1bq1rk1/3nbpp1/2p1pn1p/1p2B1N1/p2P2N1/6PB/P1Q1PP1P/R2R2K1 w - -,high_material_24_32+capture_rich,training/data/samples/lichess_validation_250k.csv,no_null_no_lmr,5,g5f7,75,52335,79586,2.873697083996376,4.544744724989869,5,True,20.015216454979964,g4h6,+45,-262,45,-262,0.5525,0.001,307.0,307.0,0.5515,0.5515,False,False,False,7148,0,0,0,0,38396,0,0,0,207162
validation_0384,r1bq1rk1/3nbpp1/2p1pn1p/1p2B1N1/p2P2N1/6PB/P1Q1PP1P/R2R2K1 w - -,high_material_24_32+capture_rich,training/data/samples/lichess_validation_250k.csv,no_null_no_futility,1,g4h6,96,319,319,0.021083267987705767,0.02108456799760461,6,True,20.012274245003937,g4h6,+45,+45,45,45,0.5525,0.5525,0.0,0.0,0.0,0.0,False,False,False,5334,0,0,5870,26,0,0,0,0,238319
validation_0384,r1bq1rk1/3nbpp1/2p1pn1p/1p2B1N1/p2P2N1/6PB/P1Q1PP1P/R2R2K1 w - -,high_material_24_32+capture_rich,training/data/samples/lichess_validation_250k.csv,no_null_no_futility,2,g5f7,104,1154,1473,0.07207192198256962,0.09315788999083452,6,True,20.012274245003937,g4h6,+45,-262,45,-262,0.5525,0.001,307.0,307.0,0.5515,0.5515,False,False,False,5334,0,0,5870,26,0,0,0,0,238319
validation_0384,r1bq1rk1/3nbpp1/2p1pn1p/1p2B1N1/p2P2N1/6PB/P1Q1PP1P/R2R2K1 w - -,high_material_24_32+capture_rich,training/data/samples/lichess_validation_250k.csv,no_null_no_futility,3,g5f7,93,5024,6497,0.22420890198554844,0.3173682919878047,6,True,20.012274245003937,g4h6,+45,-262,45,-262,0.5525,0.001,307.0,307.0,0.5515,0.5515,False,False,False,5334,0,0,5870,26,0,0,0,0,238319
validation_0384,r1bq1rk1/3nbpp1/2p1pn1p/1p2B1N1/p2P2N1/6PB/P1Q1PP1P/R2R2K1 w - -,high_material_24_32+capture_rich,training/data/samples/lichess_validation_250k.csv,no_null_no_futility,4,g5f7,93,19651,26148,1.2847087569825817,1.6020786489825696,6,True,20.012274245003937,g4h6,+45,-262,45,-262,0.5525,0.001,307.0,307.0,0.5515,0.5515,False,False,False,5334,0,0,5870,26,0,0,0,0,238319
validation_0384,r1bq1rk1/3nbpp1/2p1pn1p/1p2B1N1/p2P2N1/6PB/P1Q1PP1P/R2R2K1 w - -,high_material_24_32+capture_rich,training/data/samples/lichess_validation_250k.csv,no_null_no_futility,5,g5f7,75,44664,70812,1.9967263569997158,3.5988066059944686,6,True,20.012274245003937,g4h6,+45,-262,45,-262,0.5525,0.001,307.0,307.0,0.5515,0.5515,False,False,False,5334,0,0,5870,26,0,0,0,0,238319
validation_0384,r1bq1rk1/3nbpp1/2p1pn1p/1p2B1N1/p2P2N1/6PB/P1Q1PP1P/R2R2K1 w - -,high_material_24_32+capture_rich,training/data/samples/lichess_validation_250k.csv,no_null_no_futility,6,g5f7,75,163051,233863,8.684314304002328,12.283122508990346,6,True,20.012274245003937,g4h6,+45,-262,45,-262,0.5525,0.001,307.0,307.0,0.5515,0.5515,False,False,False,5334,0,0,5870,26,0,0,0,0,238319
validation_0384,r1bq1rk1/3nbpp1/2p1pn1p/1p2B1N1/p2P2N1/6PB/P1Q1PP1P/R2R2K1 w - -,high_material_24_32+capture_rich,training/data/samples/lichess_validation_250k.csv,no_lmr_no_futility,1,g4h6,96,319,319,0.02160685701528564,0.02160835699760355,6,True,20.011370440974133,g4h6,+45,+45,45,45,0.5525,0.5525,0.0,0.0,0.0,0.0,False,False,False,1893,1483,1125,0,0,0,0,0,0,243698
validation_0384,r1bq1rk1/3nbpp1/2p1pn1p/1p2B1N1/p2P2N1/6PB/P1Q1PP1P/R2R2K1 w - -,high_material_24_32+capture_rich,training/data/samples/lichess_validation_250k.csv,no_lmr_no_futility,2,g5f7,104,1154,1473,0.07391718501457945,0.0955274419975467,6,True,20.011370440974133,g4h6,+45,-262,45,-262,0.5525,0.001,307.0,307.0,0.5515,0.5515,False,False,False,1893,1483,1125,0,0,0,0,0,0,243698
validation_0384,r1bq1rk1/3nbpp1/2p1pn1p/1p2B1N1/p2P2N1/6PB/P1Q1PP1P/R2R2K1 w - -,high_material_24_32+capture_rich,training/data/samples/lichess_validation_250k.csv,no_lmr_no_futility,3,g5f7,93,5024,6497,0.22833522001747042,0.32386436199885793,6,True,20.011370440974133,g4h6,+45,-262,45,-262,0.5525,0.001,307.0,307.0,0.5515,0.5515,False,False,False,1893,1483,1125,0,0,0,0,0,0,243698
validation_0384,r1bq1rk1/3nbpp1/2p1pn1p/1p2B1N1/p2P2N1/6PB/P1Q1PP1P/R2R2K1 w - -,high_material_24_32+capture_rich,training/data/samples/lichess_validation_250k.csv,no_lmr_no_futility,4,g5f7,93,17187,23684,1.1700276200135704,1.4938937819970306,6,True,20.011370440974133,g4h6,+45,-262,45,-262,0.5525,0.001,307.0,307.0,0.5515,0.5515,False,False,False,1893,1483,1125,0,0,0,0,0,0,243698
validation_0384,r1bq1rk1/3nbpp1/2p1pn1p/1p2B1N1/p2P2N1/6PB/P1Q1PP1P/R2R2K1 w - -,high_material_24_32+capture_rich,training/data/samples/lichess_validation_250k.csv,no_lmr_no_futility,5,g5f7,75,96146,119830,4.317414014018141,5.811309696000535,6,True,20.011370440974133,g4h6,+45,-262,45,-262,0.5525,0.001,307.0,307.0,0.5515,0.5515,False,False,False,1893,1483,1125,0,0,0,0,0,0,243698
validation_0384,r1bq1rk1/3nbpp1/2p1pn1p/1p2B1N1/p2P2N1/6PB/P1Q1PP1P/R2R2K1 w - -,high_material_24_32+capture_rich,training/data/samples/lichess_validation_250k.csv,no_lmr_no_futility,6,g5f7,75,119954,239784,7.682238218985731,13.493550214974675,6,True,20.011370440974133,g4h6,+45,-262,45,-262,0.5525,0.001,307.0,307.0,0.5515,0.5515,False,False,False,1893,1483,1125,0,0,0,0,0,0,243698
validation_0384,r1bq1rk1/3nbpp1/2p1pn1p/1p2B1N1/p2P2N1/6PB/P1Q1PP1P/R2R2K1 w - -,high_material_24_32+capture_rich,training/data/samples/lichess_validation_250k.csv,no_selectivity,1,g4h6,96,319,319,0.021089966990984976,0.021091267000883818,5,True,20.00288607602124,g4h6,+45,+45,45,45,0.5525,0.5525,0.0,0.0,0.0,0.0,False,False,False,6164,0,0,0,0,0,0,0,0,228053
validation_0384,r1bq1rk1/3nbpp1/2p1pn1p/1p2B1N1/p2P2N1/6PB/P1Q1PP1P/R2R2K1 w - -,high_material_24_32+capture_rich,training/data/samples/lichess_validation_250k.csv,no_selectivity,2,g5f7,104,1154,1473,0.07796380200306885,0.09905626901309006,5,True,20.00288607602124,g4h6,+45,-262,45,-262,0.5525,0.001,307.0,307.0,0.5515,0.5515,False,False,False,6164,0,0,0,0,0,0,0,0,228053
validation_0384,r1bq1rk1/3nbpp1/2p1pn1p/1p2B1N1/p2P2N1/6PB/P1Q1PP1P/R2R2K1 w - -,high_material_24_32+capture_rich,training/data/samples/lichess_validation_250k.csv,no_selectivity,3,g5f7,93,5024,6497,0.2242588020162657,0.32331666999380104,5,True,20.00288607602124,g4h6,+45,-262,45,-262,0.5525,0.001,307.0,307.0,0.5515,0.5515,False,False,False,6164,0,0,0,0,0,0,0,0,228053
validation_0384,r1bq1rk1/3nbpp1/2p1pn1p/1p2B1N1/p2P2N1/6PB/P1Q1PP1P/R2R2K1 w - -,high_material_24_32+capture_rich,training/data/samples/lichess_validation_250k.csv,no_selectivity,4,g5f7,93,21386,27883,1.3462899959995411,1.669607966003241,5,True,20.00288607602124,g4h6,+45,-262,45,-262,0.5525,0.001,307.0,307.0,0.5515,0.5515,False,False,False,6164,0,0,0,0,0,0,0,0,228053
validation_0384,r1bq1rk1/3nbpp1/2p1pn1p/1p2B1N1/p2P2N1/6PB/P1Q1PP1P/R2R2K1 w - -,high_material_24_32+capture_rich,training/data/samples/lichess_validation_250k.csv,no_selectivity,5,g5f7,75,120749,148632,5.126658475986915,6.7962679420015775,5,True,20.00288607602124,g4h6,+45,-262,45,-262,0.5525,0.001,307.0,307.0,0.5515,0.5515,False,False,False,6164,0,0,0,0,0,0,0,0,228053
pgn_v1_1_vs_v1_g11_p9,8/1b4k1/p2p4/Pp1P2p1/1P1rB3/1R4KP/8/8 w - - 5 5,late_11_16+quiet,/home/rohanhs568/code/aichessathon-starter/v1_1_vs_v1.pgn,baseline,1,b3e3,-34,125,125,0.00584577998961322,0.0058470799995120615,7,False,1.3824553629965521,e4g2,-12,-74,-12,-74,0.498,0.4085,62.0,62.0,0.08950000000000002,0.08950000000000002,False,False,False,1228,391,238,1510,8,4861,0,0,0,14237
pgn_v1_1_vs_v1_g11_p9,8/1b4k1/p2p4/Pp1P2p1/1P1rB3/1R4KP/8/8 w - - 5 5,late_11_16+quiet,/home/rohanhs568/code/aichessathon-starter/v1_1_vs_v1.pgn,baseline,2,b3e3,-34,138,263,0.005370389990275726,0.011219270003493875,7,False,1.3824553629965521,e4g2,-12,-74,-12,-74,0.498,0.4085,62.0,62.0,0.08950000000000002,0.08950000000000002,False,False,False,1228,391,238,1510,8,4861,0,0,0,14237
pgn_v1_1_vs_v1_g11_p9,8/1b4k1/p2p4/Pp1P2p1/1P1rB3/1R4KP/8/8 w - - 5 5,late_11_16+quiet,/home/rohanhs568/code/aichessathon-starter/v1_1_vs_v1.pgn,baseline,3,b3e3,-64,873,1136,0.03602766199037433,0.047248132003005594,7,False,1.3824553629965521,e4g2,-12,-74,-12,-74,0.498,0.4085,62.0,62.0,0.08950000000000002,0.08950000000000002,False,False,False,1228,391,238,1510,8,4861,0,0,0,14237
pgn_v1_1_vs_v1_g11_p9,8/1b4k1/p2p4/Pp1P2p1/1P1rB3/1R4KP/8/8 w - - 5 5,late_11_16+quiet,/home/rohanhs568/code/aichessathon-starter/v1_1_vs_v1.pgn,baseline,4,e4b1,-54,3353,4489,0.15933113399660215,0.20658086601179093,7,False,1.3824553629965521,e4g2,-12,-291,-12,-291,0.498,0.0,279.0,279.0,0.498,0.498,False,False,False,1228,391,238,1510,8,4861,0,0,0,14237
pgn_v1_1_vs_v1_g11_p9,8/1b4k1/p2p4/Pp1P2p1/1P1rB3/1R4KP/8/8 w - - 5 5,late_11_16+quiet,/home/rohanhs568/code/aichessathon-starter/v1_1_vs_v1.pgn,baseline,5,e4b1,-65,3043,7532,0.1387885549920611,0.3453711210167967,7,False,1.3824553629965521,e4g2,-12,-291,-12,-291,0.498,0.0,279.0,279.0,0.498,0.498,False,False,False,1228,391,238,1510,8,4861,0,0,0,14237
pgn_v1_1_vs_v1_g11_p9,8/1b4k1/p2p4/Pp1P2p1/1P1rB3/1R4KP/8/8 w - - 5 5,late_11_16+quiet,/home/rohanhs568/code/aichessathon-starter/v1_1_vs_v1.pgn,baseline,6,e4b1,-65,5797,13329,0.28886017901822925,0.6342332000203896,7,False,1.3824553629965521,e4g2,-12,-291,-12,-291,0.498,0.0,279.0,279.0,0.498,0.498,False,False,False,1228,391,238,1510,8,4861,0,0,0,14237
pgn_v1_1_vs_v1_g11_p9,8/1b4k1/p2p4/Pp1P2p1/1P1rB3/1R4KP/8/8 w - - 5 5,late_11_16+quiet,/home/rohanhs568/code/aichessathon-starter/v1_1_vs_v1.pgn,baseline,7,e4b1,-85,15192,28521,0.7482183630054351,1.3824532630096655,7,False,1.3824553629965521,e4g2,-12,-291,-12,-291,0.498,0.0,279.0,279.0,0.498,0.498,False,False,False,1228,391,238,1510,8,4861,0,0,0,14237
pgn_v1_1_vs_v1_g11_p9,8/1b4k1/p2p4/Pp1P2p1/1P1rB3/1R4KP/8/8 w - - 5 5,late_11_16+quiet,/home/rohanhs568/code/aichessathon-starter/v1_1_vs_v1.pgn,no_null,1,b3e3,-34,125,125,0.0060524760046973825,0.0060536760138347745,7,False,1.789227216009749,e4g2,-12,-74,-12,-74,0.498,0.4085,62.0,62.0,0.08950000000000002,0.08950000000000002,False,False,False,2336,0,0,1925,26,5303,0,0,0,17851
pgn_v1_1_vs_v1_g11_p9,8/1b4k1/p2p4/Pp1P2p1/1P1rB3/1R4KP/8/8 w - - 5 5,late_11_16+quiet,/home/rohanhs568/code/aichessathon-starter/v1_1_vs_v1.pgn,no_null,2,b3e3,-34,138,263,0.005351791012799367,0.0114072670112364,7,False,1.789227216009749,e4g2,-12,-74,-12,-74,0.498,0.4085,62.0,62.0,0.08950000000000002,0.08950000000000002,False,False,False,2336,0,0,1925,26,5303,0,0,0,17851
pgn_v1_1_vs_v1_g11_p9,8/1b4k1/p2p4/Pp1P2p1/1P1rB3/1R4KP/8/8 w - - 5 5,late_11_16+quiet,/home/rohanhs568/code/aichessathon-starter/v1_1_vs_v1.pgn,no_null,3,b3e3,-64,873,1136,0.03496748299221508,0.046375950012588874,7,False,1.789227216009749,e4g2,-12,-74,-12,-74,0.498,0.4085,62.0,62.0,0.08950000000000002,0.08950000000000002,False,False,False,2336,0,0,1925,26,5303,0,0,0,17851
pgn_v1_1_vs_v1_g11_p9,8/1b4k1/p2p4/Pp1P2p1/1P1rB3/1R4KP/8/8 w - - 5 5,late_11_16+quiet,/home/rohanhs568/code/aichessathon-starter/v1_1_vs_v1.pgn,no_null,4,e4b1,-54,3349,4485,0.153652350010816,0.20003010000800714,7,False,1.789227216009749,e4g2,-12,-291,-12,-291,0.498,0.0,279.0,279.0,0.498,0.498,False,False,False,2336,0,0,1925,26,5303,0,0,0,17851
pgn_v1_1_vs_v1_g11_p9,8/1b4k1/p2p4/Pp1P2p1/1P1rB3/1R4KP/8/8 w - - 5 5,late_11_16+quiet,/home/rohanhs568/code/aichessathon-starter/v1_1_vs_v1.pgn,no_null,5,e4b1,-65,2927,7412,0.12861866399180144,0.32865016401046887,7,False,1.789227216009749,e4g2,-12,-291,-12,-291,0.498,0.0,279.0,279.0,0.498,0.498,False,False,False,2336,0,0,1925,26,5303,0,0,0,17851
pgn_v1_1_vs_v1_g11_p9,8/1b4k1/p2p4/Pp1P2p1/1P1rB3/1R4KP/8/8 w - - 5 5,late_11_16+quiet,/home/rohanhs568/code/aichessathon-starter/v1_1_vs_v1.pgn,no_null,6,e4b1,-65,10430,17842,0.5032888840069063,0.831940748001216,7,False,1.789227216009749,e4g2,-12,-291,-12,-291,0.498,0.0,279.0,279.0,0.498,0.498,False,False,False,2336,0,0,1925,26,5303,0,0,0,17851
pgn_v1_1_vs_v1_g11_p9,8/1b4k1/p2p4/Pp1P2p1/1P1rB3/1R4KP/8/8 w - - 5 5,late_11_16+quiet,/home/rohanhs568/code/aichessathon-starter/v1_1_vs_v1.pgn,no_null,7,e4b1,-85,18921,36763,0.9572829690005165,1.7892252159945201,7,False,1.789227216009749,e4g2,-12,-291,-12,-291,0.498,0.0,279.0,279.0,0.498,0.498,False,False,False,2336,0,0,1925,26,5303,0,0,0,17851
pgn_v1_1_vs_v1_g11_p9,8/1b4k1/p2p4/Pp1P2p1/1P1rB3/1R4KP/8/8 w - - 5 5,late_11_16+quiet,/home/rohanhs568/code/aichessathon-starter/v1_1_vs_v1.pgn,null_safe,1,b3e3,-34,125,125,0.005635384004563093,0.005636584013700485,7,False,1.7582623159978539,e4g2,-12,-74,-12,-74,0.498,0.4085,62.0,62.0,0.08950000000000002,0.08950000000000002,False,False,False,2125,81,40,1530,24,4747,0,0,0,17270
pgn_v1_1_vs_v1_g11_p9,8/1b4k1/p2p4/Pp1P2p1/1P1rB3/1R4KP/8/8 w - - 5 5,late_11_16+quiet,/home/rohanhs568/code/aichessathon-starter/v1_1_vs_v1.pgn,null_safe,2,b3e3,-34,138,263,0.005589084990788251,0.01122666901210323,7,False,1.7582623159978539,e4g2,-12,-74,-12,-74,0.498,0.4085,62.0,62.0,0.08950000000000002,0.08950000000000002,False,False,False,2125,81,40,1530,24,4747,0,0,0,17270
pgn_v1_1_vs_v1_g11_p9,8/1b4k1/p2p4/Pp1P2p1/1P1rB3/1R4KP/8/8 w - - 5 5,late_11_16+quiet,/home/rohanhs568/code/aichessathon-starter/v1_1_vs_v1.pgn,null_safe,3,b3e3,-64,873,1136,0.03442739398451522,0.04565516300499439,7,False,1.7582623159978539,e4g2,-12,-74,-12,-74,0.498,0.4085,62.0,62.0,0.08950000000000002,0.08950000000000002,False,False,False,2125,81,40,1530,24,4747,0,0,0,17270
pgn_v1_1_vs_v1_g11_p9,8/1b4k1/p2p4/Pp1P2p1/1P1rB3/1R4KP/8/8 w - - 5 5,late_11_16+quiet,/home/rohanhs568/code/aichessathon-starter/v1_1_vs_v1.pgn,null_safe,4,e4b1,-54,3349,4485,0.15303805898292921,0.19869452199782245,7,False,1.7582623159978539,e4g2,-12,-291,-12,-291,0.498,0.0,279.0,279.0,0.498,0.498,False,False,False,2125,81,40,1530,24,4747,0,0,0,17270
pgn_v1_1_vs_v1_g11_p9,8/1b4k1/p2p4/Pp1P2p1/1P1rB3/1R4KP/8/8 w - - 5 5,late_11_16+quiet,/home/rohanhs568/code/aichessathon-starter/v1_1_vs_v1.pgn,null_safe,5,e4b1,-65,3019,7504,0.13182899399544112,0.3305252160062082,7,False,1.7582623159978539,e4g2,-12,-291,-12,-291,0.498,0.0,279.0,279.0,0.498,0.498,False,False,False,2125,81,40,1530,24,4747,0,0,0,17270
pgn_v1_1_vs_v1_g11_p9,8/1b4k1/p2p4/Pp1P2p1/1P1rB3/1R4KP/8/8 w - - 5 5,late_11_16+quiet,/home/rohanhs568/code/aichessathon-starter/v1_1_vs_v1.pgn,null_safe,6,e4b1,-65,9975,17479,0.47187611600384116,0.8024029320222326,7,False,1.7582623159978539,e4g2,-12,-291,-12,-291,0.498,0.0,279.0,279.0,0.498,0.498,False,False,False,2125,81,40,1530,24,4747,0,0,0,17270
pgn_v1_1_vs_v1_g11_p9,8/1b4k1/p2p4/Pp1P2p1/1P1rB3/1R4KP/8/8 w - - 5 5,late_11_16+quiet,/home/rohanhs568/code/aichessathon-starter/v1_1_vs_v1.pgn,null_safe,7,e4b1,-85,17821,35300,0.9558552840026096,1.7582603160117287,7,False,1.7582623159978539,e4g2,-12,-291,-12,-291,0.498,0.0,279.0,279.0,0.498,0.498,False,False,False,2125,81,40,1530,24,4747,0,0,0,17270
pgn_v1_1_vs_v1_g11_p9,8/1b4k1/p2p4/Pp1P2p1/1P1rB3/1R4KP/8/8 w - - 5 5,late_11_16+quiet,/home/rohanhs568/code/aichessathon-starter/v1_1_vs_v1.pgn,no_lmr,1,b3e3,-34,125,125,0.005725282011553645,0.005726381990825757,7,False,2.930283862981014,e4g2,-12,-74,-12,-74,0.498,0.4085,62.0,62.0,0.08950000000000002,0.08950000000000002,False,False,False,1800,872,579,0,0,17916,0,0,0,33047
pgn_v1_1_vs_v1_g11_p9,8/1b4k1/p2p4/Pp1P2p1/1P1rB3/1R4KP/8/8 w - - 5 5,late_11_16+quiet,/home/rohanhs568/code/aichessathon-starter/v1_1_vs_v1.pgn,no_lmr,2,b3e3,-34,138,263,0.005319190997397527,0.011047072999645025,7,False,2.930283862981014,e4g2,-12,-74,-12,-74,0.498,0.4085,62.0,62.0,0.08950000000000002,0.08950000000000002,False,False,False,1800,872,579,0,0,17916,0,0,0,33047
pgn_v1_1_vs_v1_g11_p9,8/1b4k1/p2p4/Pp1P2p1/1P1rB3/1R4KP/8/8 w - - 5 5,late_11_16+quiet,/home/rohanhs568/code/aichessathon-starter/v1_1_vs_v1.pgn,no_lmr,3,b3e3,-64,873,1136,0.03567766799824312,0.04672594097792171,7,False,2.930283862981014,e4g2,-12,-74,-12,-74,0.498,0.4085,62.0,62.0,0.08950000000000002,0.08950000000000002,False,False,False,1800,872,579,0,0,17916,0,0,0,33047
pgn_v1_1_vs_v1_g11_p9,8/1b4k1/p2p4/Pp1P2p1/1P1rB3/1R4KP/8/8 w - - 5 5,late_11_16+quiet,/home/rohanhs568/code/aichessathon-starter/v1_1_vs_v1.pgn,no_lmr,4,e4b1,-54,4945,6081,0.21934129801229574,0.2660687390016392,7,False,2.930283862981014,e4g2,-12,-291,-12,-291,0.498,0.0,279.0,279.0,0.498,0.498,False,False,False,1800,872,579,0,0,17916,0,0,0,33047
pgn_v1_1_vs_v1_g11_p9,8/1b4k1/p2p4/Pp1P2p1/1P1rB3/1R4KP/8/8 w - - 5 5,late_11_16+quiet,/home/rohanhs568/code/aichessathon-starter/v1_1_vs_v1.pgn,no_lmr,5,e4b1,-65,5157,11238,0.2412786490167491,0.5073488880007062,7,False,2.930283862981014,e4g2,-12,-291,-12,-291,0.498,0.0,279.0,279.0,0.498,0.498,False,False,False,1800,872,579,0,0,17916,0,0,0,33047
pgn_v1_1_vs_v1_g11_p9,8/1b4k1/p2p4/Pp1P2p1/1P1rB3/1R4KP/8/8 w - - 5 5,late_11_16+quiet,/home/rohanhs568/code/aichessathon-starter/v1_1_vs_v1.pgn,no_lmr,6,e4c2,-38,21019,32257,0.975597878015833,1.482948666001903,7,False,2.930283862981014,e4g2,-12,-390,-12,-390,0.498,0.0,378.0,378.0,0.498,0.498,False,False,False,1800,872,579,0,0,17916,0,0,0,33047
pgn_v1_1_vs_v1_g11_p9,8/1b4k1/p2p4/Pp1P2p1/1P1rB3/1R4KP/8/8 w - - 5 5,late_11_16+quiet,/home/rohanhs568/code/aichessathon-starter/v1_1_vs_v1.pgn,no_lmr,7,e4c2,-85,33035,65292,1.4473312970076222,2.9302817629941273,7,False,2.930283862981014,e4g2,-12,-390,-12,-390,0.498,0.0,378.0,378.0,0.498,0.498,False,False,False,1800,872,579,0,0,17916,0,0,0,33047
pgn_v1_1_vs_v1_g11_p9,8/1b4k1/p2p4/Pp1P2p1/1P1rB3/1R4KP/8/8 w - - 5 5,late_11_16+quiet,/home/rohanhs568/code/aichessathon-starter/v1_1_vs_v1.pgn,lmr_safe,1,b3e3,-34,125,125,0.005586485989624634,0.005587785999523476,7,False,1.6699793309962843,e4g2,-12,-74,-12,-74,0.498,0.4085,62.0,62.0,0.08950000000000002,0.08950000000000002,False,False,False,1329,439,254,654,1,9525,0,0,0,17387
pgn_v1_1_vs_v1_g11_p9,8/1b4k1/p2p4/Pp1P2p1/1P1rB3/1R4KP/8/8 w - - 5 5,late_11_16+quiet,/home/rohanhs568/code/aichessathon-starter/v1_1_vs_v1.pgn,lmr_safe,2,b3e3,-34,138,263,0.00538818899076432,0.010977074998663738,7,False,1.6699793309962843,e4g2,-12,-74,-12,-74,0.498,0.4085,62.0,62.0,0.08950000000000002,0.08950000000000002,False,False,False,1329,439,254,654,1,9525,0,0,0,17387
pgn_v1_1_vs_v1_g11_p9,8/1b4k1/p2p4/Pp1P2p1/1P1rB3/1R4KP/8/8 w - - 5 5,late_11_16+quiet,/home/rohanhs568/code/aichessathon-starter/v1_1_vs_v1.pgn,lmr_safe,3,b3e3,-64,873,1136,0.034422194003127515,0.045400369010167196,7,False,1.6699793309962843,e4g2,-12,-74,-12,-74,0.498,0.4085,62.0,62.0,0.08950000000000002,0.08950000000000002,False,False,False,1329,439,254,654,1,9525,0,0,0,17387
pgn_v1_1_vs_v1_g11_p9,8/1b4k1/p2p4/Pp1P2p1/1P1rB3/1R4KP/8/8 w - - 5 5,late_11_16+quiet,/home/rohanhs568/code/aichessathon-starter/v1_1_vs_v1.pgn,lmr_safe,4,e4b1,-54,4945,6081,0.21373291302006692,0.2591341820079833,7,False,1.6699793309962843,e4g2,-12,-291,-12,-291,0.498,0.0,279.0,279.0,0.498,0.498,False,False,False,1329,439,254,654,1,9525,0,0,0,17387
pgn_v1_1_vs_v1_g11_p9,8/1b4k1/p2p4/Pp1P2p1/1P1rB3/1R4KP/8/8 w - - 5 5,late_11_16+quiet,/home/rohanhs568/code/aichessathon-starter/v1_1_vs_v1.pgn,lmr_safe,5,e4b1,-65,4236,10317,0.1818224690214265,0.44095805098186247,7,False,1.6699793309962843,e4g2,-12,-291,-12,-291,0.498,0.0,279.0,279.0,0.498,0.498,False,False,False,1329,439,254,654,1,9525,0,0,0,17387
pgn_v1_1_vs_v1_g11_p9,8/1b4k1/p2p4/Pp1P2p1/1P1rB3/1R4KP/8/8 w - - 5 5,late_11_16+quiet,/home/rohanhs568/code/aichessathon-starter/v1_1_vs_v1.pgn,lmr_safe,6,e4b1,-65,5568,15885,0.28731070301728323,0.7282702540105674,7,False,1.6699793309962843,e4g2,-12,-291,-12,-291,0.498,0.0,279.0,279.0,0.498,0.498,False,False,False,1329,439,254,654,1,9525,0,0,0,17387
pgn_v1_1_vs_v1_g11_p9,8/1b4k1/p2p4/Pp1P2p1/1P1rB3/1R4KP/8/8 w - - 5 5,late_11_16+quiet,/home/rohanhs568/code/aichessathon-starter/v1_1_vs_v1.pgn,lmr_safe,7,e4b1,-85,19778,35663,0.9417054770165123,1.669977331010159,7,False,1.6699793309962843,e4g2,-12,-291,-12,-291,0.498,0.0,279.0,279.0,0.498,0.498,False,False,False,1329,439,254,654,1,9525,0,0,0,17387
pgn_v1_1_vs_v1_g11_p9,8/1b4k1/p2p4/Pp1P2p1/1P1rB3/1R4KP/8/8 w - - 5 5,late_11_16+quiet,/home/rohanhs568/code/aichessathon-starter/v1_1_vs_v1.pgn,no_futility,1,b3e3,-34,125,125,0.005570085981162265,0.005571285990299657,7,False,1.5223275810130872,e4g2,-12,-74,-12,-74,0.498,0.4085,62.0,62.0,0.08950000000000002,0.08950000000000002,False,False,False,1242,391,236,1532,8,0,0,0,0,19139
pgn_v1_1_vs_v1_g11_p9,8/1b4k1/p2p4/Pp1P2p1/1P1rB3/1R4KP/8/8 w - - 5 5,late_11_16+quiet,/home/rohanhs568/code/aichessathon-starter/v1_1_vs_v1.pgn,no_futility,2,b3e3,-34,138,263,0.004980197991244495,0.010552583989920095,7,False,1.5223275810130872,e4g2,-12,-74,-12,-74,0.498,0.4085,62.0,62.0,0.08950000000000002,0.08950000000000002,False,False,False,1242,391,236,1532,8,0,0,0,0,19139
pgn_v1_1_vs_v1_g11_p9,8/1b4k1/p2p4/Pp1P2p1/1P1rB3/1R4KP/8/8 w - - 5 5,late_11_16+quiet,/home/rohanhs568/code/aichessathon-starter/v1_1_vs_v1.pgn,no_futility,3,b3e3,-64,1181,1444,0.04002677899552509,0.05058036299305968,7,False,1.5223275810130872,e4g2,-12,-74,-12,-74,0.498,0.4085,62.0,62.0,0.08950000000000002,0.08950000000000002,False,False,False,1242,391,236,1532,8,0,0,0,0,19139
pgn_v1_1_vs_v1_g11_p9,8/1b4k1/p2p4/Pp1P2p1/1P1rB3/1R4KP/8/8 w - - 5 5,late_11_16+quiet,/home/rohanhs568/code/aichessathon-starter/v1_1_vs_v1.pgn,no_futility,4,e4b1,-54,3553,4997,0.1518861849908717,0.20246764799230732,7,False,1.5223275810130872,e4g2,-12,-291,-12,-291,0.498,0.0,279.0,279.0,0.498,0.498,False,False,False,1242,391,236,1532,8,0,0,0,0,19139
pgn_v1_1_vs_v1_g11_p9,8/1b4k1/p2p4/Pp1P2p1/1P1rB3/1R4KP/8/8 w - - 5 5,late_11_16+quiet,/home/rohanhs568/code/aichessathon-starter/v1_1_vs_v1.pgn,no_futility,5,e4b1,-65,3985,8982,0.15034631700837053,0.35281536501133814,7,False,1.5223275810130872,e4g2,-12,-291,-12,-291,0.498,0.0,279.0,279.0,0.498,0.498,False,False,False,1242,391,236,1532,8,0,0,0,0,19139
pgn_v1_1_vs_v1_g11_p9,8/1b4k1/p2p4/Pp1P2p1/1P1rB3/1R4KP/8/8 w - - 5 5,late_11_16+quiet,/home/rohanhs568/code/aichessathon-starter/v1_1_vs_v1.pgn,no_futility,6,e4b1,-65,9582,18564,0.3570128779974766,0.7098297429911327,7,False,1.5223275810130872,e4g2,-12,-291,-12,-291,0.498,0.0,279.0,279.0,0.498,0.498,False,False,False,1242,391,236,1532,8,0,0,0,0,19139
pgn_v1_1_vs_v1_g11_p9,8/1b4k1/p2p4/Pp1P2p1/1P1rB3/1R4KP/8/8 w - - 5 5,late_11_16+quiet,/home/rohanhs568/code/aichessathon-starter/v1_1_vs_v1.pgn,no_futility,7,e4b1,-85,19772,38336,0.8124943379953038,1.5223255809978582,7,False,1.5223275810130872,e4g2,-12,-291,-12,-291,0.498,0.0,279.0,279.0,0.498,0.498,False,False,False,1242,391,236,1532,8,0,0,0,0,19139
pgn_v1_1_vs_v1_g11_p9,8/1b4k1/p2p4/Pp1P2p1/1P1rB3/1R4KP/8/8 w - - 5 5,late_11_16+quiet,/home/rohanhs568/code/aichessathon-starter/v1_1_vs_v1.pgn,capture_material_order,1,b3e3,-34,137,137,0.006082475010771304,0.006083674990804866,7,False,1.4651641529926565,e4g2,-12,-74,-12,-74,0.498,0.4085,62.0,62.0,0.08950000000000002,0.08950000000000002,False,False,False,1167,399,236,1457,8,4826,0,0,9747,15349
pgn_v1_1_vs_v1_g11_p9,8/1b4k1/p2p4/Pp1P2p1/1P1rB3/1R4KP/8/8 w - - 5 5,late_11_16+quiet,/home/rohanhs568/code/aichessathon-starter/v1_1_vs_v1.pgn,capture_material_order,2,b3e3,-34,150,287,0.00546138800564222,0.011546263005584478,7,False,1.4651641529926565,e4g2,-12,-74,-12,-74,0.498,0.4085,62.0,62.0,0.08950000000000002,0.08950000000000002,False,False,False,1167,399,236,1457,8,4826,0,0,9747,15349
pgn_v1_1_vs_v1_g11_p9,8/1b4k1/p2p4/Pp1P2p1/1P1rB3/1R4KP/8/8 w - - 5 5,late_11_16+quiet,/home/rohanhs568/code/aichessathon-starter/v1_1_vs_v1.pgn,capture_material_order,3,b3e3,-64,874,1161,0.03373100800672546,0.0452780709892977,7,False,1.4651641529926565,e4g2,-12,-74,-12,-74,0.498,0.4085,62.0,62.0,0.08950000000000002,0.08950000000000002,False,False,False,1167,399,236,1457,8,4826,0,0,9747,15349
pgn_v1_1_vs_v1_g11_p9,8/1b4k1/p2p4/Pp1P2p1/1P1rB3/1R4KP/8/8 w - - 5 5,late_11_16+quiet,/home/rohanhs568/code/aichessathon-starter/v1_1_vs_v1.pgn,capture_material_order,4,e4b1,-54,3699,4860,0.16952472398406826,0.2148040949832648,7,False,1.4651641529926565,e4g2,-12,-291,-12,-291,0.498,0.0,279.0,279.0,0.498,0.498,False,False,False,1167,399,236,1457,8,4826,0,0,9747,15349
pgn_v1_1_vs_v1_g11_p9,8/1b4k1/p2p4/Pp1P2p1/1P1rB3/1R4KP/8/8 w - - 5 5,late_11_16+quiet,/home/rohanhs568/code/aichessathon-starter/v1_1_vs_v1.pgn,capture_material_order,5,e4b1,-65,3522,8382,0.15191078398493119,0.3667164789803792,7,False,1.4651641529926565,e4g2,-12,-291,-12,-291,0.498,0.0,279.0,279.0,0.498,0.498,False,False,False,1167,399,236,1457,8,4826,0,0,9747,15349
pgn_v1_1_vs_v1_g11_p9,8/1b4k1/p2p4/Pp1P2p1/1P1rB3/1R4KP/8/8 w - - 5 5,late_11_16+quiet,/home/rohanhs568/code/aichessathon-starter/v1_1_vs_v1.pgn,capture_material_order,6,e4b1,-65,6286,14668,0.3061380219878629,0.6728560009796638,7,False,1.4651641529926565,e4g2,-12,-291,-12,-291,0.498,0.0,279.0,279.0,0.498,0.498,False,False,False,1167,399,236,1457,8,4826,0,0,9747,15349
pgn_v1_1_vs_v1_g11_p9,8/1b4k1/p2p4/Pp1P2p1/1P1rB3/1R4KP/8/8 w - - 5 5,late_11_16+quiet,/home/rohanhs568/code/aichessathon-starter/v1_1_vs_v1.pgn,capture_material_order,7,e4b1,-85,16113,30781,0.7923043520131614,1.4651621530065313,7,False,1.4651641529926565,e4g2,-12,-291,-12,-291,0.498,0.0,279.0,279.0,0.498,0.498,False,False,False,1167,399,236,1457,8,4826,0,0,9747,15349
pgn_v1_1_vs_v1_g11_p9,8/1b4k1/p2p4/Pp1P2p1/1P1rB3/1R4KP/8/8 w - - 5 5,late_11_16+quiet,/home/rohanhs568/code/aichessathon-starter/v1_1_vs_v1.pgn,no_aspiration,1,b3e3,-34,125,125,0.005519186990568414,0.005520286998944357,7,False,1.361795973003609,e4g2,-12,-74,-12,-74,0.498,0.4085,62.0,62.0,0.08950000000000002,0.08950000000000002,False,False,False,1228,387,238,1510,8,4861,0,0,0,14228
pgn_v1_1_vs_v1_g11_p9,8/1b4k1/p2p4/Pp1P2p1/1P1rB3/1R4KP/8/8 w - - 5 5,late_11_16+quiet,/home/rohanhs568/code/aichessathon-starter/v1_1_vs_v1.pgn,no_aspiration,2,b3e3,-34,138,263,0.005053695989772677,0.010575082997092977,7,False,1.361795973003609,e4g2,-12,-74,-12,-74,0.498,0.4085,62.0,62.0,0.08950000000000002,0.08950000000000002,False,False,False,1228,387,238,1510,8,4861,0,0,0,14228
pgn_v1_1_vs_v1_g11_p9,8/1b4k1/p2p4/Pp1P2p1/1P1rB3/1R4KP/8/8 w - - 5 5,late_11_16+quiet,/home/rohanhs568/code/aichessathon-starter/v1_1_vs_v1.pgn,no_aspiration,3,b3e3,-64,873,1136,0.03491358397877775,0.045489366981200874,7,False,1.361795973003609,e4g2,-12,-74,-12,-74,0.498,0.4085,62.0,62.0,0.08950000000000002,0.08950000000000002,False,False,False,1228,387,238,1510,8,4861,0,0,0,14228
pgn_v1_1_vs_v1_g11_p9,8/1b4k1/p2p4/Pp1P2p1/1P1rB3/1R4KP/8/8 w - - 5 5,late_11_16+quiet,/home/rohanhs568/code/aichessathon-starter/v1_1_vs_v1.pgn,no_aspiration,4,e4b1,-54,3353,4489,0.15403204099857248,0.19952260798891075,7,False,1.361795973003609,e4g2,-12,-291,-12,-291,0.498,0.0,279.0,279.0,0.498,0.498,False,False,False,1228,387,238,1510,8,4861,0,0,0,14228
pgn_v1_1_vs_v1_g11_p9,8/1b4k1/p2p4/Pp1P2p1/1P1rB3/1R4KP/8/8 w - - 5 5,late_11_16+quiet,/home/rohanhs568/code/aichessathon-starter/v1_1_vs_v1.pgn,no_aspiration,5,e4b1,-65,3057,7546,0.13408485098625533,0.3336088589858264,7,False,1.361795973003609,e4g2,-12,-291,-12,-291,0.498,0.0,279.0,279.0,0.498,0.498,False,False,False,1228,387,238,1510,8,4861,0,0,0,14228
pgn_v1_1_vs_v1_g11_p9,8/1b4k1/p2p4/Pp1P2p1/1P1rB3/1R4KP/8/8 w - - 5 5,late_11_16+quiet,/home/rohanhs568/code/aichessathon-starter/v1_1_vs_v1.pgn,no_aspiration,6,e4b1,-65,5790,13336,0.281416629004525,0.6150268880010117,7,False,1.361795973003609,e4g2,-12,-291,-12,-291,0.498,0.0,279.0,279.0,0.498,0.498,False,False,False,1228,387,238,1510,8,4861,0,0,0,14228
pgn_v1_1_vs_v1_g11_p9,8/1b4k1/p2p4/Pp1P2p1/1P1rB3/1R4KP/8/8 w - - 5 5,late_11_16+quiet,/home/rohanhs568/code/aichessathon-starter/v1_1_vs_v1.pgn,no_aspiration,7,e4b1,-85,15154,28490,0.746765686024446,1.3617940739786718,7,False,1.361795973003609,e4g2,-12,-291,-12,-291,0.498,0.0,279.0,279.0,0.498,0.498,False,False,False,1228,387,238,1510,8,4861,0,0,0,14228
pgn_v1_1_vs_v1_g11_p9,8/1b4k1/p2p4/Pp1P2p1/1P1rB3/1R4KP/8/8 w - - 5 5,late_11_16+quiet,/home/rohanhs568/code/aichessathon-starter/v1_1_vs_v1.pgn,no_pvs,1,b3e3,-34,114,114,0.005434088001493365,0.005435587983811274,7,False,1.4934742729819845,e4g2,-12,-74,-12,-74,0.498,0.4085,62.0,62.0,0.08950000000000002,0.08950000000000002,False,False,False,1411,377,230,1582,12,5206,0,0,0,15654
pgn_v1_1_vs_v1_g11_p9,8/1b4k1/p2p4/Pp1P2p1/1P1rB3/1R4KP/8/8 w - - 5 5,late_11_16+quiet,/home/rohanhs568/code/aichessathon-starter/v1_1_vs_v1.pgn,no_pvs,2,b3e3,-34,146,260,0.00603597701410763,0.011472665006294847,7,False,1.4934742729819845,e4g2,-12,-74,-12,-74,0.498,0.4085,62.0,62.0,0.08950000000000002,0.08950000000000002,False,False,False,1411,377,230,1582,12,5206,0,0,0,15654
pgn_v1_1_vs_v1_g11_p9,8/1b4k1/p2p4/Pp1P2p1/1P1rB3/1R4KP/8/8 w - - 5 5,late_11_16+quiet,/home/rohanhs568/code/aichessathon-starter/v1_1_vs_v1.pgn,no_pvs,3,b3e3,-64,762,1022,0.032236439001280814,0.043710402998840436,7,False,1.4934742729819845,e4g2,-12,-74,-12,-74,0.498,0.4085,62.0,62.0,0.08950000000000002,0.08950000000000002,False,False,False,1411,377,230,1582,12,5206,0,0,0,15654
pgn_v1_1_vs_v1_g11_p9,8/1b4k1/p2p4/Pp1P2p1/1P1rB3/1R4KP/8/8 w - - 5 5,late_11_16+quiet,/home/rohanhs568/code/aichessathon-starter/v1_1_vs_v1.pgn,no_pvs,4,e4b1,-54,3568,4590,0.17072089901193976,0.21443310199538246,7,False,1.4934742729819845,e4g2,-12,-291,-12,-291,0.498,0.0,279.0,279.0,0.498,0.498,False,False,False,1411,377,230,1582,12,5206,0,0,0,15654
pgn_v1_1_vs_v1_g11_p9,8/1b4k1/p2p4/Pp1P2p1/1P1rB3/1R4KP/8/8 w - - 5 5,late_11_16+quiet,/home/rohanhs568/code/aichessathon-starter/v1_1_vs_v1.pgn,no_pvs,5,e4b1,-65,2817,7407,0.12597371698939241,0.34040821899543516,7,False,1.4934742729819845,e4g2,-12,-291,-12,-291,0.498,0.0,279.0,279.0,0.498,0.498,False,False,False,1411,377,230,1582,12,5206,0,0,0,15654
pgn_v1_1_vs_v1_g11_p9,8/1b4k1/p2p4/Pp1P2p1/1P1rB3/1R4KP/8/8 w - - 5 5,late_11_16+quiet,/home/rohanhs568/code/aichessathon-starter/v1_1_vs_v1.pgn,no_pvs,6,e4b1,-65,5945,13352,0.28928956799791194,0.6296991870040074,7,False,1.4934742729819845,e4g2,-12,-291,-12,-291,0.498,0.0,279.0,279.0,0.498,0.498,False,False,False,1411,377,230,1582,12,5206,0,0,0,15654
pgn_v1_1_vs_v1_g11_p9,8/1b4k1/p2p4/Pp1P2p1/1P1rB3/1R4KP/8/8 w - - 5 5,late_11_16+quiet,/home/rohanhs568/code/aichessathon-starter/v1_1_vs_v1.pgn,no_pvs,7,e4b1,-85,17489,30841,0.8637715860095341,1.4934722729958594,7,False,1.4934742729819845,e4g2,-12,-291,-12,-291,0.498,0.0,279.0,279.0,0.498,0.498,False,False,False,1411,377,230,1582,12,5206,0,0,0,15654
pgn_v1_1_vs_v1_g11_p9,8/1b4k1/p2p4/Pp1P2p1/1P1rB3/1R4KP/8/8 w - - 5 5,late_11_16+quiet,/home/rohanhs568/code/aichessathon-starter/v1_1_vs_v1.pgn,no_null_no_lmr,1,b3e3,-34,125,125,0.005542986997170374,0.005544187006307766,7,False,4.504958624020219,e4g2,-12,-74,-12,-74,0.498,0.4085,62.0,62.0,0.08950000000000002,0.08950000000000002,False,False,False,4620,0,0,0,0,17391,0,0,0,48358
pgn_v1_1_vs_v1_g11_p9,8/1b4k1/p2p4/Pp1P2p1/1P1rB3/1R4KP/8/8 w - - 5 5,late_11_16+quiet,/home/rohanhs568/code/aichessathon-starter/v1_1_vs_v1.pgn,no_null_no_lmr,2,b3e3,-34,138,263,0.005021296994527802,0.010566484008450061,7,False,4.504958624020219,e4g2,-12,-74,-12,-74,0.498,0.4085,62.0,62.0,0.08950000000000002,0.08950000000000002,False,False,False,4620,0,0,0,0,17391,0,0,0,48358
pgn_v1_1_vs_v1_g11_p9,8/1b4k1/p2p4/Pp1P2p1/1P1rB3/1R4KP/8/8 w - - 5 5,late_11_16+quiet,/home/rohanhs568/code/aichessathon-starter/v1_1_vs_v1.pgn,no_null_no_lmr,3,b3e3,-64,873,1136,0.03403880199766718,0.044606186012970284,7,False,4.504958624020219,e4g2,-12,-74,-12,-74,0.498,0.4085,62.0,62.0,0.08950000000000002,0.08950000000000002,False,False,False,4620,0,0,0,0,17391,0,0,0,48358
pgn_v1_1_vs_v1_g11_p9,8/1b4k1/p2p4/Pp1P2p1/1P1rB3/1R4KP/8/8 w - - 5 5,late_11_16+quiet,/home/rohanhs568/code/aichessathon-starter/v1_1_vs_v1.pgn,no_null_no_lmr,4,e4b1,-54,4941,6077,0.21216605001245625,0.25677323501440696,7,False,4.504958624020219,e4g2,-12,-291,-12,-291,0.498,0.0,279.0,279.0,0.498,0.498,False,False,False,4620,0,0,0,0,17391,0,0,0,48358
pgn_v1_1_vs_v1_g11_p9,8/1b4k1/p2p4/Pp1P2p1/1P1rB3/1R4KP/8/8 w - - 5 5,late_11_16+quiet,/home/rohanhs568/code/aichessathon-starter/v1_1_vs_v1.pgn,no_null_no_lmr,5,e4c2,-73,20657,26734,0.9351092229771893,1.1918836580007337,7,False,4.504958624020219,e4g2,-12,-390,-12,-390,0.498,0.0,378.0,378.0,0.498,0.498,False,False,False,4620,0,0,0,0,17391,0,0,0,48358
pgn_v1_1_vs_v1_g11_p9,8/1b4k1/p2p4/Pp1P2p1/1P1rB3/1R4KP/8/8 w - - 5 5,late_11_16+quiet,/home/rohanhs568/code/aichessathon-starter/v1_1_vs_v1.pgn,no_null_no_lmr,6,e4c2,-38,22984,49718,1.0795309630047996,2.2714162210177165,7,False,4.504958624020219,e4g2,-12,-390,-12,-390,0.498,0.0,378.0,378.0,0.498,0.498,False,False,False,4620,0,0,0,0,17391,0,0,0,48358
pgn_v1_1_vs_v1_g11_p9,8/1b4k1/p2p4/Pp1P2p1/1P1rB3/1R4KP/8/8 w - - 5 5,late_11_16+quiet,/home/rohanhs568/code/aichessathon-starter/v1_1_vs_v1.pgn,no_null_no_lmr,7,e4c2,-85,45418,95136,2.2335386029735673,4.504956424003467,7,False,4.504958624020219,e4g2,-12,-390,-12,-390,0.498,0.0,378.0,378.0,0.498,0.498,False,False,False,4620,0,0,0,0,17391,0,0,0,48358
pgn_v1_1_vs_v1_g11_p9,8/1b4k1/p2p4/Pp1P2p1/1P1rB3/1R4KP/8/8 w - - 5 5,late_11_16+quiet,/home/rohanhs568/code/aichessathon-starter/v1_1_vs_v1.pgn,no_null_no_futility,1,b3e3,-34,125,125,0.00550498699885793,0.005506287008756772,7,False,1.9159584150183946,e4g2,-12,-74,-12,-74,0.498,0.4085,62.0,62.0,0.08950000000000002,0.08950000000000002,False,False,False,2348,0,0,1904,26,0,0,0,0,23031
pgn_v1_1_vs_v1_g11_p9,8/1b4k1/p2p4/Pp1P2p1/1P1rB3/1R4KP/8/8 w - - 5 5,late_11_16+quiet,/home/rohanhs568/code/aichessathon-starter/v1_1_vs_v1.pgn,no_null_no_futility,2,b3e3,-34,138,263,0.004974498006049544,0.010481785022420809,7,False,1.9159584150183946,e4g2,-12,-74,-12,-74,0.498,0.4085,62.0,62.0,0.08950000000000002,0.08950000000000002,False,False,False,2348,0,0,1904,26,0,0,0,0,23031
pgn_v1_1_vs_v1_g11_p9,8/1b4k1/p2p4/Pp1P2p1/1P1rB3/1R4KP/8/8 w - - 5 5,late_11_16+quiet,/home/rohanhs568/code/aichessathon-starter/v1_1_vs_v1.pgn,no_null_no_futility,3,b3e3,-64,1181,1444,0.04114415601361543,0.051626741013024,7,False,1.9159584150183946,e4g2,-12,-74,-12,-74,0.498,0.4085,62.0,62.0,0.08950000000000002,0.08950000000000002,False,False,False,2348,0,0,1904,26,0,0,0,0,23031
pgn_v1_1_vs_v1_g11_p9,8/1b4k1/p2p4/Pp1P2p1/1P1rB3/1R4KP/8/8 w - - 5 5,late_11_16+quiet,/home/rohanhs568/code/aichessathon-starter/v1_1_vs_v1.pgn,no_null_no_futility,4,e4b1,-54,3549,4993,0.15187208601855673,0.2035004270146601,7,False,1.9159584150183946,e4g2,-12,-291,-12,-291,0.498,0.0,279.0,279.0,0.498,0.498,False,False,False,2348,0,0,1904,26,0,0,0,0,23031
pgn_v1_1_vs_v1_g11_p9,8/1b4k1/p2p4/Pp1P2p1/1P1rB3/1R4KP/8/8 w - - 5 5,late_11_16+quiet,/home/rohanhs568/code/aichessathon-starter/v1_1_vs_v1.pgn,no_null_no_futility,5,e4b1,-65,3887,8880,0.1467070920043625,0.35020911900210194,7,False,1.9159584150183946,e4g2,-12,-291,-12,-291,0.498,0.0,279.0,279.0,0.498,0.498,False,False,False,2348,0,0,1904,26,0,0,0,0,23031
pgn_v1_1_vs_v1_g11_p9,8/1b4k1/p2p4/Pp1P2p1/1P1rB3/1R4KP/8/8 w - - 5 5,late_11_16+quiet,/home/rohanhs568/code/aichessathon-starter/v1_1_vs_v1.pgn,no_null_no_futility,6,e4b1,-65,13912,22792,0.5431536629912443,0.8933641820040066,7,False,1.9159584150183946,e4g2,-12,-291,-12,-291,0.498,0.0,279.0,279.0,0.498,0.498,False,False,False,2348,0,0,1904,26,0,0,0,0,23031
pgn_v1_1_vs_v1_g11_p9,8/1b4k1/p2p4/Pp1P2p1/1P1rB3/1R4KP/8/8 w - - 5 5,late_11_16+quiet,/home/rohanhs568/code/aichessathon-starter/v1_1_vs_v1.pgn,no_null_no_futility,7,e4b1,-85,24344,47136,1.022590432985453,1.9159564150031656,7,False,1.9159584150183946,e4g2,-12,-291,-12,-291,0.498,0.0,279.0,279.0,0.498,0.498,False,False,False,2348,0,0,1904,26,0,0,0,0,23031
pgn_v1_1_vs_v1_g11_p9,8/1b4k1/p2p4/Pp1P2p1/1P1rB3/1R4KP/8/8 w - - 5 5,late_11_16+quiet,/home/rohanhs568/code/aichessathon-starter/v1_1_vs_v1.pgn,no_lmr_no_futility,1,b3e3,-34,125,125,0.005732582998462021,0.005733682977734134,7,False,3.5368670799944084,e4g2,-12,-74,-12,-74,0.498,0.4085,62.0,62.0,0.08950000000000002,0.08950000000000002,False,False,False,1800,872,579,0,0,0,0,0,0,50963
pgn_v1_1_vs_v1_g11_p9,8/1b4k1/p2p4/Pp1P2p1/1P1rB3/1R4KP/8/8 w - - 5 5,late_11_16+quiet,/home/rohanhs568/code/aichessathon-starter/v1_1_vs_v1.pgn,no_lmr_no_futility,2,b3e3,-34,138,263,0.004907599010039121,0.010642381996149197,7,False,3.5368670799944084,e4g2,-12,-74,-12,-74,0.498,0.4085,62.0,62.0,0.08950000000000002,0.08950000000000002,False,False,False,1800,872,579,0,0,0,0,0,0,50963
pgn_v1_1_vs_v1_g11_p9,8/1b4k1/p2p4/Pp1P2p1/1P1rB3/1R4KP/8/8 w - - 5 5,late_11_16+quiet,/home/rohanhs568/code/aichessathon-starter/v1_1_vs_v1.pgn,no_lmr_no_futility,3,b3e3,-64,1181,1444,0.04063516698079184,0.05127834898303263,7,False,3.5368670799944084,e4g2,-12,-74,-12,-74,0.498,0.4085,62.0,62.0,0.08950000000000002,0.08950000000000002,False,False,False,1800,872,579,0,0,0,0,0,0,50963
pgn_v1_1_vs_v1_g11_p9,8/1b4k1/p2p4/Pp1P2p1/1P1rB3/1R4KP/8/8 w - - 5 5,late_11_16+quiet,/home/rohanhs568/code/aichessathon-starter/v1_1_vs_v1.pgn,no_lmr_no_futility,4,e4b1,-54,5401,6845,0.21490449301199988,0.2661839419743046,7,False,3.5368670799944084,e4g2,-12,-291,-12,-291,0.498,0.0,279.0,279.0,0.498,0.498,False,False,False,1800,872,579,0,0,0,0,0,0,50963
pgn_v1_1_vs_v1_g11_p9,8/1b4k1/p2p4/Pp1P2p1/1P1rB3/1R4KP/8/8 w - - 5 5,late_11_16+quiet,/home/rohanhs568/code/aichessathon-starter/v1_1_vs_v1.pgn,no_lmr_no_futility,5,e4b1,-65,9481,16326,0.31280198600143194,0.5789875279879197,7,False,3.5368670799944084,e4g2,-12,-291,-12,-291,0.498,0.0,279.0,279.0,0.498,0.498,False,False,False,1800,872,579,0,0,0,0,0,0,50963
pgn_v1_1_vs_v1_g11_p9,8/1b4k1/p2p4/Pp1P2p1/1P1rB3/1R4KP/8/8 w - - 5 5,late_11_16+quiet,/home/rohanhs568/code/aichessathon-starter/v1_1_vs_v1.pgn,no_lmr_no_futility,6,e4c2,-38,30145,46471,1.1225699829810765,1.7015589109796565,7,False,3.5368670799944084,e4g2,-12,-390,-12,-390,0.498,0.0,378.0,378.0,0.498,0.498,False,False,False,1800,872,579,0,0,0,0,0,0,50963
pgn_v1_1_vs_v1_g11_p9,8/1b4k1/p2p4/Pp1P2p1/1P1rB3/1R4KP/8/8 w - - 5 5,late_11_16+quiet,/home/rohanhs568/code/aichessathon-starter/v1_1_vs_v1.pgn,no_lmr_no_futility,7,e4c2,-85,54653,101124,1.8353044689865783,3.5368650799791794,7,False,3.5368670799944084,e4g2,-12,-390,-12,-390,0.498,0.0,378.0,378.0,0.498,0.498,False,False,False,1800,872,579,0,0,0,0,0,0,50963
pgn_v1_1_vs_v1_g11_p9,8/1b4k1/p2p4/Pp1P2p1/1P1rB3/1R4KP/8/8 w - - 5 5,late_11_16+quiet,/home/rohanhs568/code/aichessathon-starter/v1_1_vs_v1.pgn,no_selectivity,1,b3e3,-34,125,125,0.005855780007550493,0.005857080017449334,7,False,5.000584292021813,e4g2,-12,-74,-12,-74,0.498,0.4085,62.0,62.0,0.08950000000000002,0.08950000000000002,False,False,False,4620,0,0,0,0,0,0,0,0,65745
pgn_v1_1_vs_v1_g11_p9,8/1b4k1/p2p4/Pp1P2p1/1P1rB3/1R4KP/8/8 w - - 5 5,late_11_16+quiet,/home/rohanhs568/code/aichessathon-starter/v1_1_vs_v1.pgn,no_selectivity,2,b3e3,-34,138,263,0.004880100023001432,0.010738580022007227,7,False,5.000584292021813,e4g2,-12,-74,-12,-74,0.498,0.4085,62.0,62.0,0.08950000000000002,0.08950000000000002,False,False,False,4620,0,0,0,0,0,0,0,0,65745
pgn_v1_1_vs_v1_g11_p9,8/1b4k1/p2p4/Pp1P2p1/1P1rB3/1R4KP/8/8 w - - 5 5,late_11_16+quiet,/home/rohanhs568/code/aichessathon-starter/v1_1_vs_v1.pgn,no_selectivity,3,b3e3,-64,1181,1444,0.04072476501460187,0.05146424501435831,7,False,5.000584292021813,e4g2,-12,-74,-12,-74,0.498,0.4085,62.0,62.0,0.08950000000000002,0.08950000000000002,False,False,False,4620,0,0,0,0,0,0,0,0,65745
pgn_v1_1_vs_v1_g11_p9,8/1b4k1/p2p4/Pp1P2p1/1P1rB3/1R4KP/8/8 w - - 5 5,late_11_16+quiet,/home/rohanhs568/code/aichessathon-starter/v1_1_vs_v1.pgn,no_selectivity,4,e4b1,-54,5397,6841,0.21271193999564275,0.26417738501913846,7,False,5.000584292021813,e4g2,-12,-291,-12,-291,0.498,0.0,279.0,279.0,0.498,0.498,False,False,False,4620,0,0,0,0,0,0,0,0,65745
pgn_v1_1_vs_v1_g11_p9,8/1b4k1/p2p4/Pp1P2p1/1P1rB3/1R4KP/8/8 w - - 5 5,late_11_16+quiet,/home/rohanhs568/code/aichessathon-starter/v1_1_vs_v1.pgn,no_selectivity,5,e4c2,-73,25209,32050,0.986204783024732,1.2503836679970846,7,False,5.000584292021813,e4g2,-12,-390,-12,-390,0.498,0.0,378.0,378.0,0.498,0.498,False,False,False,4620,0,0,0,0,0,0,0,0,65745
pgn_v1_1_vs_v1_g11_p9,8/1b4k1/p2p4/Pp1P2p1/1P1rB3/1R4KP/8/8 w - - 5 5,late_11_16+quiet,/home/rohanhs568/code/aichessathon-starter/v1_1_vs_v1.pgn,no_selectivity,6,e4c2,-38,28488,60538,1.1510326050047297,2.401417773013236,7,False,5.000584292021813,e4g2,-12,-390,-12,-390,0.498,0.0,378.0,378.0,0.498,0.498,False,False,False,4620,0,0,0,0,0,0,0,0,65745
pgn_v1_1_vs_v1_g11_p9,8/1b4k1/p2p4/Pp1P2p1/1P1rB3/1R4KP/8/8 w - - 5 5,late_11_16+quiet,/home/rohanhs568/code/aichessathon-starter/v1_1_vs_v1.pgn,no_selectivity,7,e4c2,-85,69373,129911,2.5991628199990373,5.0005821930244565,7,False,5.000584292021813,e4g2,-12,-390,-12,-390,0.498,0.0,378.0,378.0,0.498,0.498,False,False,False,4620,0,0,0,0,0,0,0,0,65745
validation_0247,r3r1k1/6bp/pq2b1p1/RN1Qp1B1/1PP5/8/5PPP/5BK1 w - -,middle_17_23+capture_rich,training/data/samples/lichess_validation_250k.csv,baseline,1,d5e6,82,121,121,0.005825480009661987,0.005826679989695549,7,False,12.33288054500008,d5d6,-10,-403,-10,-403,0.4975,0.0,393.0,393.0,0.4975,0.4975,False,False,False,4630,1871,1145,7214,70,27264,0,0,0,127300
validation_0247,r3r1k1/6bp/pq2b1p1/RN1Qp1B1/1PP5/8/5PPP/5BK1 w - -,middle_17_23+capture_rich,training/data/samples/lichess_validation_250k.csv,baseline,2,d5e6,82,345,466,0.022272344009252265,0.028100124007323757,7,False,12.33288054500008,d5d6,-10,-403,-10,-403,0.4975,0.0,393.0,393.0,0.4975,0.4975,False,False,False,4630,1871,1145,7214,70,27264,0,0,0,127300
validation_0247,r3r1k1/6bp/pq2b1p1/RN1Qp1B1/1PP5/8/5PPP/5BK1 w - -,middle_17_23+capture_rich,training/data/samples/lichess_validation_250k.csv,baseline,3,d5d6,-14,4004,4470,0.18757295497925952,0.21567427899572067,7,False,12.33288054500008,d5d6,-10,-10,-10,-10,0.4975,0.4975,0.0,0.0,0.0,0.0,False,False,False,4630,1871,1145,7214,70,27264,0,0,0,127300
validation_0247,r3r1k1/6bp/pq2b1p1/RN1Qp1B1/1PP5/8/5PPP/5BK1 w - -,middle_17_23+capture_rich,training/data/samples/lichess_validation_250k.csv,baseline,4,d5d6,25,7281,11751,0.48290390099282376,0.6985795799992047,7,False,12.33288054500008,d5d6,-10,-10,-10,-10,0.4975,0.4975,0.0,0.0,0.0,0.0,False,False,False,4630,1871,1145,7214,70,27264,0,0,0,127300
validation_0247,r3r1k1/6bp/pq2b1p1/RN1Qp1B1/1PP5/8/5PPP/5BK1 w - -,middle_17_23+capture_rich,training/data/samples/lichess_validation_250k.csv,baseline,5,d5f3,-13,16740,28491,0.9140661619894672,1.6126472420000937,7,False,12.33288054500008,d5d6,-10,-187,-10,-187,0.4975,0.0045,177.0,177.0,0.493,0.493,False,False,False,4630,1871,1145,7214,70,27264,0,0,0,127300
validation_0247,r3r1k1/6bp/pq2b1p1/RN1Qp1B1/1PP5/8/5PPP/5BK1 w - -,middle_17_23+capture_rich,training/data/samples/lichess_validation_250k.csv,baseline,6,d5e4,20,89975,118466,5.220967888977611,6.833617230993696,7,False,12.33288054500008,d5d6,-10,-181,-10,-181,0.4975,0.006,171.0,171.0,0.4915,0.4915,False,False,False,4630,1871,1145,7214,70,27264,0,0,0,127300
validation_0247,r3r1k1/6bp/pq2b1p1/RN1Qp1B1/1PP5/8/5PPP/5BK1 w - -,middle_17_23+capture_rich,training/data/samples/lichess_validation_250k.csv,baseline,7,d5e4,21,91906,210372,5.499259414005792,12.332878545013955,7,False,12.33288054500008,d5d6,-10,-181,-10,-181,0.4975,0.006,171.0,171.0,0.4915,0.4915,False,False,False,4630,1871,1145,7214,70,27264,0,0,0,127300
validation_0247,r3r1k1/6bp/pq2b1p1/RN1Qp1B1/1PP5/8/5PPP/5BK1 w - -,middle_17_23+capture_rich,training/data/samples/lichess_validation_250k.csv,no_null,1,d5e6,82,121,121,0.006059776002075523,0.006060976011212915,6,True,20.014370437012985,d5d6,-10,-403,-10,-403,0.4975,0.0,393.0,393.0,0.4975,0.4975,False,False,False,15072,0,0,10158,84,32464,0,0,0,195717
validation_0247,r3r1k1/6bp/pq2b1p1/RN1Qp1B1/1PP5/8/5PPP/5BK1 w - -,middle_17_23+capture_rich,training/data/samples/lichess_validation_250k.csv,no_null,2,d5e6,82,345,466,0.02292512997519225,0.028987906000111252,6,True,20.014370437012985,d5d6,-10,-403,-10,-403,0.4975,0.0,393.0,393.0,0.4975,0.4975,False,False,False,15072,0,0,10158,84,32464,0,0,0,195717
validation_0247,r3r1k1/6bp/pq2b1p1/RN1Qp1B1/1PP5/8/5PPP/5BK1 w - -,middle_17_23+capture_rich,training/data/samples/lichess_validation_250k.csv,no_null,3,d5d6,-14,4004,4470,0.18759605300147086,0.2165853590122424,6,True,20.014370437012985,d5d6,-10,-10,-10,-10,0.4975,0.4975,0.0,0.0,0.0,0.0,False,False,False,15072,0,0,10158,84,32464,0,0,0,195717
validation_0247,r3r1k1/6bp/pq2b1p1/RN1Qp1B1/1PP5/8/5PPP/5BK1 w - -,middle_17_23+capture_rich,training/data/samples/lichess_validation_250k.csv,no_null,4,d5d6,25,7960,12430,0.5229070789937396,0.7394937380158808,6,True,20.014370437012985,d5d6,-10,-10,-10,-10,0.4975,0.4975,0.0,0.0,0.0,0.0,False,False,False,15072,0,0,10158,84,32464,0,0,0,195717
validation_0247,r3r1k1/6bp/pq2b1p1/RN1Qp1B1/1PP5/8/5PPP/5BK1 w - -,middle_17_23+capture_rich,training/data/samples/lichess_validation_250k.csv,no_null,5,d5f3,-13,16737,29167,0.8922781060100533,1.6317734440090135,6,True,20.014370437012985,d5d6,-10,-187,-10,-187,0.4975,0.0045,177.0,177.0,0.493,0.493,False,False,False,15072,0,0,10158,84,32464,0,0,0,195717
validation_0247,r3r1k1/6bp/pq2b1p1/RN1Qp1B1/1PP5/8/5PPP/5BK1 w - -,middle_17_23+capture_rich,training/data/samples/lichess_validation_250k.csv,no_null,6,d5e4,20,94613,123780,5.571693365985993,7.203468510007951,6,True,20.014370437012985,d5d6,-10,-181,-10,-181,0.4975,0.006,171.0,171.0,0.4915,0.4915,False,False,False,15072,0,0,10158,84,32464,0,0,0,195717
validation_0247,r3r1k1/6bp/pq2b1p1/RN1Qp1B1/1PP5/8/5PPP/5BK1 w - -,middle_17_23+capture_rich,training/data/samples/lichess_validation_250k.csv,null_safe,1,d5e6,82,121,121,0.0056759840226732194,0.005677184002706781,7,False,16.788264571980108,d5d6,-10,-403,-10,-403,0.4975,0.0,393.0,393.0,0.4975,0.4975,False,False,False,11467,252,93,6689,77,27097,0,0,0,159820
validation_0247,r3r1k1/6bp/pq2b1p1/RN1Qp1B1/1PP5/8/5PPP/5BK1 w - -,middle_17_23+capture_rich,training/data/samples/lichess_validation_250k.csv,null_safe,2,d5e6,82,345,466,0.022186845017131418,0.027864928997587413,7,False,16.788264571980108,d5d6,-10,-403,-10,-403,0.4975,0.0,393.0,393.0,0.4975,0.4975,False,False,False,11467,252,93,6689,77,27097,0,0,0,159820
validation_0247,r3r1k1/6bp/pq2b1p1/RN1Qp1B1/1PP5/8/5PPP/5BK1 w - -,middle_17_23+capture_rich,training/data/samples/lichess_validation_250k.csv,null_safe,3,d5d6,-14,4004,4470,0.18812464299844578,0.21599057200364769,7,False,16.788264571980108,d5d6,-10,-10,-10,-10,0.4975,0.4975,0.0,0.0,0.0,0.0,False,False,False,11467,252,93,6689,77,27097,0,0,0,159820
validation_0247,r3r1k1/6bp/pq2b1p1/RN1Qp1B1/1PP5/8/5PPP/5BK1 w - -,middle_17_23+capture_rich,training/data/samples/lichess_validation_250k.csv,null_safe,4,d5d6,25,7960,12430,0.5256381240033079,0.7416301959892735,7,False,16.788264571980108,d5d6,-10,-10,-10,-10,0.4975,0.4975,0.0,0.0,0.0,0.0,False,False,False,11467,252,93,6689,77,27097,0,0,0,159820
validation_0247,r3r1k1/6bp/pq2b1p1/RN1Qp1B1/1PP5/8/5PPP/5BK1 w - -,middle_17_23+capture_rich,training/data/samples/lichess_validation_250k.csv,null_safe,5,d5f3,-13,16665,29095,0.8980274899804499,1.6396589859796222,7,False,16.788264571980108,d5d6,-10,-187,-10,-187,0.4975,0.0045,177.0,177.0,0.493,0.493,False,False,False,11467,252,93,6689,77,27097,0,0,0,159820
validation_0247,r3r1k1/6bp/pq2b1p1/RN1Qp1B1/1PP5/8/5PPP/5BK1 w - -,middle_17_23+capture_rich,training/data/samples/lichess_validation_250k.csv,null_safe,6,d5e4,20,96114,125209,5.622349874989595,7.262010560982162,7,False,16.788264571980108,d5d6,-10,-181,-10,-181,0.4975,0.006,171.0,171.0,0.4915,0.4915,False,False,False,11467,252,93,6689,77,27097,0,0,0,159820
validation_0247,r3r1k1/6bp/pq2b1p1/RN1Qp1B1/1PP5/8/5PPP/5BK1 w - -,middle_17_23+capture_rich,training/data/samples/lichess_validation_250k.csv,null_safe,7,d5e4,39,147406,272615,9.526250210998114,16.788262671994744,7,False,16.788264571980108,d5d6,-10,-181,-10,-181,0.4975,0.006,171.0,171.0,0.4915,0.4915,False,False,False,11467,252,93,6689,77,27097,0,0,0,159820
validation_0247,r3r1k1/6bp/pq2b1p1/RN1Qp1B1/1PP5/8/5PPP/5BK1 w - -,middle_17_23+capture_rich,training/data/samples/lichess_validation_250k.csv,no_lmr,1,d5e6,82,121,121,0.00566758299828507,0.005668983008945361,6,True,20.006500137009425,d5d6,-10,-403,-10,-403,0.4975,0.0,393.0,393.0,0.4975,0.4975,False,False,False,8632,3402,2224,0,0,127087,0,1,0,189330
validation_0247,r3r1k1/6bp/pq2b1p1/RN1Qp1B1/1PP5/8/5PPP/5BK1 w - -,middle_17_23+capture_rich,training/data/samples/lichess_validation_250k.csv,no_lmr,2,d5e6,82,345,466,0.02214744599768892,0.027817529015010223,6,True,20.006500137009425,d5d6,-10,-403,-10,-403,0.4975,0.0,393.0,393.0,0.4975,0.4975,False,False,False,8632,3402,2224,0,0,127087,0,1,0,189330
validation_0247,r3r1k1/6bp/pq2b1p1/RN1Qp1B1/1PP5/8/5PPP/5BK1 w - -,middle_17_23+capture_rich,training/data/samples/lichess_validation_250k.csv,no_lmr,3,d5d6,-14,4004,4470,0.1870059650100302,0.21482439400278963,6,True,20.006500137009425,d5d6,-10,-10,-10,-10,0.4975,0.4975,0.0,0.0,0.0,0.0,False,False,False,8632,3402,2224,0,0,127087,0,1,0,189330
validation_0247,r3r1k1/6bp/pq2b1p1/RN1Qp1B1/1PP5/8/5PPP/5BK1 w - -,middle_17_23+capture_rich,training/data/samples/lichess_validation_250k.csv,no_lmr,4,d5d6,25,8639,13109,0.5327587749925442,0.7475846690067556,6,True,20.006500137009425,d5d6,-10,-10,-10,-10,0.4975,0.4975,0.0,0.0,0.0,0.0,False,False,False,8632,3402,2224,0,0,127087,0,1,0,189330
validation_0247,r3r1k1/6bp/pq2b1p1/RN1Qp1B1/1PP5/8/5PPP/5BK1 w - -,middle_17_23+capture_rich,training/data/samples/lichess_validation_250k.csv,no_lmr,5,d5d6,-14,26526,39635,1.5210034099873155,2.2685894790047314,6,True,20.006500137009425,d5d6,-10,-10,-10,-10,0.4975,0.4975,0.0,0.0,0.0,0.0,False,False,False,8632,3402,2224,0,0,127087,0,1,0,189330
validation_0247,r3r1k1/6bp/pq2b1p1/RN1Qp1B1/1PP5/8/5PPP/5BK1 w - -,middle_17_23+capture_rich,training/data/samples/lichess_validation_250k.csv,no_lmr,6,d5e4,50,111616,151251,6.816560642997501,9.085152222018223,6,True,20.006500137009425,d5d6,-10,-181,-10,-181,0.4975,0.006,171.0,171.0,0.4915,0.4915,False,False,False,8632,3402,2224,0,0,127087,0,1,0,189330
validation_0247,r3r1k1/6bp/pq2b1p1/RN1Qp1B1/1PP5/8/5PPP/5BK1 w - -,middle_17_23+capture_rich,training/data/samples/lichess_validation_250k.csv,lmr_safe,1,d5e6,82,121,121,0.005691583006409928,0.005693183018593118,7,False,13.705713422998087,d5d6,-10,-403,-10,-403,0.4975,0.0,393.0,393.0,0.4975,0.4975,False,False,False,5235,1904,1113,2879,10,73574,0,0,0,137008
validation_0247,r3r1k1/6bp/pq2b1p1/RN1Qp1B1/1PP5/8/5PPP/5BK1 w - -,middle_17_23+capture_rich,training/data/samples/lichess_validation_250k.csv,lmr_safe,2,d5e6,82,345,466,0.022127047006506473,0.027821330004371703,7,False,13.705713422998087,d5d6,-10,-403,-10,-403,0.4975,0.0,393.0,393.0,0.4975,0.4975,False,False,False,5235,1904,1113,2879,10,73574,0,0,0,137008
validation_0247,r3r1k1/6bp/pq2b1p1/RN1Qp1B1/1PP5/8/5PPP/5BK1 w - -,middle_17_23+capture_rich,training/data/samples/lichess_validation_250k.csv,lmr_safe,3,d5d6,-14,4004,4470,0.18716406598105095,0.21498619500198402,7,False,13.705713422998087,d5d6,-10,-10,-10,-10,0.4975,0.4975,0.0,0.0,0.0,0.0,False,False,False,5235,1904,1113,2879,10,73574,0,0,0,137008
validation_0247,r3r1k1/6bp/pq2b1p1/RN1Qp1B1/1PP5/8/5PPP/5BK1 w - -,middle_17_23+capture_rich,training/data/samples/lichess_validation_250k.csv,lmr_safe,4,d5d6,25,8639,13109,0.5291025589976925,0.7440904540126212,7,False,13.705713422998087,d5d6,-10,-10,-10,-10,0.4975,0.4975,0.0,0.0,0.0,0.0,False,False,False,5235,1904,1113,2879,10,73574,0,0,0,137008
validation_0247,r3r1k1/6bp/pq2b1p1/RN1Qp1B1/1PP5/8/5PPP/5BK1 w - -,middle_17_23+capture_rich,training/data/samples/lichess_validation_250k.csv,lmr_safe,5,d5f3,-13,23709,36818,1.2542802999960259,1.9983723540208302,7,False,13.705713422998087,d5d6,-10,-187,-10,-187,0.4975,0.0045,177.0,177.0,0.493,0.493,False,False,False,5235,1904,1113,2879,10,73574,0,0,0,137008
validation_0247,r3r1k1/6bp/pq2b1p1/RN1Qp1B1/1PP5/8/5PPP/5BK1 w - -,middle_17_23+capture_rich,training/data/samples/lichess_validation_250k.csv,lmr_safe,6,d5e4,20,98889,135707,5.390016392018879,7.38839044602355,7,False,13.705713422998087,d5d6,-10,-181,-10,-181,0.4975,0.006,171.0,171.0,0.4915,0.4915,False,False,False,5235,1904,1113,2879,10,73574,0,0,0,137008
validation_0247,r3r1k1/6bp/pq2b1p1/RN1Qp1B1/1PP5/8/5PPP/5BK1 w - -,middle_17_23+capture_rich,training/data/samples/lichess_validation_250k.csv,lmr_safe,7,d5e4,-5,113276,248983,6.317319377005333,13.7057113230112,7,False,13.705713422998087,d5d6,-10,-181,-10,-181,0.4975,0.006,171.0,171.0,0.4915,0.4915,False,False,False,5235,1904,1113,2879,10,73574,0,0,0,137008
validation_0247,r3r1k1/6bp/pq2b1p1/RN1Qp1B1/1PP5/8/5PPP/5BK1 w - -,middle_17_23+capture_rich,training/data/samples/lichess_validation_250k.csv,no_futility,1,d5e6,82,121,121,0.005768882023403421,0.005769981973571703,7,False,13.382798298000125,d5d6,-10,-403,-10,-403,0.4975,0.0,393.0,393.0,0.4975,0.4975,False,False,False,4629,1871,1145,7213,70,0,0,0,0,154570
validation_0247,r3r1k1/6bp/pq2b1p1/RN1Qp1B1/1PP5/8/5PPP/5BK1 w - -,middle_17_23+capture_rich,training/data/samples/lichess_validation_250k.csv,no_futility,2,d5e6,82,345,466,0.021910351992119104,0.02768143397406675,7,False,13.382798298000125,d5d6,-10,-403,-10,-403,0.4975,0.0,393.0,393.0,0.4975,0.4975,False,False,False,4629,1871,1145,7213,70,0,0,0,0,154570
validation_0247,r3r1k1/6bp/pq2b1p1/RN1Qp1B1/1PP5/8/5PPP/5BK1 w - -,middle_17_23+capture_rich,training/data/samples/lichess_validation_250k.csv,no_futility,3,d5d6,-14,4056,4522,0.18174628299311735,0.2094289169763215,7,False,13.382798298000125,d5d6,-10,-10,-10,-10,0.4975,0.4975,0.0,0.0,0.0,0.0,False,False,False,4629,1871,1145,7213,70,0,0,0,0,154570
validation_0247,r3r1k1/6bp/pq2b1p1/RN1Qp1B1/1PP5/8/5PPP/5BK1 w - -,middle_17_23+capture_rich,training/data/samples/lichess_validation_250k.csv,no_futility,4,d5d6,25,7489,12011,0.4760900610126555,0.6855204780003987,7,False,13.382798298000125,d5d6,-10,-10,-10,-10,0.4975,0.4975,0.0,0.0,0.0,0.0,False,False,False,4629,1871,1145,7213,70,0,0,0,0,154570
validation_0247,r3r1k1/6bp/pq2b1p1/RN1Qp1B1/1PP5/8/5PPP/5BK1 w - -,middle_17_23+capture_rich,training/data/samples/lichess_validation_250k.csv,no_futility,5,d5f3,-13,23942,35953,1.0916070450039115,1.7771288229851052,7,False,13.382798298000125,d5d6,-10,-187,-10,-187,0.4975,0.0045,177.0,177.0,0.493,0.493,False,False,False,4629,1871,1145,7213,70,0,0,0,0,154570
validation_0247,r3r1k1/6bp/pq2b1p1/RN1Qp1B1/1PP5/8/5PPP/5BK1 w - -,middle_17_23+capture_rich,training/data/samples/lichess_validation_250k.csv,no_futility,6,d5e4,20,126259,162212,5.9617365959857125,7.738866918982239,7,False,13.382798298000125,d5d6,-10,-181,-10,-181,0.4975,0.006,171.0,171.0,0.4915,0.4915,False,False,False,4629,1871,1145,7213,70,0,0,0,0,154570
validation_0247,r3r1k1/6bp/pq2b1p1/RN1Qp1B1/1PP5/8/5PPP/5BK1 w - -,middle_17_23+capture_rich,training/data/samples/lichess_validation_250k.csv,no_futility,7,d5e4,21,102701,264913,5.643928078992758,13.382796297984896,7,False,13.382798298000125,d5d6,-10,-181,-10,-181,0.4975,0.006,171.0,171.0,0.4915,0.4915,False,False,False,4629,1871,1145,7213,70,0,0,0,0,154570
validation_0247,r3r1k1/6bp/pq2b1p1/RN1Qp1B1/1PP5/8/5PPP/5BK1 w - -,middle_17_23+capture_rich,training/data/samples/lichess_validation_250k.csv,capture_material_order,1,d5e6,82,121,121,0.005715883016819134,0.005717183026717976,7,False,11.831043899001088,d5d6,-10,-403,-10,-403,0.4975,0.0,393.0,393.0,0.4975,0.4975,False,False,False,3760,1757,1107,7353,48,24927,0,1,114938,119249
validation_0247,r3r1k1/6bp/pq2b1p1/RN1Qp1B1/1PP5/8/5PPP/5BK1 w - -,middle_17_23+capture_rich,training/data/samples/lichess_validation_250k.csv,capture_material_order,2,d5e6,82,320,441,0.020825675019295886,0.026543858024524525,7,False,11.831043899001088,d5d6,-10,-403,-10,-403,0.4975,0.0,393.0,393.0,0.4975,0.4975,False,False,False,3760,1757,1107,7353,48,24927,0,1,114938,119249
validation_0247,r3r1k1/6bp/pq2b1p1/RN1Qp1B1/1PP5/8/5PPP/5BK1 w - -,middle_17_23+capture_rich,training/data/samples/lichess_validation_250k.csv,capture_material_order,3,d5d6,-14,4387,4828,0.2086604390060529,0.2352052970090881,7,False,11.831043899001088,d5d6,-10,-10,-10,-10,0.4975,0.4975,0.0,0.0,0.0,0.0,False,False,False,3760,1757,1107,7353,48,24927,0,1,114938,119249
validation_0247,r3r1k1/6bp/pq2b1p1/RN1Qp1B1/1PP5/8/5PPP/5BK1 w - -,middle_17_23+capture_rich,training/data/samples/lichess_validation_250k.csv,capture_material_order,4,d5d6,25,8254,13082,0.5503038619935978,0.7855106590141077,7,False,11.831043899001088,d5d6,-10,-10,-10,-10,0.4975,0.4975,0.0,0.0,0.0,0.0,False,False,False,3760,1757,1107,7353,48,24927,0,1,114938,119249
validation_0247,r3r1k1/6bp/pq2b1p1/RN1Qp1B1/1PP5/8/5PPP/5BK1 w - -,middle_17_23+capture_rich,training/data/samples/lichess_validation_250k.csv,capture_material_order,5,d5f3,-13,20491,33573,1.0520220159960445,1.837534175021574,7,False,11.831043899001088,d5d6,-10,-187,-10,-187,0.4975,0.0045,177.0,177.0,0.493,0.493,False,False,False,3760,1757,1107,7353,48,24927,0,1,114938,119249
validation_0247,r3r1k1/6bp/pq2b1p1/RN1Qp1B1/1PP5/8/5PPP/5BK1 w - -,middle_17_23+capture_rich,training/data/samples/lichess_validation_250k.csv,capture_material_order,6,d5e4,50,98966,132539,5.902371860021958,7.7399078349990305,7,False,11.831043899001088,d5d6,-10,-181,-10,-181,0.4975,0.006,171.0,171.0,0.4915,0.4915,False,False,False,3760,1757,1107,7353,48,24927,0,1,114938,119249
validation_0247,r3r1k1/6bp/pq2b1p1/RN1Qp1B1/1PP5/8/5PPP/5BK1 w - -,middle_17_23+capture_rich,training/data/samples/lichess_validation_250k.csv,capture_material_order,7,d5e4,29,68751,201290,4.091132164001465,11.831041899014963,7,False,11.831043899001088,d5d6,-10,-181,-10,-181,0.4975,0.006,171.0,171.0,0.4915,0.4915,False,False,False,3760,1757,1107,7353,48,24927,0,1,114938,119249
validation_0247,r3r1k1/6bp/pq2b1p1/RN1Qp1B1/1PP5/8/5PPP/5BK1 w - -,middle_17_23+capture_rich,training/data/samples/lichess_validation_250k.csv,no_aspiration,1,d5e6,82,121,121,0.005716382991522551,0.005717583000659943,7,False,12.111644046002766,d5d6,-10,-403,-10,-403,0.4975,0.0,393.0,393.0,0.4975,0.4975,False,False,False,4131,1723,1098,7500,104,33111,0,0,0,126927
validation_0247,r3r1k1/6bp/pq2b1p1/RN1Qp1B1/1PP5/8/5PPP/5BK1 w - -,middle_17_23+capture_rich,training/data/samples/lichess_validation_250k.csv,no_aspiration,2,d5e6,82,345,466,0.022284742997726426,0.02800332600600086,7,False,12.111644046002766,d5d6,-10,-403,-10,-403,0.4975,0.0,393.0,393.0,0.4975,0.4975,False,False,False,4131,1723,1098,7500,104,33111,0,0,0,126927
validation_0247,r3r1k1/6bp/pq2b1p1/RN1Qp1B1/1PP5/8/5PPP/5BK1 w - -,middle_17_23+capture_rich,training/data/samples/lichess_validation_250k.csv,no_aspiration,3,d5d6,-14,4004,4470,0.18594168999698013,0.21394611601135693,7,False,12.111644046002766,d5d6,-10,-10,-10,-10,0.4975,0.4975,0.0,0.0,0.0,0.0,False,False,False,4131,1723,1098,7500,104,33111,0,0,0,126927
validation_0247,r3r1k1/6bp/pq2b1p1/RN1Qp1B1/1PP5/8/5PPP/5BK1 w - -,middle_17_23+capture_rich,training/data/samples/lichess_validation_250k.csv,no_aspiration,4,d5d6,25,7346,11816,0.4839841799985152,0.6979315959906671,7,False,12.111644046002766,d5d6,-10,-10,-10,-10,0.4975,0.4975,0.0,0.0,0.0,0.0,False,False,False,4131,1723,1098,7500,104,33111,0,0,0,126927
validation_0247,r3r1k1/6bp/pq2b1p1/RN1Qp1B1/1PP5/8/5PPP/5BK1 w - -,middle_17_23+capture_rich,training/data/samples/lichess_validation_250k.csv,no_aspiration,5,d5f3,-13,16746,28562,0.9055002430104651,1.6034334390133154,7,False,12.111644046002766,d5d6,-10,-187,-10,-187,0.4975,0.0045,177.0,177.0,0.493,0.493,False,False,False,4131,1723,1098,7500,104,33111,0,0,0,126927
validation_0247,r3r1k1/6bp/pq2b1p1/RN1Qp1B1/1PP5/8/5PPP/5BK1 w - -,middle_17_23+capture_rich,training/data/samples/lichess_validation_250k.csv,no_aspiration,6,d5e4,54,126971,155533,7.2669597149943,8.870394653000403,7,False,12.111644046002766,d5d6,-10,-181,-10,-181,0.4975,0.006,171.0,171.0,0.4915,0.4915,False,False,False,4131,1723,1098,7500,104,33111,0,0,0,126927
validation_0247,r3r1k1/6bp/pq2b1p1/RN1Qp1B1/1PP5/8/5PPP/5BK1 w - -,middle_17_23+capture_rich,training/data/samples/lichess_validation_250k.csv,no_aspiration,7,d5e4,29,53425,208958,3.241245693003293,12.111641746014357,7,False,12.111644046002766,d5d6,-10,-181,-10,-181,0.4975,0.006,171.0,171.0,0.4915,0.4915,False,False,False,4131,1723,1098,7500,104,33111,0,0,0,126927
validation_0247,r3r1k1/6bp/pq2b1p1/RN1Qp1B1/1PP5/8/5PPP/5BK1 w - -,middle_17_23+capture_rich,training/data/samples/lichess_validation_250k.csv,no_pvs,1,d5e6,82,115,115,0.005886480008484796,0.005887680017622188,7,False,10.06278685000143,d5d6,-10,-403,-10,-403,0.4975,0.0,393.0,393.0,0.4975,0.4975,False,False,False,3610,1691,1115,6109,39,26989,0,0,0,101966
validation_0247,r3r1k1/6bp/pq2b1p1/RN1Qp1B1/1PP5/8/5PPP/5BK1 w - -,middle_17_23+capture_rich,training/data/samples/lichess_validation_250k.csv,no_pvs,2,d5e6,82,402,517,0.02530848199967295,0.031197962001897395,7,False,10.06278685000143,d5d6,-10,-403,-10,-403,0.4975,0.0,393.0,393.0,0.4975,0.4975,False,False,False,3610,1691,1115,6109,39,26989,0,0,0,101966
validation_0247,r3r1k1/6bp/pq2b1p1/RN1Qp1B1/1PP5/8/5PPP/5BK1 w - -,middle_17_23+capture_rich,training/data/samples/lichess_validation_250k.csv,no_pvs,3,d5d6,-14,3562,4079,0.1603765189938713,0.19157598100719042,7,False,10.06278685000143,d5d6,-10,-10,-10,-10,0.4975,0.4975,0.0,0.0,0.0,0.0,False,False,False,3610,1691,1115,6109,39,26989,0,0,0,101966
validation_0247,r3r1k1/6bp/pq2b1p1/RN1Qp1B1/1PP5/8/5PPP/5BK1 w - -,middle_17_23+capture_rich,training/data/samples/lichess_validation_250k.csv,no_pvs,4,d5d6,25,7318,11397,0.481622747000074,0.6732003280194476,7,False,10.06278685000143,d5d6,-10,-10,-10,-10,0.4975,0.4975,0.0,0.0,0.0,0.0,False,False,False,3610,1691,1115,6109,39,26989,0,0,0,101966
validation_0247,r3r1k1/6bp/pq2b1p1/RN1Qp1B1/1PP5/8/5PPP/5BK1 w - -,middle_17_23+capture_rich,training/data/samples/lichess_validation_250k.csv,no_pvs,5,d5d6,-14,15224,26621,0.8324769700120669,1.5056787980138324,7,False,10.06278685000143,d5d6,-10,-10,-10,-10,0.4975,0.4975,0.0,0.0,0.0,0.0,False,False,False,3610,1691,1115,6109,39,26989,0,0,0,101966
validation_0247,r3r1k1/6bp/pq2b1p1/RN1Qp1B1/1PP5/8/5PPP/5BK1 w - -,middle_17_23+capture_rich,training/data/samples/lichess_validation_250k.csv,no_pvs,6,d5e4,20,57264,83885,3.4224045449809637,4.928084943006979,7,False,10.06278685000143,d5d6,-10,-181,-10,-181,0.4975,0.006,171.0,171.0,0.4915,0.4915,False,False,False,3610,1691,1115,6109,39,26989,0,0,0,101966
validation_0247,r3r1k1/6bp/pq2b1p1/RN1Qp1B1/1PP5/8/5PPP/5BK1 w - -,middle_17_23+capture_rich,training/data/samples/lichess_validation_250k.csv,no_pvs,7,d5e4,21,84249,168134,5.1346983069961425,10.062784750014544,7,False,10.06278685000143,d5d6,-10,-181,-10,-181,0.4975,0.006,171.0,171.0,0.4915,0.4915,False,False,False,3610,1691,1115,6109,39,26989,0,0,0,101966
validation_0247,r3r1k1/6bp/pq2b1p1/RN1Qp1B1/1PP5/8/5PPP/5BK1 w - -,middle_17_23+capture_rich,training/data/samples/lichess_validation_250k.csv,no_null_no_lmr,1,d5e6,82,121,121,0.0057905809953808784,0.0057917810045182705,6,True,20.005522778985323,d5d6,-10,-403,-10,-403,0.4975,0.0,393.0,393.0,0.4975,0.4975,False,False,False,12655,0,0,0,0,87602,0,1,0,188219
validation_0247,r3r1k1/6bp/pq2b1p1/RN1Qp1B1/1PP5/8/5PPP/5BK1 w - -,middle_17_23+capture_rich,training/data/samples/lichess_validation_250k.csv,no_null_no_lmr,2,d5e6,82,345,466,0.02240254101343453,0.02819552199798636,6,True,20.005522778985323,d5d6,-10,-403,-10,-403,0.4975,0.0,393.0,393.0,0.4975,0.4975,False,False,False,12655,0,0,0,0,87602,0,1,0,188219
validation_0247,r3r1k1/6bp/pq2b1p1/RN1Qp1B1/1PP5/8/5PPP/5BK1 w - -,middle_17_23+capture_rich,training/data/samples/lichess_validation_250k.csv,no_null_no_lmr,3,d5d6,-14,4004,4470,0.18561359698651358,0.21381051899516024,6,True,20.005522778985323,d5d6,-10,-10,-10,-10,0.4975,0.4975,0.0,0.0,0.0,0.0,False,False,False,12655,0,0,0,0,87602,0,1,0,188219
validation_0247,r3r1k1/6bp/pq2b1p1/RN1Qp1B1/1PP5/8/5PPP/5BK1 w - -,middle_17_23+capture_rich,training/data/samples/lichess_validation_250k.csv,no_null_no_lmr,4,d5d6,25,9318,13788,0.5699121249781456,0.7837240439839661,6,True,20.005522778985323,d5d6,-10,-10,-10,-10,0.4975,0.4975,0.0,0.0,0.0,0.0,False,False,False,12655,0,0,0,0,87602,0,1,0,188219
validation_0247,r3r1k1/6bp/pq2b1p1/RN1Qp1B1/1PP5/8/5PPP/5BK1 w - -,middle_17_23+capture_rich,training/data/samples/lichess_validation_250k.csv,no_null_no_lmr,5,d5d6,-14,33936,47724,1.8267145290155895,2.6104400729818735,6,True,20.005522778985323,d5d6,-10,-10,-10,-10,0.4975,0.4975,0.0,0.0,0.0,0.0,False,False,False,12655,0,0,0,0,87602,0,1,0,188219
validation_0247,r3r1k1/6bp/pq2b1p1/RN1Qp1B1/1PP5/8/5PPP/5BK1 w - -,middle_17_23+capture_rich,training/data/samples/lichess_validation_250k.csv,no_null_no_lmr,6,d5e4,54,206791,254515,13.170357152994256,15.780799025989836,6,True,20.005522778985323,d5d6,-10,-181,-10,-181,0.4975,0.006,171.0,171.0,0.4915,0.4915,False,False,False,12655,0,0,0,0,87602,0,1,0,188219
validation_0247,r3r1k1/6bp/pq2b1p1/RN1Qp1B1/1PP5/8/5PPP/5BK1 w - -,middle_17_23+capture_rich,training/data/samples/lichess_validation_250k.csv,no_null_no_futility,1,d5e6,82,121,121,0.0057902809930965304,0.005791580973891541,6,True,20.012654972990276,d5d6,-10,-403,-10,-403,0.4975,0.0,393.0,393.0,0.4975,0.4975,False,False,False,12751,0,0,9159,84,0,0,0,0,220893
validation_0247,r3r1k1/6bp/pq2b1p1/RN1Qp1B1/1PP5/8/5PPP/5BK1 w - -,middle_17_23+capture_rich,training/data/samples/lichess_validation_250k.csv,no_null_no_futility,2,d5e6,82,345,466,0.02160385699244216,0.027396837976993993,6,True,20.012654972990276,d5d6,-10,-403,-10,-403,0.4975,0.0,393.0,393.0,0.4975,0.4975,False,False,False,12751,0,0,9159,84,0,0,0,0,220893
validation_0247,r3r1k1/6bp/pq2b1p1/RN1Qp1B1/1PP5/8/5PPP/5BK1 w - -,middle_17_23+capture_rich,training/data/samples/lichess_validation_250k.csv,no_null_no_futility,3,d5d6,-14,4056,4522,0.18087579600978643,0.2082736339943949,6,True,20.012654972990276,d5d6,-10,-10,-10,-10,0.4975,0.4975,0.0,0.0,0.0,0.0,False,False,False,12751,0,0,9159,84,0,0,0,0,220893
validation_0247,r3r1k1/6bp/pq2b1p1/RN1Qp1B1/1PP5/8/5PPP/5BK1 w - -,middle_17_23+capture_rich,training/data/samples/lichess_validation_250k.csv,no_null_no_futility,4,d5d6,25,8168,12690,0.5161697270232253,0.7244447609991767,6,True,20.012654972990276,d5d6,-10,-10,-10,-10,0.4975,0.4975,0.0,0.0,0.0,0.0,False,False,False,12751,0,0,9159,84,0,0,0,0,220893
validation_0247,r3r1k1/6bp/pq2b1p1/RN1Qp1B1/1PP5/8/5PPP/5BK1 w - -,middle_17_23+capture_rich,training/data/samples/lichess_validation_250k.csv,no_null_no_futility,5,d5f3,-13,23987,36677,1.0742106980178505,1.7986568589985836,6,True,20.012654972990276,d5d6,-10,-187,-10,-187,0.4975,0.0045,177.0,177.0,0.493,0.493,False,False,False,12751,0,0,9159,84,0,0,0,0,220893
validation_0247,r3r1k1/6bp/pq2b1p1/RN1Qp1B1/1PP5/8/5PPP/5BK1 w - -,middle_17_23+capture_rich,training/data/samples/lichess_validation_250k.csv,no_null_no_futility,6,d5e4,20,131367,168044,6.336364813003456,8.135023171984358,6,True,20.012654972990276,d5d6,-10,-181,-10,-181,0.4975,0.006,171.0,171.0,0.4915,0.4915,False,False,False,12751,0,0,9159,84,0,0,0,0,220893
validation_0247,r3r1k1/6bp/pq2b1p1/RN1Qp1B1/1PP5/8/5PPP/5BK1 w - -,middle_17_23+capture_rich,training/data/samples/lichess_validation_250k.csv,no_lmr_no_futility,1,d5e6,82,121,121,0.005557286000112072,0.005558685981668532,6,True,20.00034937899909,d5d6,-10,-403,-10,-403,0.4975,0.0,393.0,393.0,0.4975,0.4975,False,False,False,6749,2541,1549,0,0,0,0,1,0,232088
validation_0247,r3r1k1/6bp/pq2b1p1/RN1Qp1B1/1PP5/8/5PPP/5BK1 w - -,middle_17_23+capture_rich,training/data/samples/lichess_validation_250k.csv,no_lmr_no_futility,2,d5e6,82,345,466,0.02130826300708577,0.026867948996368796,6,True,20.00034937899909,d5d6,-10,-403,-10,-403,0.4975,0.0,393.0,393.0,0.4975,0.4975,False,False,False,6749,2541,1549,0,0,0,0,1,0,232088
validation_0247,r3r1k1/6bp/pq2b1p1/RN1Qp1B1/1PP5/8/5PPP/5BK1 w - -,middle_17_23+capture_rich,training/data/samples/lichess_validation_250k.csv,no_lmr_no_futility,3,d5d6,-14,4056,4522,0.181106590986019,0.20797583999228664,6,True,20.00034937899909,d5d6,-10,-10,-10,-10,0.4975,0.4975,0.0,0.0,0.0,0.0,False,False,False,6749,2541,1549,0,0,0,0,1,0,232088
validation_0247,r3r1k1/6bp/pq2b1p1/RN1Qp1B1/1PP5/8/5PPP/5BK1 w - -,middle_17_23+capture_rich,training/data/samples/lichess_validation_250k.csv,no_lmr_no_futility,4,d5d6,25,8989,13511,0.5205607370007783,0.7285379770037252,6,True,20.00034937899909,d5d6,-10,-10,-10,-10,0.4975,0.4975,0.0,0.0,0.0,0.0,False,False,False,6749,2541,1549,0,0,0,0,1,0,232088
validation_0247,r3r1k1/6bp/pq2b1p1/RN1Qp1B1/1PP5/8/5PPP/5BK1 w - -,middle_17_23+capture_rich,training/data/samples/lichess_validation_250k.csv,no_lmr_no_futility,5,d5d6,-14,64946,78457,2.5323223090090323,3.2608617859950755,6,True,20.00034937899909,d5d6,-10,-10,-10,-10,0.4975,0.4975,0.0,0.0,0.0,0.0,False,False,False,6749,2541,1549,0,0,0,0,1,0,232088
validation_0247,r3r1k1/6bp/pq2b1p1/RN1Qp1B1/1PP5/8/5PPP/5BK1 w - -,middle_17_23+capture_rich,training/data/samples/lichess_validation_250k.csv,no_lmr_no_futility,6,d5e4,50,200936,279393,8.938308069016784,12.199171354994178,6,True,20.00034937899909,d5d6,-10,-181,-10,-181,0.4975,0.006,171.0,171.0,0.4915,0.4915,False,False,False,6749,2541,1549,0,0,0,0,1,0,232088
validation_0247,r3r1k1/6bp/pq2b1p1/RN1Qp1B1/1PP5/8/5PPP/5BK1 w - -,middle_17_23+capture_rich,training/data/samples/lichess_validation_250k.csv,no_selectivity,1,d5e6,82,121,121,0.005694883002433926,0.005696183012332767,6,True,20.00243975801277,d5d6,-10,-403,-10,-403,0.4975,0.0,393.0,393.0,0.4975,0.4975,False,False,False,11940,0,0,0,0,0,0,1,0,224564
validation_0247,r3r1k1/6bp/pq2b1p1/RN1Qp1B1/1PP5/8/5PPP/5BK1 w - -,middle_17_23+capture_rich,training/data/samples/lichess_validation_250k.csv,no_selectivity,2,d5e6,82,345,466,0.02165585701004602,0.02735324000241235,6,True,20.00243975801277,d5d6,-10,-403,-10,-403,0.4975,0.0,393.0,393.0,0.4975,0.4975,False,False,False,11940,0,0,0,0,0,0,1,0,224564
validation_0247,r3r1k1/6bp/pq2b1p1/RN1Qp1B1/1PP5/8/5PPP/5BK1 w - -,middle_17_23+capture_rich,training/data/samples/lichess_validation_250k.csv,no_selectivity,3,d5d6,-14,4056,4522,0.18159478300367482,0.20894882301217876,6,True,20.00243975801277,d5d6,-10,-10,-10,-10,0.4975,0.4975,0.0,0.0,0.0,0.0,False,False,False,11940,0,0,0,0,0,0,1,0,224564
validation_0247,r3r1k1/6bp/pq2b1p1/RN1Qp1B1/1PP5/8/5PPP/5BK1 w - -,middle_17_23+capture_rich,training/data/samples/lichess_validation_250k.csv,no_selectivity,4,d5d6,25,9668,14190,0.5687944580276962,0.7777444809908047,6,True,20.00243975801277,d5d6,-10,-10,-10,-10,0.4975,0.4975,0.0,0.0,0.0,0.0,False,False,False,11940,0,0,0,0,0,0,1,0,224564
validation_0247,r3r1k1/6bp/pq2b1p1/RN1Qp1B1/1PP5/8/5PPP/5BK1 w - -,middle_17_23+capture_rich,training/data/samples/lichess_validation_250k.csv,no_selectivity,5,d5d6,-14,73278,87468,2.865898042015033,3.6436441230180208,6,True,20.00243975801277,d5d6,-10,-10,-10,-10,0.4975,0.4975,0.0,0.0,0.0,0.0,False,False,False,11940,0,0,0,0,0,0,1,0,224564
validation_0247,r3r1k1/6bp/pq2b1p1/RN1Qp1B1/1PP5/8/5PPP/5BK1 w - -,middle_17_23+capture_rich,training/data/samples/lichess_validation_250k.csv,no_selectivity,6,d5e4,54,300701,388169,15.119006833003368,18.762652456003707,6,True,20.00243975801277,d5d6,-10,-181,-10,-181,0.4975,0.006,171.0,171.0,0.4915,0.4915,False,False,False,11940,0,0,0,0,0,0,1,0,224564
pgn_nn_vs_stockfish_2000_g7_p39,rn5r/ppk2p2/1q1p1bpp/2pP4/5P2/2N4B/PPPQ3P/2K1RR2 w - - 5 20,high_material_24_32+quiet,/home/rohanhs568/code/aichessathon-starter/nn_vs_stockfish_2000.pgn,baseline,1,c3a4,173,245,245,0.013654420006787404,0.013655720016686246,6,True,20.00825706499745,e1e4,+6,-118,6,-118,0.502,0.1475,124.0,124.0,0.35450000000000004,0.35450000000000004,False,False,False,7979,1406,638,9744,140,29321,0,0,0,209209
pgn_nn_vs_stockfish_2000_g7_p39,rn5r/ppk2p2/1q1p1bpp/2pP4/5P2/2N4B/PPPQ3P/2K1RR2 w - - 5 20,high_material_24_32+quiet,/home/rohanhs568/code/aichessathon-starter/nn_vs_stockfish_2000.pgn,baseline,2,c3a4,211,418,663,0.0240859079931397,0.037742827989859506,6,True,20.00825706499745,e1e4,+6,-118,6,-118,0.502,0.1475,124.0,124.0,0.35450000000000004,0.35450000000000004,False,False,False,7979,1406,638,9744,140,29321,0,0,0,209209
pgn_nn_vs_stockfish_2000_g7_p39,rn5r/ppk2p2/1q1p1bpp/2pP4/5P2/2N4B/PPPQ3P/2K1RR2 w - - 5 20,high_material_24_32+quiet,/home/rohanhs568/code/aichessathon-starter/nn_vs_stockfish_2000.pgn,baseline,3,f1f3,151,6357,7020,0.33422396099194884,0.37196798899094574,6,True,20.00825706499745,e1e4,+6,-110,6,-110,0.502,0.1915,116.0,116.0,0.3105,0.3105,False,False,False,7979,1406,638,9744,140,29321,0,0,0,209209
pgn_nn_vs_stockfish_2000_g7_p39,rn5r/ppk2p2/1q1p1bpp/2pP4/5P2/2N4B/PPPQ3P/2K1RR2 w - - 5 20,high_material_24_32+quiet,/home/rohanhs568/code/aichessathon-starter/nn_vs_stockfish_2000.pgn,baseline,4,f1f3,151,9810,16830,0.6459352830133867,1.0179048720165156,6,True,20.00825706499745,e1e4,+6,-110,6,-110,0.502,0.1915,116.0,116.0,0.3105,0.3105,False,False,False,7979,1406,638,9744,140,29321,0,0,0,209209
pgn_nn_vs_stockfish_2000_g7_p39,rn5r/ppk2p2/1q1p1bpp/2pP4/5P2/2N4B/PPPQ3P/2K1RR2 w - - 5 20,high_material_24_32+quiet,/home/rohanhs568/code/aichessathon-starter/nn_vs_stockfish_2000.pgn,baseline,5,f4f5,146,21730,38560,1.1258578640117776,2.143764236010611,6,True,20.00825706499745,e1e4,+6,-237,6,-237,0.502,0.0005,243.0,243.0,0.5015000000000001,0.5015000000000001,False,False,False,7979,1406,638,9744,140,29321,0,0,0,209209
pgn_nn_vs_stockfish_2000_g7_p39,rn5r/ppk2p2/1q1p1bpp/2pP4/5P2/2N4B/PPPQ3P/2K1RR2 w - - 5 20,high_material_24_32+quiet,/home/rohanhs568/code/aichessathon-starter/nn_vs_stockfish_2000.pgn,baseline,6,d2d3,126,100485,139045,5.753683034999995,7.897448870993685,6,True,20.00825706499745,e1e4,+6,-16,6,-16,0.502,0.494,22.0,22.0,0.008000000000000007,0.008000000000000007,False,False,False,7979,1406,638,9744,140,29321,0,0,0,209209
pgn_nn_vs_stockfish_2000_g7_p39,rn5r/ppk2p2/1q1p1bpp/2pP4/5P2/2N4B/PPPQ3P/2K1RR2 w - - 5 20,high_material_24_32+quiet,/home/rohanhs568/code/aichessathon-starter/nn_vs_stockfish_2000.pgn,no_null,1,c3a4,173,245,245,0.013699219009140506,0.013700719020562246,6,True,20.005316498019965,e1e4,+6,-118,6,-118,0.502,0.1475,124.0,124.0,0.35450000000000004,0.35450000000000004,False,False,False,7091,0,0,7907,122,26357,0,0,0,208416
pgn_nn_vs_stockfish_2000_g7_p39,rn5r/ppk2p2/1q1p1bpp/2pP4/5P2/2N4B/PPPQ3P/2K1RR2 w - - 5 20,high_material_24_32+quiet,/home/rohanhs568/code/aichessathon-starter/nn_vs_stockfish_2000.pgn,no_null,2,c3a4,211,418,663,0.02374411400523968,0.03744623300735839,6,True,20.005316498019965,e1e4,+6,-118,6,-118,0.502,0.1475,124.0,124.0,0.35450000000000004,0.35450000000000004,False,False,False,7091,0,0,7907,122,26357,0,0,0,208416
pgn_nn_vs_stockfish_2000_g7_p39,rn5r/ppk2p2/1q1p1bpp/2pP4/5P2/2N4B/PPPQ3P/2K1RR2 w - - 5 20,high_material_24_32+quiet,/home/rohanhs568/code/aichessathon-starter/nn_vs_stockfish_2000.pgn,no_null,3,f1f3,151,6357,7020,0.33451725100167096,0.3719643840158824,6,True,20.005316498019965,e1e4,+6,-110,6,-110,0.502,0.1915,116.0,116.0,0.3105,0.3105,False,False,False,7091,0,0,7907,122,26357,0,0,0,208416
pgn_nn_vs_stockfish_2000_g7_p39,rn5r/ppk2p2/1q1p1bpp/2pP4/5P2/2N4B/PPPQ3P/2K1RR2 w - - 5 20,high_material_24_32+quiet,/home/rohanhs568/code/aichessathon-starter/nn_vs_stockfish_2000.pgn,no_null,4,f1f3,151,9790,16810,0.6417928590090014,1.0137587430072017,6,True,20.005316498019965,e1e4,+6,-110,6,-110,0.502,0.1915,116.0,116.0,0.3105,0.3105,False,False,False,7091,0,0,7907,122,26357,0,0,0,208416
pgn_nn_vs_stockfish_2000_g7_p39,rn5r/ppk2p2/1q1p1bpp/2pP4/5P2/2N4B/PPPQ3P/2K1RR2 w - - 5 20,high_material_24_32+quiet,/home/rohanhs568/code/aichessathon-starter/nn_vs_stockfish_2000.pgn,no_null,5,f4f5,146,21574,38384,1.122443818981992,2.136203961999854,6,True,20.005316498019965,e1e4,+6,-237,6,-237,0.502,0.0005,243.0,243.0,0.5015000000000001,0.5015000000000001,False,False,False,7091,0,0,7907,122,26357,0,0,0,208416
pgn_nn_vs_stockfish_2000_g7_p39,rn5r/ppk2p2/1q1p1bpp/2pP4/5P2/2N4B/PPPQ3P/2K1RR2 w - - 5 20,high_material_24_32+quiet,/home/rohanhs568/code/aichessathon-starter/nn_vs_stockfish_2000.pgn,no_null,6,d2d3,126,119230,157614,7.016152455005795,9.152358317020116,6,True,20.005316498019965,e1e4,+6,-16,6,-16,0.502,0.494,22.0,22.0,0.008000000000000007,0.008000000000000007,False,False,False,7091,0,0,7907,122,26357,0,0,0,208416
pgn_nn_vs_stockfish_2000_g7_p39,rn5r/ppk2p2/1q1p1bpp/2pP4/5P2/2N4B/PPPQ3P/2K1RR2 w - - 5 20,high_material_24_32+quiet,/home/rohanhs568/code/aichessathon-starter/nn_vs_stockfish_2000.pgn,null_safe,1,c3a4,173,245,245,0.013602421997347847,0.013603622006485239,6,True,20.016400649998104,e1e4,+6,-118,6,-118,0.502,0.1475,124.0,124.0,0.35450000000000004,0.35450000000000004,False,False,False,6988,105,18,7559,120,25366,0,0,0,208466
pgn_nn_vs_stockfish_2000_g7_p39,rn5r/ppk2p2/1q1p1bpp/2pP4/5P2/2N4B/PPPQ3P/2K1RR2 w - - 5 20,high_material_24_32+quiet,/home/rohanhs568/code/aichessathon-starter/nn_vs_stockfish_2000.pgn,null_safe,2,c3a4,211,418,663,0.023608616000274196,0.037213837989838794,6,True,20.016400649998104,e1e4,+6,-118,6,-118,0.502,0.1475,124.0,124.0,0.35450000000000004,0.35450000000000004,False,False,False,6988,105,18,7559,120,25366,0,0,0,208466
pgn_nn_vs_stockfish_2000_g7_p39,rn5r/ppk2p2/1q1p1bpp/2pP4/5P2/2N4B/PPPQ3P/2K1RR2 w - - 5 20,high_material_24_32+quiet,/home/rohanhs568/code/aichessathon-starter/nn_vs_stockfish_2000.pgn,null_safe,3,f1f3,151,6357,7020,0.33468174701556563,0.37189648498315364,6,True,20.016400649998104,e1e4,+6,-110,6,-110,0.502,0.1915,116.0,116.0,0.3105,0.3105,False,False,False,6988,105,18,7559,120,25366,0,0,0,208466
pgn_nn_vs_stockfish_2000_g7_p39,rn5r/ppk2p2/1q1p1bpp/2pP4/5P2/2N4B/PPPQ3P/2K1RR2 w - - 5 20,high_material_24_32+quiet,/home/rohanhs568/code/aichessathon-starter/nn_vs_stockfish_2000.pgn,null_safe,4,f1f3,151,9790,16810,0.6398481969954446,1.01174618199002,6,True,20.016400649998104,e1e4,+6,-110,6,-110,0.502,0.1915,116.0,116.0,0.3105,0.3105,False,False,False,6988,105,18,7559,120,25366,0,0,0,208466
pgn_nn_vs_stockfish_2000_g7_p39,rn5r/ppk2p2/1q1p1bpp/2pP4/5P2/2N4B/PPPQ3P/2K1RR2 w - - 5 20,high_material_24_32+quiet,/home/rohanhs568/code/aichessathon-starter/nn_vs_stockfish_2000.pgn,null_safe,5,f4f5,146,21814,38624,1.1400970539834816,2.1518448359856848,6,True,20.016400649998104,e1e4,+6,-237,6,-237,0.502,0.0005,243.0,243.0,0.5015000000000001,0.5015000000000001,False,False,False,6988,105,18,7559,120,25366,0,0,0,208466
pgn_nn_vs_stockfish_2000_g7_p39,rn5r/ppk2p2/1q1p1bpp/2pP4/5P2/2N4B/PPPQ3P/2K1RR2 w - - 5 20,high_material_24_32+quiet,/home/rohanhs568/code/aichessathon-starter/nn_vs_stockfish_2000.pgn,null_safe,6,d2d3,126,116882,155506,6.8784912310075015,9.03033766700537,6,True,20.016400649998104,e1e4,+6,-16,6,-16,0.502,0.494,22.0,22.0,0.008000000000000007,0.008000000000000007,False,False,False,6988,105,18,7559,120,25366,0,0,0,208466
pgn_nn_vs_stockfish_2000_g7_p39,rn5r/ppk2p2/1q1p1bpp/2pP4/5P2/2N4B/PPPQ3P/2K1RR2 w - - 5 20,high_material_24_32+quiet,/home/rohanhs568/code/aichessathon-starter/nn_vs_stockfish_2000.pgn,no_lmr,1,c3a4,173,245,245,0.01381541698356159,0.013816516991937533,6,True,20.003420449007535,e1e4,+6,-118,6,-118,0.502,0.1475,124.0,124.0,0.35450000000000004,0.35450000000000004,False,False,False,4579,1865,1180,0,0,54381,0,0,0,203976
pgn_nn_vs_stockfish_2000_g7_p39,rn5r/ppk2p2/1q1p1bpp/2pP4/5P2/2N4B/PPPQ3P/2K1RR2 w - - 5 20,high_material_24_32+quiet,/home/rohanhs568/code/aichessathon-starter/nn_vs_stockfish_2000.pgn,no_lmr,2,c3a4,211,418,663,0.024024008016567677,0.03784172498853877,6,True,20.003420449007535,e1e4,+6,-118,6,-118,0.502,0.1475,124.0,124.0,0.35450000000000004,0.35450000000000004,False,False,False,4579,1865,1180,0,0,54381,0,0,0,203976
pgn_nn_vs_stockfish_2000_g7_p39,rn5r/ppk2p2/1q1p1bpp/2pP4/5P2/2N4B/PPPQ3P/2K1RR2 w - - 5 20,high_material_24_32+quiet,/home/rohanhs568/code/aichessathon-starter/nn_vs_stockfish_2000.pgn,no_lmr,3,f1f3,151,6357,7020,0.3346798470010981,0.37252257199725136,6,True,20.003420449007535,e1e4,+6,-110,6,-110,0.502,0.1915,116.0,116.0,0.3105,0.3105,False,False,False,4579,1865,1180,0,0,54381,0,0,0,203976
pgn_nn_vs_stockfish_2000_g7_p39,rn5r/ppk2p2/1q1p1bpp/2pP4/5P2/2N4B/PPPQ3P/2K1RR2 w - - 5 20,high_material_24_32+quiet,/home/rohanhs568/code/aichessathon-starter/nn_vs_stockfish_2000.pgn,no_lmr,4,f1f3,151,10867,17887,0.6903554649907164,1.062879436998628,6,True,20.003420449007535,e1e4,+6,-110,6,-110,0.502,0.1915,116.0,116.0,0.3105,0.3105,False,False,False,4579,1865,1180,0,0,54381,0,0,0,203976
pgn_nn_vs_stockfish_2000_g7_p39,rn5r/ppk2p2/1q1p1bpp/2pP4/5P2/2N4B/PPPQ3P/2K1RR2 w - - 5 20,high_material_24_32+quiet,/home/rohanhs568/code/aichessathon-starter/nn_vs_stockfish_2000.pgn,no_lmr,5,e1e4,116,49747,67634,2.57688453400624,3.6397652710147668,6,True,20.003420449007535,e1e4,+6,+6,6,6,0.502,0.502,0.0,0.0,0.0,0.0,False,False,False,4579,1865,1180,0,0,54381,0,0,0,203976
pgn_nn_vs_stockfish_2000_g7_p39,rn5r/ppk2p2/1q1p1bpp/2pP4/5P2/2N4B/PPPQ3P/2K1RR2 w - - 5 20,high_material_24_32+quiet,/home/rohanhs568/code/aichessathon-starter/nn_vs_stockfish_2000.pgn,no_lmr,6,f4f5,124,175509,243143,11.039621127012651,14.679387998010498,6,True,20.003420449007535,e1e4,+6,-237,6,-237,0.502,0.0005,243.0,243.0,0.5015000000000001,0.5015000000000001,False,False,False,4579,1865,1180,0,0,54381,0,0,0,203976
pgn_nn_vs_stockfish_2000_g7_p39,rn5r/ppk2p2/1q1p1bpp/2pP4/5P2/2N4B/PPPQ3P/2K1RR2 w - - 5 20,high_material_24_32+quiet,/home/rohanhs568/code/aichessathon-starter/nn_vs_stockfish_2000.pgn,lmr_safe,1,c3a4,173,245,245,0.0136892200098373,0.01369072002125904,7,False,17.98196774700773,e1e4,+6,-118,6,-118,0.502,0.1475,124.0,124.0,0.35450000000000004,0.35450000000000004,False,False,False,5720,1311,682,2655,4,77144,0,0,0,181360
pgn_nn_vs_stockfish_2000_g7_p39,rn5r/ppk2p2/1q1p1bpp/2pP4/5P2/2N4B/PPPQ3P/2K1RR2 w - - 5 20,high_material_24_32+quiet,/home/rohanhs568/code/aichessathon-starter/nn_vs_stockfish_2000.pgn,lmr_safe,2,c3a4,211,418,663,0.023751913016894832,0.03744413302047178,7,False,17.98196774700773,e1e4,+6,-118,6,-118,0.502,0.1475,124.0,124.0,0.35450000000000004,0.35450000000000004,False,False,False,5720,1311,682,2655,4,77144,0,0,0,181360
pgn_nn_vs_stockfish_2000_g7_p39,rn5r/ppk2p2/1q1p1bpp/2pP4/5P2/2N4B/PPPQ3P/2K1RR2 w - - 5 20,high_material_24_32+quiet,/home/rohanhs568/code/aichessathon-starter/nn_vs_stockfish_2000.pgn,lmr_safe,3,f1f3,151,6357,7020,0.3343787520134356,0.37182408501394093,7,False,17.98196774700773,e1e4,+6,-110,6,-110,0.502,0.1915,116.0,116.0,0.3105,0.3105,False,False,False,5720,1311,682,2655,4,77144,0,0,0,181360
pgn_nn_vs_stockfish_2000_g7_p39,rn5r/ppk2p2/1q1p1bpp/2pP4/5P2/2N4B/PPPQ3P/2K1RR2 w - - 5 20,high_material_24_32+quiet,/home/rohanhs568/code/aichessathon-starter/nn_vs_stockfish_2000.pgn,lmr_safe,4,f1f3,151,10867,17887,0.6897402729955502,1.0615657580201514,7,False,17.98196774700773,e1e4,+6,-110,6,-110,0.502,0.1915,116.0,116.0,0.3105,0.3105,False,False,False,5720,1311,682,2655,4,77144,0,0,0,181360
pgn_nn_vs_stockfish_2000_g7_p39,rn5r/ppk2p2/1q1p1bpp/2pP4/5P2/2N4B/PPPQ3P/2K1RR2 w - - 5 20,high_material_24_32+quiet,/home/rohanhs568/code/aichessathon-starter/nn_vs_stockfish_2000.pgn,lmr_safe,5,f4f5,146,43092,60979,2.0905074840120506,3.15207474201452,7,False,17.98196774700773,e1e4,+6,-237,6,-237,0.502,0.0005,243.0,243.0,0.5015000000000001,0.5015000000000001,False,False,False,5720,1311,682,2655,4,77144,0,0,0,181360
pgn_nn_vs_stockfish_2000_g7_p39,rn5r/ppk2p2/1q1p1bpp/2pP4/5P2/2N4B/PPPQ3P/2K1RR2 w - - 5 20,high_material_24_32+quiet,/home/rohanhs568/code/aichessathon-starter/nn_vs_stockfish_2000.pgn,lmr_safe,6,f4f5,145,46113,107092,2.857224679988576,6.009301222016802,7,False,17.98196774700773,e1e4,+6,-237,6,-237,0.502,0.0005,243.0,243.0,0.5015000000000001,0.5015000000000001,False,False,False,5720,1311,682,2655,4,77144,0,0,0,181360
pgn_nn_vs_stockfish_2000_g7_p39,rn5r/ppk2p2/1q1p1bpp/2pP4/5P2/2N4B/PPPQ3P/2K1RR2 w - - 5 20,high_material_24_32+quiet,/home/rohanhs568/code/aichessathon-starter/nn_vs_stockfish_2000.pgn,lmr_safe,7,f4f5,110,205843,312935,11.972662325017154,17.98196544701932,7,False,17.98196774700773,e1e4,+6,-237,6,-237,0.502,0.0005,243.0,243.0,0.5015000000000001,0.5015000000000001,False,False,False,5720,1311,682,2655,4,77144,0,0,0,181360
pgn_nn_vs_stockfish_2000_g7_p39,rn5r/ppk2p2/1q1p1bpp/2pP4/5P2/2N4B/PPPQ3P/2K1RR2 w - - 5 20,high_material_24_32+quiet,/home/rohanhs568/code/aichessathon-starter/nn_vs_stockfish_2000.pgn,no_futility,1,c3a4,173,245,245,0.013780417997622862,0.013781718007521704,6,True,20.013691331987502,e1e4,+6,-118,6,-118,0.502,0.1475,124.0,124.0,0.35450000000000004,0.35450000000000004,False,False,False,7361,1325,611,9143,132,0,0,0,0,226888
pgn_nn_vs_stockfish_2000_g7_p39,rn5r/ppk2p2/1q1p1bpp/2pP4/5P2/2N4B/PPPQ3P/2K1RR2 w - - 5 20,high_material_24_32+quiet,/home/rohanhs568/code/aichessathon-starter/nn_vs_stockfish_2000.pgn,no_futility,2,c3a4,211,418,663,0.023549317003926262,0.03733223499148153,6,True,20.013691331987502,e1e4,+6,-118,6,-118,0.502,0.1475,124.0,124.0,0.35450000000000004,0.35450000000000004,False,False,False,7361,1325,611,9143,132,0,0,0,0,226888
pgn_nn_vs_stockfish_2000_g7_p39,rn5r/ppk2p2/1q1p1bpp/2pP4/5P2/2N4B/PPPQ3P/2K1RR2 w - - 5 20,high_material_24_32+quiet,/home/rohanhs568/code/aichessathon-starter/nn_vs_stockfish_2000.pgn,no_futility,3,f1f3,151,6473,7136,0.33353716900455765,0.3708706040051766,6,True,20.013691331987502,e1e4,+6,-110,6,-110,0.502,0.1915,116.0,116.0,0.3105,0.3105,False,False,False,7361,1325,611,9143,132,0,0,0,0,226888
pgn_nn_vs_stockfish_2000_g7_p39,rn5r/ppk2p2/1q1p1bpp/2pP4/5P2/2N4B/PPPQ3P/2K1RR2 w - - 5 20,high_material_24_32+quiet,/home/rohanhs568/code/aichessathon-starter/nn_vs_stockfish_2000.pgn,no_futility,4,f1f3,151,9810,16946,0.612811247992795,0.9836830520071089,6,True,20.013691331987502,e1e4,+6,-110,6,-110,0.502,0.1915,116.0,116.0,0.3105,0.3105,False,False,False,7361,1325,611,9143,132,0,0,0,0,226888
pgn_nn_vs_stockfish_2000_g7_p39,rn5r/ppk2p2/1q1p1bpp/2pP4/5P2/2N4B/PPPQ3P/2K1RR2 w - - 5 20,high_material_24_32+quiet,/home/rohanhs568/code/aichessathon-starter/nn_vs_stockfish_2000.pgn,no_futility,5,f4f5,146,26772,43718,1.2503186899994034,2.2340033419895917,6,True,20.013691331987502,e1e4,+6,-237,6,-237,0.502,0.0005,243.0,243.0,0.5015000000000001,0.5015000000000001,False,False,False,7361,1325,611,9143,132,0,0,0,0,226888
pgn_nn_vs_stockfish_2000_g7_p39,rn5r/ppk2p2/1q1p1bpp/2pP4/5P2/2N4B/PPPQ3P/2K1RR2 w - - 5 20,high_material_24_32+quiet,/home/rohanhs568/code/aichessathon-starter/nn_vs_stockfish_2000.pgn,no_futility,6,d2d3,126,134039,177757,6.602272919990355,8.836277961992892,6,True,20.013691331987502,e1e4,+6,-16,6,-16,0.502,0.494,22.0,22.0,0.008000000000000007,0.008000000000000007,False,False,False,7361,1325,611,9143,132,0,0,0,0,226888
pgn_nn_vs_stockfish_2000_g7_p39,rn5r/ppk2p2/1q1p1bpp/2pP4/5P2/2N4B/PPPQ3P/2K1RR2 w - - 5 20,high_material_24_32+quiet,/home/rohanhs568/code/aichessathon-starter/nn_vs_stockfish_2000.pgn,capture_material_order,1,c3a4,173,245,245,0.013552221993450075,0.013553422002587467,7,False,19.555315247009275,e1e4,+6,-118,6,-118,0.502,0.1475,124.0,124.0,0.35450000000000004,0.35450000000000004,False,False,False,6390,1258,624,8578,59,22034,0,0,132454,201482
pgn_nn_vs_stockfish_2000_g7_p39,rn5r/ppk2p2/1q1p1bpp/2pP4/5P2/2N4B/PPPQ3P/2K1RR2 w - - 5 20,high_material_24_32+quiet,/home/rohanhs568/code/aichessathon-starter/nn_vs_stockfish_2000.pgn,capture_material_order,2,c3a4,211,425,670,0.024091807019431144,0.03764662900357507,7,False,19.555315247009275,e1e4,+6,-118,6,-118,0.502,0.1475,124.0,124.0,0.35450000000000004,0.35450000000000004,False,False,False,6390,1258,624,8578,59,22034,0,0,132454,201482
pgn_nn_vs_stockfish_2000_g7_p39,rn5r/ppk2p2/1q1p1bpp/2pP4/5P2/2N4B/PPPQ3P/2K1RR2 w - - 5 20,high_material_24_32+quiet,/home/rohanhs568/code/aichessathon-starter/nn_vs_stockfish_2000.pgn,capture_material_order,3,f1f3,151,7632,8302,0.3918071730004158,0.42945490198326297,7,False,19.555315247009275,e1e4,+6,-110,6,-110,0.502,0.1915,116.0,116.0,0.3105,0.3105,False,False,False,6390,1258,624,8578,59,22034,0,0,132454,201482
pgn_nn_vs_stockfish_2000_g7_p39,rn5r/ppk2p2/1q1p1bpp/2pP4/5P2/2N4B/PPPQ3P/2K1RR2 w - - 5 20,high_material_24_32+quiet,/home/rohanhs568/code/aichessathon-starter/nn_vs_stockfish_2000.pgn,capture_material_order,4,f1f3,151,8982,17284,0.6150552000035532,1.0445118019997608,7,False,19.555315247009275,e1e4,+6,-110,6,-110,0.502,0.1915,116.0,116.0,0.3105,0.3105,False,False,False,6390,1258,624,8578,59,22034,0,0,132454,201482
pgn_nn_vs_stockfish_2000_g7_p39,rn5r/ppk2p2/1q1p1bpp/2pP4/5P2/2N4B/PPPQ3P/2K1RR2 w - - 5 20,high_material_24_32+quiet,/home/rohanhs568/code/aichessathon-starter/nn_vs_stockfish_2000.pgn,capture_material_order,5,f4f5,146,25804,43088,1.35442315399996,2.3989364560111426,7,False,19.555315247009275,e1e4,+6,-237,6,-237,0.502,0.0005,243.0,243.0,0.5015000000000001,0.5015000000000001,False,False,False,6390,1258,624,8578,59,22034,0,0,132454,201482
pgn_nn_vs_stockfish_2000_g7_p39,rn5r/ppk2p2/1q1p1bpp/2pP4/5P2/2N4B/PPPQ3P/2K1RR2 w - - 5 20,high_material_24_32+quiet,/home/rohanhs568/code/aichessathon-starter/nn_vs_stockfish_2000.pgn,capture_material_order,6,f4f5,145,97580,140668,5.079242551990319,7.478180607984541,7,False,19.555315247009275,e1e4,+6,-237,6,-237,0.502,0.0005,243.0,243.0,0.5015000000000001,0.5015000000000001,False,False,False,6390,1258,624,8578,59,22034,0,0,132454,201482
pgn_nn_vs_stockfish_2000_g7_p39,rn5r/ppk2p2/1q1p1bpp/2pP4/5P2/2N4B/PPPQ3P/2K1RR2 w - - 5 20,high_material_24_32+quiet,/home/rohanhs568/code/aichessathon-starter/nn_vs_stockfish_2000.pgn,capture_material_order,7,f4f5,110,181306,321974,12.077130538993515,19.555312846991,7,False,19.555315247009275,e1e4,+6,-237,6,-237,0.502,0.0005,243.0,243.0,0.5015000000000001,0.5015000000000001,False,False,False,6390,1258,624,8578,59,22034,0,0,132454,201482
pgn_nn_vs_stockfish_2000_g7_p39,rn5r/ppk2p2/1q1p1bpp/2pP4/5P2/2N4B/PPPQ3P/2K1RR2 w - - 5 20,high_material_24_32+quiet,/home/rohanhs568/code/aichessathon-starter/nn_vs_stockfish_2000.pgn,no_aspiration,1,c3a4,173,245,245,0.013558622013079002,0.013559921993874013,6,True,20.009281417005695,e1e4,+6,-118,6,-118,0.502,0.1475,124.0,124.0,0.35450000000000004,0.35450000000000004,False,False,False,7972,1379,630,9790,139,29922,0,0,0,209855
pgn_nn_vs_stockfish_2000_g7_p39,rn5r/ppk2p2/1q1p1bpp/2pP4/5P2/2N4B/PPPQ3P/2K1RR2 w - - 5 20,high_material_24_32+quiet,/home/rohanhs568/code/aichessathon-starter/nn_vs_stockfish_2000.pgn,no_aspiration,2,c3a4,211,418,663,0.023493218992371112,0.03705424099462107,6,True,20.009281417005695,e1e4,+6,-118,6,-118,0.502,0.1475,124.0,124.0,0.35450000000000004,0.35450000000000004,False,False,False,7972,1379,630,9790,139,29922,0,0,0,209855
pgn_nn_vs_stockfish_2000_g7_p39,rn5r/ppk2p2/1q1p1bpp/2pP4/5P2/2N4B/PPPQ3P/2K1RR2 w - - 5 20,high_material_24_32+quiet,/home/rohanhs568/code/aichessathon-starter/nn_vs_stockfish_2000.pgn,no_aspiration,3,f1f3,151,6357,7020,0.3348021419951692,0.37185728299664333,6,True,20.009281417005695,e1e4,+6,-110,6,-110,0.502,0.1915,116.0,116.0,0.3105,0.3105,False,False,False,7972,1379,630,9790,139,29922,0,0,0,209855
pgn_nn_vs_stockfish_2000_g7_p39,rn5r/ppk2p2/1q1p1bpp/2pP4/5P2/2N4B/PPPQ3P/2K1RR2 w - - 5 20,high_material_24_32+quiet,/home/rohanhs568/code/aichessathon-starter/nn_vs_stockfish_2000.pgn,no_aspiration,4,f1f3,151,9810,16830,0.642919729987625,1.01477851299569,6,True,20.009281417005695,e1e4,+6,-110,6,-110,0.502,0.1915,116.0,116.0,0.3105,0.3105,False,False,False,7972,1379,630,9790,139,29922,0,0,0,209855
pgn_nn_vs_stockfish_2000_g7_p39,rn5r/ppk2p2/1q1p1bpp/2pP4/5P2/2N4B/PPPQ3P/2K1RR2 w - - 5 20,high_material_24_32+quiet,/home/rohanhs568/code/aichessathon-starter/nn_vs_stockfish_2000.pgn,no_aspiration,5,f4f5,146,23847,40677,1.2547070980072021,2.2694870099949185,6,True,20.009281417005695,e1e4,+6,-237,6,-237,0.502,0.0005,243.0,243.0,0.5015000000000001,0.5015000000000001,False,False,False,7972,1379,630,9790,139,29922,0,0,0,209855
pgn_nn_vs_stockfish_2000_g7_p39,rn5r/ppk2p2/1q1p1bpp/2pP4/5P2/2N4B/PPPQ3P/2K1RR2 w - - 5 20,high_material_24_32+quiet,/home/rohanhs568/code/aichessathon-starter/nn_vs_stockfish_2000.pgn,no_aspiration,6,d2d3,126,103393,144070,5.932093755982351,8.201582565990975,6,True,20.009281417005695,e1e4,+6,-16,6,-16,0.502,0.494,22.0,22.0,0.008000000000000007,0.008000000000000007,False,False,False,7972,1379,630,9790,139,29922,0,0,0,209855
pgn_nn_vs_stockfish_2000_g7_p39,rn5r/ppk2p2/1q1p1bpp/2pP4/5P2/2N4B/PPPQ3P/2K1RR2 w - - 5 20,high_material_24_32+quiet,/home/rohanhs568/code/aichessathon-starter/nn_vs_stockfish_2000.pgn,no_pvs,1,c3a4,173,212,212,0.013220230001024902,0.01322192998486571,7,False,16.568387220002478,e1e4,+6,-118,6,-118,0.502,0.1475,124.0,124.0,0.35450000000000004,0.35450000000000004,False,False,False,6094,1145,637,7823,101,23854,0,0,0,170009
pgn_nn_vs_stockfish_2000_g7_p39,rn5r/ppk2p2/1q1p1bpp/2pP4/5P2/2N4B/PPPQ3P/2K1RR2 w - - 5 20,high_material_24_32+quiet,/home/rohanhs568/code/aichessathon-starter/nn_vs_stockfish_2000.pgn,no_pvs,2,c3a4,211,408,620,0.023145224986365065,0.036368454981129616,7,False,16.568387220002478,e1e4,+6,-118,6,-118,0.502,0.1475,124.0,124.0,0.35450000000000004,0.35450000000000004,False,False,False,6094,1145,637,7823,101,23854,0,0,0,170009
pgn_nn_vs_stockfish_2000_g7_p39,rn5r/ppk2p2/1q1p1bpp/2pP4/5P2/2N4B/PPPQ3P/2K1RR2 w - - 5 20,high_material_24_32+quiet,/home/rohanhs568/code/aichessathon-starter/nn_vs_stockfish_2000.pgn,no_pvs,3,f1f3,151,6397,7017,0.3550060279958416,0.39137558298534714,7,False,16.568387220002478,e1e4,+6,-110,6,-110,0.502,0.1915,116.0,116.0,0.3105,0.3105,False,False,False,6094,1145,637,7823,101,23854,0,0,0,170009
pgn_nn_vs_stockfish_2000_g7_p39,rn5r/ppk2p2/1q1p1bpp/2pP4/5P2/2N4B/PPPQ3P/2K1RR2 w - - 5 20,high_material_24_32+quiet,/home/rohanhs568/code/aichessathon-starter/nn_vs_stockfish_2000.pgn,no_pvs,4,f1f3,151,11036,18053,0.7246729549951851,1.1160499379911926,7,False,16.568387220002478,e1e4,+6,-110,6,-110,0.502,0.1915,116.0,116.0,0.3105,0.3105,False,False,False,6094,1145,637,7823,101,23854,0,0,0,170009
pgn_nn_vs_stockfish_2000_g7_p39,rn5r/ppk2p2/1q1p1bpp/2pP4/5P2/2N4B/PPPQ3P/2K1RR2 w - - 5 20,high_material_24_32+quiet,/home/rohanhs568/code/aichessathon-starter/nn_vs_stockfish_2000.pgn,no_pvs,5,f4f5,146,18249,36302,0.9703238219954073,2.08637515999726,7,False,16.568387220002478,e1e4,+6,-237,6,-237,0.502,0.0005,243.0,243.0,0.5015000000000001,0.5015000000000001,False,False,False,6094,1145,637,7823,101,23854,0,0,0,170009
pgn_nn_vs_stockfish_2000_g7_p39,rn5r/ppk2p2/1q1p1bpp/2pP4/5P2/2N4B/PPPQ3P/2K1RR2 w - - 5 20,high_material_24_32+quiet,/home/rohanhs568/code/aichessathon-starter/nn_vs_stockfish_2000.pgn,no_pvs,6,f4f5,133,67187,103489,3.935684776020935,6.022061636002036,7,False,16.568387220002478,e1e4,+6,-237,6,-237,0.502,0.0005,243.0,243.0,0.5015000000000001,0.5015000000000001,False,False,False,6094,1145,637,7823,101,23854,0,0,0,170009
pgn_nn_vs_stockfish_2000_g7_p39,rn5r/ppk2p2/1q1p1bpp/2pP4/5P2/2N4B/PPPQ3P/2K1RR2 w - - 5 20,high_material_24_32+quiet,/home/rohanhs568/code/aichessathon-starter/nn_vs_stockfish_2000.pgn,no_pvs,7,f4f5,110,164603,268092,10.546321785019245,16.56838512100512,7,False,16.568387220002478,e1e4,+6,-237,6,-237,0.502,0.0005,243.0,243.0,0.5015000000000001,0.5015000000000001,False,False,False,6094,1145,637,7823,101,23854,0,0,0,170009
pgn_nn_vs_stockfish_2000_g7_p39,rn5r/ppk2p2/1q1p1bpp/2pP4/5P2/2N4B/PPPQ3P/2K1RR2 w - - 5 20,high_material_24_32+quiet,/home/rohanhs568/code/aichessathon-starter/nn_vs_stockfish_2000.pgn,no_null_no_lmr,1,c3a4,173,245,245,0.013541422027628869,0.013542921980842948,6,True,20.006827951991,e1e4,+6,-118,6,-118,0.502,0.1475,124.0,124.0,0.35450000000000004,0.35450000000000004,False,False,False,8445,0,0,0,0,37642,0,0,0,192408
pgn_nn_vs_stockfish_2000_g7_p39,rn5r/ppk2p2/1q1p1bpp/2pP4/5P2/2N4B/PPPQ3P/2K1RR2 w - - 5 20,high_material_24_32+quiet,/home/rohanhs568/code/aichessathon-starter/nn_vs_stockfish_2000.pgn,no_null_no_lmr,2,c3a4,211,418,663,0.02378941301140003,0.03733343500061892,6,True,20.006827951991,e1e4,+6,-118,6,-118,0.502,0.1475,124.0,124.0,0.35450000000000004,0.35450000000000004,False,False,False,8445,0,0,0,0,37642,0,0,0,192408
pgn_nn_vs_stockfish_2000_g7_p39,rn5r/ppk2p2/1q1p1bpp/2pP4/5P2/2N4B/PPPQ3P/2K1RR2 w - - 5 20,high_material_24_32+quiet,/home/rohanhs568/code/aichessathon-starter/nn_vs_stockfish_2000.pgn,no_null_no_lmr,3,f1f3,151,6357,7020,0.3338021580129862,0.37113679299363866,6,True,20.006827951991,e1e4,+6,-110,6,-110,0.502,0.1915,116.0,116.0,0.3105,0.3105,False,False,False,8445,0,0,0,0,37642,0,0,0,192408
pgn_nn_vs_stockfish_2000_g7_p39,rn5r/ppk2p2/1q1p1bpp/2pP4/5P2/2N4B/PPPQ3P/2K1RR2 w - - 5 20,high_material_24_32+quiet,/home/rohanhs568/code/aichessathon-starter/nn_vs_stockfish_2000.pgn,no_null_no_lmr,4,f1f3,151,10847,17867,0.6876231069909409,1.0587612999952398,6,True,20.006827951991,e1e4,+6,-110,6,-110,0.502,0.1915,116.0,116.0,0.3105,0.3105,False,False,False,8445,0,0,0,0,37642,0,0,0,192408
pgn_nn_vs_stockfish_2000_g7_p39,rn5r/ppk2p2/1q1p1bpp/2pP4/5P2/2N4B/PPPQ3P/2K1RR2 w - - 5 20,high_material_24_32+quiet,/home/rohanhs568/code/aichessathon-starter/nn_vs_stockfish_2000.pgn,no_null_no_lmr,5,e1e4,116,54799,72666,2.9428447099926416,4.001607409998542,6,True,20.006827951991,e1e4,+6,+6,6,6,0.502,0.502,0.0,0.0,0.0,0.0,False,False,False,8445,0,0,0,0,37642,0,0,0,192408
pgn_nn_vs_stockfish_2000_g7_p39,rn5r/ppk2p2/1q1p1bpp/2pP4/5P2/2N4B/PPPQ3P/2K1RR2 w - - 5 20,high_material_24_32+quiet,/home/rohanhs568/code/aichessathon-starter/nn_vs_stockfish_2000.pgn,no_null_no_lmr,6,e1e4,123,231638,304304,15.385598536027828,19.387207645981107,6,True,20.006827951991,e1e4,+6,+6,6,6,0.502,0.502,0.0,0.0,0.0,0.0,False,False,False,8445,0,0,0,0,37642,0,0,0,192408
pgn_nn_vs_stockfish_2000_g7_p39,rn5r/ppk2p2/1q1p1bpp/2pP4/5P2/2N4B/PPPQ3P/2K1RR2 w - - 5 20,high_material_24_32+quiet,/home/rohanhs568/code/aichessathon-starter/nn_vs_stockfish_2000.pgn,no_null_no_futility,1,c3a4,173,245,245,0.013798917003441602,0.013800017011817545,6,True,20.00674292902113,e1e4,+6,-118,6,-118,0.502,0.1475,124.0,124.0,0.35450000000000004,0.35450000000000004,False,False,False,6840,0,0,7392,115,0,0,0,0,225821
pgn_nn_vs_stockfish_2000_g7_p39,rn5r/ppk2p2/1q1p1bpp/2pP4/5P2/2N4B/PPPQ3P/2K1RR2 w - - 5 20,high_material_24_32+quiet,/home/rohanhs568/code/aichessathon-starter/nn_vs_stockfish_2000.pgn,no_null_no_futility,2,c3a4,211,418,663,0.023299122985918075,0.03710034000687301,6,True,20.00674292902113,e1e4,+6,-118,6,-118,0.502,0.1475,124.0,124.0,0.35450000000000004,0.35450000000000004,False,False,False,6840,0,0,7392,115,0,0,0,0,225821
pgn_nn_vs_stockfish_2000_g7_p39,rn5r/ppk2p2/1q1p1bpp/2pP4/5P2/2N4B/PPPQ3P/2K1RR2 w - - 5 20,high_material_24_32+quiet,/home/rohanhs568/code/aichessathon-starter/nn_vs_stockfish_2000.pgn,no_null_no_futility,3,f1f3,151,6473,7136,0.3308104230090976,0.36791166302282363,6,True,20.00674292902113,e1e4,+6,-110,6,-110,0.502,0.1915,116.0,116.0,0.3105,0.3105,False,False,False,6840,0,0,7392,115,0,0,0,0,225821
pgn_nn_vs_stockfish_2000_g7_p39,rn5r/ppk2p2/1q1p1bpp/2pP4/5P2/2N4B/PPPQ3P/2K1RR2 w - - 5 20,high_material_24_32+quiet,/home/rohanhs568/code/aichessathon-starter/nn_vs_stockfish_2000.pgn,no_null_no_futility,4,f1f3,151,9790,16926,0.611163479014067,0.9790766420192085,6,True,20.00674292902113,e1e4,+6,-110,6,-110,0.502,0.1915,116.0,116.0,0.3105,0.3105,False,False,False,6840,0,0,7392,115,0,0,0,0,225821
pgn_nn_vs_stockfish_2000_g7_p39,rn5r/ppk2p2/1q1p1bpp/2pP4/5P2/2N4B/PPPQ3P/2K1RR2 w - - 5 20,high_material_24_32+quiet,/home/rohanhs568/code/aichessathon-starter/nn_vs_stockfish_2000.pgn,no_null_no_futility,5,f4f5,146,26792,43718,1.2524676400062162,2.231546082010027,6,True,20.00674292902113,e1e4,+6,-237,6,-237,0.502,0.0005,243.0,243.0,0.5015000000000001,0.5015000000000001,False,False,False,6840,0,0,7392,115,0,0,0,0,225821
pgn_nn_vs_stockfish_2000_g7_p39,rn5r/ppk2p2/1q1p1bpp/2pP4/5P2/2N4B/PPPQ3P/2K1RR2 w - - 5 20,high_material_24_32+quiet,/home/rohanhs568/code/aichessathon-starter/nn_vs_stockfish_2000.pgn,no_null_no_futility,6,d2d3,126,152902,196620,7.8132787109934725,10.044826393015683,6,True,20.00674292902113,e1e4,+6,-16,6,-16,0.502,0.494,22.0,22.0,0.008000000000000007,0.008000000000000007,False,False,False,6840,0,0,7392,115,0,0,0,0,225821
pgn_nn_vs_stockfish_2000_g7_p39,rn5r/ppk2p2/1q1p1bpp/2pP4/5P2/2N4B/PPPQ3P/2K1RR2 w - - 5 20,high_material_24_32+quiet,/home/rohanhs568/code/aichessathon-starter/nn_vs_stockfish_2000.pgn,no_lmr_no_futility,1,c3a4,173,245,245,0.01354422199074179,0.013545421999879181,6,True,20.0067302499956,e1e4,+6,-118,6,-118,0.502,0.1475,124.0,124.0,0.35450000000000004,0.35450000000000004,False,False,False,4178,1611,984,0,0,0,0,0,0,225132
pgn_nn_vs_stockfish_2000_g7_p39,rn5r/ppk2p2/1q1p1bpp/2pP4/5P2/2N4B/PPPQ3P/2K1RR2 w - - 5 20,high_material_24_32+quiet,/home/rohanhs568/code/aichessathon-starter/nn_vs_stockfish_2000.pgn,no_lmr_no_futility,2,c3a4,211,418,663,0.02308002600329928,0.036626648012315854,6,True,20.0067302499956,e1e4,+6,-118,6,-118,0.502,0.1475,124.0,124.0,0.35450000000000004,0.35450000000000004,False,False,False,4178,1611,984,0,0,0,0,0,0,225132
pgn_nn_vs_stockfish_2000_g7_p39,rn5r/ppk2p2/1q1p1bpp/2pP4/5P2/2N4B/PPPQ3P/2K1RR2 w - - 5 20,high_material_24_32+quiet,/home/rohanhs568/code/aichessathon-starter/nn_vs_stockfish_2000.pgn,no_lmr_no_futility,3,f1f3,151,6473,7136,0.33076401602011174,0.36739166401093826,6,True,20.0067302499956,e1e4,+6,-110,6,-110,0.502,0.1915,116.0,116.0,0.3105,0.3105,False,False,False,4178,1611,984,0,0,0,0,0,0,225132
pgn_nn_vs_stockfish_2000_g7_p39,rn5r/ppk2p2/1q1p1bpp/2pP4/5P2/2N4B/PPPQ3P/2K1RR2 w - - 5 20,high_material_24_32+quiet,/home/rohanhs568/code/aichessathon-starter/nn_vs_stockfish_2000.pgn,no_lmr_no_futility,4,f1f3,151,11643,18779,0.6891012650157791,1.0564944290090352,6,True,20.0067302499956,e1e4,+6,-110,6,-110,0.502,0.1915,116.0,116.0,0.3105,0.3105,False,False,False,4178,1611,984,0,0,0,0,0,0,225132
pgn_nn_vs_stockfish_2000_g7_p39,rn5r/ppk2p2/1q1p1bpp/2pP4/5P2/2N4B/PPPQ3P/2K1RR2 w - - 5 20,high_material_24_32+quiet,/home/rohanhs568/code/aichessathon-starter/nn_vs_stockfish_2000.pgn,no_lmr_no_futility,5,e1e4,116,79455,98234,3.4393615199951455,4.4958576489880215,6,True,20.0067302499956,e1e4,+6,+6,6,6,0.502,0.502,0.0,0.0,0.0,0.0,False,False,False,4178,1611,984,0,0,0,0,0,0,225132
pgn_nn_vs_stockfish_2000_g7_p39,rn5r/ppk2p2/1q1p1bpp/2pP4/5P2/2N4B/PPPQ3P/2K1RR2 w - - 5 20,high_material_24_32+quiet,/home/rohanhs568/code/aichessathon-starter/nn_vs_stockfish_2000.pgn,no_lmr_no_futility,6,f4f5,124,213093,311327,11.775202596996678,16.271062145999167,6,True,20.0067302499956,e1e4,+6,-237,6,-237,0.502,0.0005,243.0,243.0,0.5015000000000001,0.5015000000000001,False,False,False,4178,1611,984,0,0,0,0,0,0,225132
pgn_nn_vs_stockfish_2000_g7_p39,rn5r/ppk2p2/1q1p1bpp/2pP4/5P2/2N4B/PPPQ3P/2K1RR2 w - - 5 20,high_material_24_32+quiet,/home/rohanhs568/code/aichessathon-starter/nn_vs_stockfish_2000.pgn,no_selectivity,1,c3a4,173,245,245,0.013513323006918654,0.013514523016056046,5,True,20.0028881340113,e1e4,+6,-118,6,-118,0.502,0.1475,124.0,124.0,0.35450000000000004,0.35450000000000004,False,False,False,8237,0,0,0,0,0,0,0,0,212669
pgn_nn_vs_stockfish_2000_g7_p39,rn5r/ppk2p2/1q1p1bpp/2pP4/5P2/2N4B/PPPQ3P/2K1RR2 w - - 5 20,high_material_24_32+quiet,/home/rohanhs568/code/aichessathon-starter/nn_vs_stockfish_2000.pgn,no_selectivity,2,c3a4,211,418,663,0.023372021008981392,0.03688784400583245,5,True,20.0028881340113,e1e4,+6,-118,6,-118,0.502,0.1475,124.0,124.0,0.35450000000000004,0.35450000000000004,False,False,False,8237,0,0,0,0,0,0,0,0,212669
pgn_nn_vs_stockfish_2000_g7_p39,rn5r/ppk2p2/1q1p1bpp/2pP4/5P2/2N4B/PPPQ3P/2K1RR2 w - - 5 20,high_material_24_32+quiet,/home/rohanhs568/code/aichessathon-starter/nn_vs_stockfish_2000.pgn,no_selectivity,3,f1f3,151,6473,7136,0.3333731679886114,0.3702620120020583,5,True,20.0028881340113,e1e4,+6,-110,6,-110,0.502,0.1915,116.0,116.0,0.3105,0.3105,False,False,False,8237,0,0,0,0,0,0,0,0,212669
pgn_nn_vs_stockfish_2000_g7_p39,rn5r/ppk2p2/1q1p1bpp/2pP4/5P2/2N4B/PPPQ3P/2K1RR2 w - - 5 20,high_material_24_32+quiet,/home/rohanhs568/code/aichessathon-starter/nn_vs_stockfish_2000.pgn,no_selectivity,4,f1f3,151,11623,18759,0.6871001169783995,1.057363528991118,5,True,20.0028881340113,e1e4,+6,-110,6,-110,0.502,0.1915,116.0,116.0,0.3105,0.3105,False,False,False,8237,0,0,0,0,0,0,0,0,212669
pgn_nn_vs_stockfish_2000_g7_p39,rn5r/ppk2p2/1q1p1bpp/2pP4/5P2/2N4B/PPPQ3P/2K1RR2 w - - 5 20,high_material_24_32+quiet,/home/rohanhs568/code/aichessathon-starter/nn_vs_stockfish_2000.pgn,no_selectivity,5,e1e4,116,84553,103312,3.7558512240066193,4.813216153008398,5,True,20.0028881340113,e1e4,+6,+6,6,6,0.502,0.502,0.0,0.0,0.0,0.0,False,False,False,8237,0,0,0,0,0,0,0,0,212669
pgn_nn_vs_material_g12_p24,2kr1b1r/ppp2ppp/2n5/3p1b2/4p2q/6P1/PPPPPK1P/RNBQ1BNR b - - 0 12,high_material_24_32+capture_available,/home/rohanhs568/code/aichessathon-starter/nn_vs_material.pgn,baseline,1,f8c5,538,141,141,0.007631743006641045,0.007632942986674607,7,False,19.529340379987843,h4f6,+317,+289,317,289,1.0,0.9995,28.0,28.0,0.0004999999999999449,0.0004999999999999449,False,False,False,7579,2956,2346,13288,40,57058,0,1,0,231596
pgn_nn_vs_material_g12_p24,2kr1b1r/ppp2ppp/2n5/3p1b2/4p2q/6P1/PPPPPK1P/RNBQ1BNR b - - 0 12,high_material_24_32+capture_available,/home/rohanhs568/code/aichessathon-starter/nn_vs_material.pgn,baseline,2,f8c5,538,190,331,0.011631761997705325,0.019266004994278774,7,False,19.529340379987843,h4f6,+317,+289,317,289,1.0,0.9995,28.0,28.0,0.0004999999999999449,0.0004999999999999449,False,False,False,7579,2956,2346,13288,40,57058,0,1,0,231596
pgn_nn_vs_material_g12_p24,2kr1b1r/ppp2ppp/2n5/3p1b2/4p2q/6P1/PPPPPK1P/RNBQ1BNR b - - 0 12,high_material_24_32+capture_available,/home/rohanhs568/code/aichessathon-starter/nn_vs_material.pgn,baseline,3,f8c5,349,1487,1818,0.08866968299844302,0.10793668800033629,7,False,19.529340379987843,h4f6,+317,+289,317,289,1.0,0.9995,28.0,28.0,0.0004999999999999449,0.0004999999999999449,False,False,False,7579,2956,2346,13288,40,57058,0,1,0,231596
pgn_nn_vs_material_g12_p24,2kr1b1r/ppp2ppp/2n5/3p1b2/4p2q/6P1/PPPPPK1P/RNBQ1BNR b - - 0 12,high_material_24_32+capture_available,/home/rohanhs568/code/aichessathon-starter/nn_vs_material.pgn,baseline,4,f8c5,357,6502,8320,0.4522443320020102,0.5601826199854258,7,False,19.529340379987843,h4f6,+317,+289,317,289,1.0,0.9995,28.0,28.0,0.0004999999999999449,0.0004999999999999449,False,False,False,7579,2956,2346,13288,40,57058,0,1,0,231596
pgn_nn_vs_material_g12_p24,2kr1b1r/ppp2ppp/2n5/3p1b2/4p2q/6P1/PPPPPK1P/RNBQ1BNR b - - 0 12,high_material_24_32+capture_available,/home/rohanhs568/code/aichessathon-starter/nn_vs_material.pgn,baseline,5,h4h5,309,11294,19614,0.6890875780081842,1.2492715980042703,7,False,19.529340379987843,h4f6,+317,+67,317,67,1.0,0.607,250.0,250.0,0.393,0.393,False,False,False,7579,2956,2346,13288,40,57058,0,1,0,231596
pgn_nn_vs_material_g12_p24,2kr1b1r/ppp2ppp/2n5/3p1b2/4p2q/6P1/PPPPPK1P/RNBQ1BNR b - - 0 12,high_material_24_32+capture_available,/home/rohanhs568/code/aichessathon-starter/nn_vs_material.pgn,baseline,6,f8c5,357,49663,69277,3.186721192992991,4.4359943909803405,7,False,19.529340379987843,h4f6,+317,+289,317,289,1.0,0.9995,28.0,28.0,0.0004999999999999449,0.0004999999999999449,False,False,False,7579,2956,2346,13288,40,57058,0,1,0,231596
pgn_nn_vs_material_g12_p24,2kr1b1r/ppp2ppp/2n5/3p1b2/4p2q/6P1/PPPPPK1P/RNBQ1BNR b - - 0 12,high_material_24_32+capture_available,/home/rohanhs568/code/aichessathon-starter/nn_vs_material.pgn,baseline,7,f8c5,302,262599,331876,15.093342489009956,19.52933848000248,7,False,19.529340379987843,h4f6,+317,+289,317,289,1.0,0.9995,28.0,28.0,0.0004999999999999449,0.0004999999999999449,False,False,False,7579,2956,2346,13288,40,57058,0,1,0,231596
pgn_nn_vs_material_g12_p24,2kr1b1r/ppp2ppp/2n5/3p1b2/4p2q/6P1/PPPPPK1P/RNBQ1BNR b - - 0 12,high_material_24_32+capture_available,/home/rohanhs568/code/aichessathon-starter/nn_vs_material.pgn,no_null,1,f8c5,538,141,141,0.007515846024034545,0.007516946003306657,6,True,20.008690283983015,h4f6,+317,+289,317,289,1.0,0.9995,28.0,28.0,0.0004999999999999449,0.0004999999999999449,False,False,False,14534,0,0,8863,27,47463,0,0,0,187675
pgn_nn_vs_material_g12_p24,2kr1b1r/ppp2ppp/2n5/3p1b2/4p2q/6P1/PPPPPK1P/RNBQ1BNR b - - 0 12,high_material_24_32+capture_available,/home/rohanhs568/code/aichessathon-starter/nn_vs_material.pgn,no_null,2,f8c5,538,190,331,0.011549763003131375,0.019067908986471593,6,True,20.008690283983015,h4f6,+317,+289,317,289,1.0,0.9995,28.0,28.0,0.0004999999999999449,0.0004999999999999449,False,False,False,14534,0,0,8863,27,47463,0,0,0,187675
pgn_nn_vs_material_g12_p24,2kr1b1r/ppp2ppp/2n5/3p1b2/4p2q/6P1/PPPPPK1P/RNBQ1BNR b - - 0 12,high_material_24_32+capture_available,/home/rohanhs568/code/aichessathon-starter/nn_vs_material.pgn,no_null,3,f8c5,349,1487,1818,0.089022270985879,0.10809117997996509,6,True,20.008690283983015,h4f6,+317,+289,317,289,1.0,0.9995,28.0,28.0,0.0004999999999999449,0.0004999999999999449,False,False,False,14534,0,0,8863,27,47463,0,0,0,187675
pgn_nn_vs_material_g12_p24,2kr1b1r/ppp2ppp/2n5/3p1b2/4p2q/6P1/PPPPPK1P/RNBQ1BNR b - - 0 12,high_material_24_32+capture_available,/home/rohanhs568/code/aichessathon-starter/nn_vs_material.pgn,no_null,4,f8c5,357,6446,8264,0.45568314200500026,0.5637761219986714,6,True,20.008690283983015,h4f6,+317,+289,317,289,1.0,0.9995,28.0,28.0,0.0004999999999999449,0.0004999999999999449,False,False,False,14534,0,0,8863,27,47463,0,0,0,187675
pgn_nn_vs_material_g12_p24,2kr1b1r/ppp2ppp/2n5/3p1b2/4p2q/6P1/PPPPPK1P/RNBQ1BNR b - - 0 12,high_material_24_32+capture_available,/home/rohanhs568/code/aichessathon-starter/nn_vs_material.pgn,no_null,5,h4h5,309,11080,19344,0.6800848330021836,1.24386225498165,6,True,20.008690283983015,h4f6,+317,+67,317,67,1.0,0.607,250.0,250.0,0.393,0.393,False,False,False,14534,0,0,8863,27,47463,0,0,0,187675
pgn_nn_vs_material_g12_p24,2kr1b1r/ppp2ppp/2n5/3p1b2/4p2q/6P1/PPPPPK1P/RNBQ1BNR b - - 0 12,high_material_24_32+capture_available,/home/rohanhs568/code/aichessathon-starter/nn_vs_material.pgn,no_null,6,f8c5,357,55494,74838,3.766421448002802,5.010285302996635,6,True,20.008690283983015,h4f6,+317,+289,317,289,1.0,0.9995,28.0,28.0,0.0004999999999999449,0.0004999999999999449,False,False,False,14534,0,0,8863,27,47463,0,0,0,187675
pgn_nn_vs_material_g12_p24,2kr1b1r/ppp2ppp/2n5/3p1b2/4p2q/6P1/PPPPPK1P/RNBQ1BNR b - - 0 12,high_material_24_32+capture_available,/home/rohanhs568/code/aichessathon-starter/nn_vs_material.pgn,null_safe,1,f8c5,538,141,141,0.0077872399997431785,0.007788639981299639,6,True,20.008737099997234,h4f6,+317,+289,317,289,1.0,0.9995,28.0,28.0,0.0004999999999999449,0.0004999999999999449,False,False,False,15608,135,41,7986,26,45306,0,1,0,191295
pgn_nn_vs_material_g12_p24,2kr1b1r/ppp2ppp/2n5/3p1b2/4p2q/6P1/PPPPPK1P/RNBQ1BNR b - - 0 12,high_material_24_32+capture_available,/home/rohanhs568/code/aichessathon-starter/nn_vs_material.pgn,null_safe,2,f8c5,538,190,331,0.012026851996779442,0.01981709199026227,6,True,20.008737099997234,h4f6,+317,+289,317,289,1.0,0.9995,28.0,28.0,0.0004999999999999449,0.0004999999999999449,False,False,False,15608,135,41,7986,26,45306,0,1,0,191295
pgn_nn_vs_material_g12_p24,2kr1b1r/ppp2ppp/2n5/3p1b2/4p2q/6P1/PPPPPK1P/RNBQ1BNR b - - 0 12,high_material_24_32+capture_available,/home/rohanhs568/code/aichessathon-starter/nn_vs_material.pgn,null_safe,3,f8c5,349,1487,1818,0.08937466199859045,0.10919275399646722,6,True,20.008737099997234,h4f6,+317,+289,317,289,1.0,0.9995,28.0,28.0,0.0004999999999999449,0.0004999999999999449,False,False,False,15608,135,41,7986,26,45306,0,1,0,191295
pgn_nn_vs_material_g12_p24,2kr1b1r/ppp2ppp/2n5/3p1b2/4p2q/6P1/PPPPPK1P/RNBQ1BNR b - - 0 12,high_material_24_32+capture_available,/home/rohanhs568/code/aichessathon-starter/nn_vs_material.pgn,null_safe,4,f8c5,357,6446,8264,0.45586682501016185,0.5650612789904699,6,True,20.008737099997234,h4f6,+317,+289,317,289,1.0,0.9995,28.0,28.0,0.0004999999999999449,0.0004999999999999449,False,False,False,15608,135,41,7986,26,45306,0,1,0,191295
pgn_nn_vs_material_g12_p24,2kr1b1r/ppp2ppp/2n5/3p1b2/4p2q/6P1/PPPPPK1P/RNBQ1BNR b - - 0 12,high_material_24_32+capture_available,/home/rohanhs568/code/aichessathon-starter/nn_vs_material.pgn,null_safe,5,h4h5,309,11270,19534,0.6988540449819993,1.2639170239854138,6,True,20.008737099997234,h4f6,+317,+67,317,67,1.0,0.607,250.0,250.0,0.393,0.393,False,False,False,15608,135,41,7986,26,45306,0,1,0,191295
pgn_nn_vs_material_g12_p24,2kr1b1r/ppp2ppp/2n5/3p1b2/4p2q/6P1/PPPPPK1P/RNBQ1BNR b - - 0 12,high_material_24_32+capture_available,/home/rohanhs568/code/aichessathon-starter/nn_vs_material.pgn,null_safe,6,f8c5,357,55153,74687,3.6208619519893546,4.884780675987713,6,True,20.008737099997234,h4f6,+317,+289,317,289,1.0,0.9995,28.0,28.0,0.0004999999999999449,0.0004999999999999449,False,False,False,15608,135,41,7986,26,45306,0,1,0,191295
pgn_nn_vs_material_g12_p24,2kr1b1r/ppp2ppp/2n5/3p1b2/4p2q/6P1/PPPPPK1P/RNBQ1BNR b - - 0 12,high_material_24_32+capture_available,/home/rohanhs568/code/aichessathon-starter/nn_vs_material.pgn,no_lmr,1,f8c5,538,141,141,0.007569143985165283,0.007570343994302675,6,True,20.012439017009456,h4f6,+317,+289,317,289,1.0,0.9995,28.0,28.0,0.0004999999999999449,0.0004999999999999449,False,False,False,3976,1810,1434,0,0,123260,0,0,0,218487
pgn_nn_vs_material_g12_p24,2kr1b1r/ppp2ppp/2n5/3p1b2/4p2q/6P1/PPPPPK1P/RNBQ1BNR b - - 0 12,high_material_24_32+capture_available,/home/rohanhs568/code/aichessathon-starter/nn_vs_material.pgn,no_lmr,2,f8c5,538,190,331,0.01180475699948147,0.019376201002160087,6,True,20.012439017009456,h4f6,+317,+289,317,289,1.0,0.9995,28.0,28.0,0.0004999999999999449,0.0004999999999999449,False,False,False,3976,1810,1434,0,0,123260,0,0,0,218487
pgn_nn_vs_material_g12_p24,2kr1b1r/ppp2ppp/2n5/3p1b2/4p2q/6P1/PPPPPK1P/RNBQ1BNR b - - 0 12,high_material_24_32+capture_available,/home/rohanhs568/code/aichessathon-starter/nn_vs_material.pgn,no_lmr,3,f8c5,349,1487,1818,0.08874777698656544,0.10812527799862437,6,True,20.012439017009456,h4f6,+317,+289,317,289,1.0,0.9995,28.0,28.0,0.0004999999999999449,0.0004999999999999449,False,False,False,3976,1810,1434,0,0,123260,0,0,0,218487
pgn_nn_vs_material_g12_p24,2kr1b1r/ppp2ppp/2n5/3p1b2/4p2q/6P1/PPPPPK1P/RNBQ1BNR b - - 0 12,high_material_24_32+capture_available,/home/rohanhs568/code/aichessathon-starter/nn_vs_material.pgn,no_lmr,4,f8c5,357,6502,8320,0.4527082970016636,0.5608346750086639,6,True,20.012439017009456,h4f6,+317,+289,317,289,1.0,0.9995,28.0,28.0,0.0004999999999999449,0.0004999999999999449,False,False,False,3976,1810,1434,0,0,123260,0,0,0,218487
pgn_nn_vs_material_g12_p24,2kr1b1r/ppp2ppp/2n5/3p1b2/4p2q/6P1/PPPPPK1P/RNBQ1BNR b - - 0 12,high_material_24_32+capture_available,/home/rohanhs568/code/aichessathon-starter/nn_vs_material.pgn,no_lmr,5,h4h5,309,35846,44166,2.0508827540033963,2.611719128995901,6,True,20.012439017009456,h4f6,+317,+67,317,67,1.0,0.607,250.0,250.0,0.393,0.393,False,False,False,3976,1810,1434,0,0,123260,0,0,0,218487
pgn_nn_vs_material_g12_p24,2kr1b1r/ppp2ppp/2n5/3p1b2/4p2q/6P1/PPPPPK1P/RNBQ1BNR b - - 0 12,high_material_24_32+capture_available,/home/rohanhs568/code/aichessathon-starter/nn_vs_material.pgn,no_lmr,6,f8c5,357,129896,174062,8.490016397001455,11.101737326011062,6,True,20.012439017009456,h4f6,+317,+289,317,289,1.0,0.9995,28.0,28.0,0.0004999999999999449,0.0004999999999999449,False,False,False,3976,1810,1434,0,0,123260,0,0,0,218487
pgn_nn_vs_material_g12_p24,2kr1b1r/ppp2ppp/2n5/3p1b2/4p2q/6P1/PPPPPK1P/RNBQ1BNR b - - 0 12,high_material_24_32+capture_available,/home/rohanhs568/code/aichessathon-starter/nn_vs_material.pgn,lmr_safe,1,f8c5,538,141,141,0.007509946008212864,0.007511245989007875,6,True,20.009085622994462,h4f6,+317,+289,317,289,1.0,0.9995,28.0,28.0,0.0004999999999999449,0.0004999999999999449,False,False,False,6658,1757,1334,3037,10,153003,0,1,0,210432
pgn_nn_vs_material_g12_p24,2kr1b1r/ppp2ppp/2n5/3p1b2/4p2q/6P1/PPPPPK1P/RNBQ1BNR b - - 0 12,high_material_24_32+capture_available,/home/rohanhs568/code/aichessathon-starter/nn_vs_material.pgn,lmr_safe,2,f8c5,538,190,331,0.011422365001635626,0.018934810999780893,6,True,20.009085622994462,h4f6,+317,+289,317,289,1.0,0.9995,28.0,28.0,0.0004999999999999449,0.0004999999999999449,False,False,False,6658,1757,1334,3037,10,153003,0,1,0,210432
pgn_nn_vs_material_g12_p24,2kr1b1r/ppp2ppp/2n5/3p1b2/4p2q/6P1/PPPPPK1P/RNBQ1BNR b - - 0 12,high_material_24_32+capture_available,/home/rohanhs568/code/aichessathon-starter/nn_vs_material.pgn,lmr_safe,3,f8c5,349,1487,1818,0.08804679202148691,0.10698240299825557,6,True,20.009085622994462,h4f6,+317,+289,317,289,1.0,0.9995,28.0,28.0,0.0004999999999999449,0.0004999999999999449,False,False,False,6658,1757,1334,3037,10,153003,0,1,0,210432
pgn_nn_vs_material_g12_p24,2kr1b1r/ppp2ppp/2n5/3p1b2/4p2q/6P1/PPPPPK1P/RNBQ1BNR b - - 0 12,high_material_24_32+capture_available,/home/rohanhs568/code/aichessathon-starter/nn_vs_material.pgn,lmr_safe,4,f8c5,357,6502,8320,0.4518868220038712,0.5588704249821603,6,True,20.009085622994462,h4f6,+317,+289,317,289,1.0,0.9995,28.0,28.0,0.0004999999999999449,0.0004999999999999449,False,False,False,6658,1757,1334,3037,10,153003,0,1,0,210432
pgn_nn_vs_material_g12_p24,2kr1b1r/ppp2ppp/2n5/3p1b2/4p2q/6P1/PPPPPK1P/RNBQ1BNR b - - 0 12,high_material_24_32+capture_available,/home/rohanhs568/code/aichessathon-starter/nn_vs_material.pgn,lmr_safe,5,h4h5,309,33016,41336,1.8436883829999715,2.402560407994315,6,True,20.009085622994462,h4f6,+317,+67,317,67,1.0,0.607,250.0,250.0,0.393,0.393,False,False,False,6658,1757,1334,3037,10,153003,0,1,0,210432
pgn_nn_vs_material_g12_p24,2kr1b1r/ppp2ppp/2n5/3p1b2/4p2q/6P1/PPPPPK1P/RNBQ1BNR b - - 0 12,high_material_24_32+capture_available,/home/rohanhs568/code/aichessathon-starter/nn_vs_material.pgn,lmr_safe,6,f8c5,357,46437,87773,2.9460296900069807,5.348591697984375,6,True,20.009085622994462,h4f6,+317,+289,317,289,1.0,0.9995,28.0,28.0,0.0004999999999999449,0.0004999999999999449,False,False,False,6658,1757,1334,3037,10,153003,0,1,0,210432
pgn_nn_vs_material_g12_p24,2kr1b1r/ppp2ppp/2n5/3p1b2/4p2q/6P1/PPPPPK1P/RNBQ1BNR b - - 0 12,high_material_24_32+capture_available,/home/rohanhs568/code/aichessathon-starter/nn_vs_material.pgn,no_futility,1,f8c5,538,141,141,0.007522346015321091,0.007523546024458483,6,True,20.01133118700818,h4f6,+317,+289,317,289,1.0,0.9995,28.0,28.0,0.0004999999999999449,0.0004999999999999449,False,False,False,6564,2541,2015,11943,38,0,0,1,0,242532
pgn_nn_vs_material_g12_p24,2kr1b1r/ppp2ppp/2n5/3p1b2/4p2q/6P1/PPPPPK1P/RNBQ1BNR b - - 0 12,high_material_24_32+capture_available,/home/rohanhs568/code/aichessathon-starter/nn_vs_material.pgn,no_futility,2,f8c5,538,190,331,0.010902576002990827,0.01842742200824432,6,True,20.01133118700818,h4f6,+317,+289,317,289,1.0,0.9995,28.0,28.0,0.0004999999999999449,0.0004999999999999449,False,False,False,6564,2541,2015,11943,38,0,0,1,0,242532
pgn_nn_vs_material_g12_p24,2kr1b1r/ppp2ppp/2n5/3p1b2/4p2q/6P1/PPPPPK1P/RNBQ1BNR b - - 0 12,high_material_24_32+capture_available,/home/rohanhs568/code/aichessathon-starter/nn_vs_material.pgn,no_futility,3,f8c5,349,3639,3970,0.16392803899361752,0.18235636100871488,6,True,20.01133118700818,h4f6,+317,+289,317,289,1.0,0.9995,28.0,28.0,0.0004999999999999449,0.0004999999999999449,False,False,False,6564,2541,2015,11943,38,0,0,1,0,242532
pgn_nn_vs_material_g12_p24,2kr1b1r/ppp2ppp/2n5/3p1b2/4p2q/6P1/PPPPPK1P/RNBQ1BNR b - - 0 12,high_material_24_32+capture_available,/home/rohanhs568/code/aichessathon-starter/nn_vs_material.pgn,no_futility,4,f8c5,357,6502,10472,0.4080424339917954,0.5903999950096477,6,True,20.01133118700818,h4f6,+317,+289,317,289,1.0,0.9995,28.0,28.0,0.0004999999999999449,0.0004999999999999449,False,False,False,6564,2541,2015,11943,38,0,0,1,0,242532
pgn_nn_vs_material_g12_p24,2kr1b1r/ppp2ppp/2n5/3p1b2/4p2q/6P1/PPPPPK1P/RNBQ1BNR b - - 0 12,high_material_24_32+capture_available,/home/rohanhs568/code/aichessathon-starter/nn_vs_material.pgn,no_futility,5,h4h5,309,20396,30868,1.0196677930071019,1.6100694880005904,6,True,20.01133118700818,h4f6,+317,+67,317,67,1.0,0.607,250.0,250.0,0.393,0.393,False,False,False,6564,2541,2015,11943,38,0,0,1,0,242532
pgn_nn_vs_material_g12_p24,2kr1b1r/ppp2ppp/2n5/3p1b2/4p2q/6P1/PPPPPK1P/RNBQ1BNR b - - 0 12,high_material_24_32+capture_available,/home/rohanhs568/code/aichessathon-starter/nn_vs_material.pgn,no_futility,6,f8c5,357,105027,135895,4.767557053011842,6.377628041023854,6,True,20.01133118700818,h4f6,+317,+289,317,289,1.0,0.9995,28.0,28.0,0.0004999999999999449,0.0004999999999999449,False,False,False,6564,2541,2015,11943,38,0,0,1,0,242532
pgn_nn_vs_material_g12_p24,2kr1b1r/ppp2ppp/2n5/3p1b2/4p2q/6P1/PPPPPK1P/RNBQ1BNR b - - 0 12,high_material_24_32+capture_available,/home/rohanhs568/code/aichessathon-starter/nn_vs_material.pgn,capture_material_order,1,f8c5,538,141,141,0.007588243985082954,0.007589343993458897,6,True,20.0033746699919,h4f6,+317,+289,317,289,1.0,0.9995,28.0,28.0,0.0004999999999999449,0.0004999999999999449,False,False,False,7154,2697,2076,12816,37,57810,0,1,129324,233096
pgn_nn_vs_material_g12_p24,2kr1b1r/ppp2ppp/2n5/3p1b2/4p2q/6P1/PPPPPK1P/RNBQ1BNR b - - 0 12,high_material_24_32+capture_available,/home/rohanhs568/code/aichessathon-starter/nn_vs_material.pgn,capture_material_order,2,f8c5,538,190,331,0.011846856999909505,0.019437401002505794,6,True,20.0033746699919,h4f6,+317,+289,317,289,1.0,0.9995,28.0,28.0,0.0004999999999999449,0.0004999999999999449,False,False,False,7154,2697,2076,12816,37,57810,0,1,129324,233096
pgn_nn_vs_material_g12_p24,2kr1b1r/ppp2ppp/2n5/3p1b2/4p2q/6P1/PPPPPK1P/RNBQ1BNR b - - 0 12,high_material_24_32+capture_available,/home/rohanhs568/code/aichessathon-starter/nn_vs_material.pgn,capture_material_order,3,f8c5,349,1470,1801,0.08819238998694345,0.10763109099934809,6,True,20.0033746699919,h4f6,+317,+289,317,289,1.0,0.9995,28.0,28.0,0.0004999999999999449,0.0004999999999999449,False,False,False,7154,2697,2076,12816,37,57810,0,1,129324,233096
pgn_nn_vs_material_g12_p24,2kr1b1r/ppp2ppp/2n5/3p1b2/4p2q/6P1/PPPPPK1P/RNBQ1BNR b - - 0 12,high_material_24_32+capture_available,/home/rohanhs568/code/aichessathon-starter/nn_vs_material.pgn,capture_material_order,4,f8c5,357,6440,8241,0.44706142498762347,0.554693715996109,6,True,20.0033746699919,h4f6,+317,+289,317,289,1.0,0.9995,28.0,28.0,0.0004999999999999449,0.0004999999999999449,False,False,False,7154,2697,2076,12816,37,57810,0,1,129324,233096
pgn_nn_vs_material_g12_p24,2kr1b1r/ppp2ppp/2n5/3p1b2/4p2q/6P1/PPPPPK1P/RNBQ1BNR b - - 0 12,high_material_24_32+capture_available,/home/rohanhs568/code/aichessathon-starter/nn_vs_material.pgn,capture_material_order,5,h4h5,309,11425,19666,0.688667471986264,1.2433628879953176,6,True,20.0033746699919,h4f6,+317,+67,317,67,1.0,0.607,250.0,250.0,0.393,0.393,False,False,False,7154,2697,2076,12816,37,57810,0,1,129324,233096
pgn_nn_vs_material_g12_p24,2kr1b1r/ppp2ppp/2n5/3p1b2/4p2q/6P1/PPPPPK1P/RNBQ1BNR b - - 0 12,high_material_24_32+capture_available,/home/rohanhs568/code/aichessathon-starter/nn_vs_material.pgn,capture_material_order,6,f8c5,357,62672,82338,3.88763318900601,5.130997676984407,6,True,20.0033746699919,h4f6,+317,+289,317,289,1.0,0.9995,28.0,28.0,0.0004999999999999449,0.0004999999999999449,False,False,False,7154,2697,2076,12816,37,57810,0,1,129324,233096
pgn_nn_vs_material_g12_p24,2kr1b1r/ppp2ppp/2n5/3p1b2/4p2q/6P1/PPPPPK1P/RNBQ1BNR b - - 0 12,high_material_24_32+capture_available,/home/rohanhs568/code/aichessathon-starter/nn_vs_material.pgn,no_aspiration,1,f8c5,538,141,141,0.007647843012819067,0.007648942992091179,7,False,13.985355671989964,h4f6,+317,+289,317,289,1.0,0.9995,28.0,28.0,0.0004999999999999449,0.0004999999999999449,False,False,False,4624,1598,1202,8186,34,45680,0,0,0,149309
pgn_nn_vs_material_g12_p24,2kr1b1r/ppp2ppp/2n5/3p1b2/4p2q/6P1/PPPPPK1P/RNBQ1BNR b - - 0 12,high_material_24_32+capture_available,/home/rohanhs568/code/aichessathon-starter/nn_vs_material.pgn,no_aspiration,2,f8c5,538,190,331,0.011573061987292022,0.019223304989282042,7,False,13.985355671989964,h4f6,+317,+289,317,289,1.0,0.9995,28.0,28.0,0.0004999999999999449,0.0004999999999999449,False,False,False,4624,1598,1202,8186,34,45680,0,0,0,149309
pgn_nn_vs_material_g12_p24,2kr1b1r/ppp2ppp/2n5/3p1b2/4p2q/6P1/PPPPPK1P/RNBQ1BNR b - - 0 12,high_material_24_32+capture_available,/home/rohanhs568/code/aichessathon-starter/nn_vs_material.pgn,no_aspiration,3,f8c5,349,1487,1818,0.08935176898376085,0.10857587397913449,7,False,13.985355671989964,h4f6,+317,+289,317,289,1.0,0.9995,28.0,28.0,0.0004999999999999449,0.0004999999999999449,False,False,False,4624,1598,1202,8186,34,45680,0,0,0,149309
pgn_nn_vs_material_g12_p24,2kr1b1r/ppp2ppp/2n5/3p1b2/4p2q/6P1/PPPPPK1P/RNBQ1BNR b - - 0 12,high_material_24_32+capture_available,/home/rohanhs568/code/aichessathon-starter/nn_vs_material.pgn,no_aspiration,4,f8c5,357,6556,8374,0.4556615579931531,0.5642390309949405,7,False,13.985355671989964,h4f6,+317,+289,317,289,1.0,0.9995,28.0,28.0,0.0004999999999999449,0.0004999999999999449,False,False,False,4624,1598,1202,8186,34,45680,0,0,0,149309
pgn_nn_vs_material_g12_p24,2kr1b1r/ppp2ppp/2n5/3p1b2/4p2q/6P1/PPPPPK1P/RNBQ1BNR b - - 0 12,high_material_24_32+capture_available,/home/rohanhs568/code/aichessathon-starter/nn_vs_material.pgn,no_aspiration,5,h4h5,309,15335,23709,0.9380595680268016,1.5023000989749562,7,False,13.985355671989964,h4f6,+317,+67,317,67,1.0,0.607,250.0,250.0,0.393,0.393,False,False,False,4624,1598,1202,8186,34,45680,0,0,0,149309
pgn_nn_vs_material_g12_p24,2kr1b1r/ppp2ppp/2n5/3p1b2/4p2q/6P1/PPPPPK1P/RNBQ1BNR b - - 0 12,high_material_24_32+capture_available,/home/rohanhs568/code/aichessathon-starter/nn_vs_material.pgn,no_aspiration,6,h4f6,357,57714,81423,3.7062220119987614,5.208523810986662,7,False,13.985355671989964,h4f6,+317,+317,317,317,1.0,1.0,0.0,0.0,0.0,0.0,False,False,False,4624,1598,1202,8186,34,45680,0,0,0,149309
pgn_nn_vs_material_g12_p24,2kr1b1r/ppp2ppp/2n5/3p1b2/4p2q/6P1/PPPPPK1P/RNBQ1BNR b - - 0 12,high_material_24_32+capture_available,/home/rohanhs568/code/aichessathon-starter/nn_vs_material.pgn,no_aspiration,7,h4f6,302,139229,220652,8.77682806100347,13.985353572003078,7,False,13.985355671989964,h4f6,+317,+317,317,317,1.0,1.0,0.0,0.0,0.0,0.0,False,False,False,4624,1598,1202,8186,34,45680,0,0,0,149309
pgn_nn_vs_material_g12_p24,2kr1b1r/ppp2ppp/2n5/3p1b2/4p2q/6P1/PPPPPK1P/RNBQ1BNR b - - 0 12,high_material_24_32+capture_available,/home/rohanhs568/code/aichessathon-starter/nn_vs_material.pgn,no_pvs,1,f8c5,538,131,131,0.007561045000329614,0.007562245009467006,6,True,20.002628732006997,h4f6,+317,+289,317,289,1.0,0.9995,28.0,28.0,0.0004999999999999449,0.0004999999999999449,False,False,False,6775,2520,2018,11626,39,54142,0,1,0,235207
pgn_nn_vs_material_g12_p24,2kr1b1r/ppp2ppp/2n5/3p1b2/4p2q/6P1/PPPPPK1P/RNBQ1BNR b - - 0 12,high_material_24_32+capture_available,/home/rohanhs568/code/aichessathon-starter/nn_vs_material.pgn,no_pvs,2,f8c5,538,195,326,0.011424964992329478,0.018988410010933876,6,True,20.002628732006997,h4f6,+317,+289,317,289,1.0,0.9995,28.0,28.0,0.0004999999999999449,0.0004999999999999449,False,False,False,6775,2520,2018,11626,39,54142,0,1,0,235207
pgn_nn_vs_material_g12_p24,2kr1b1r/ppp2ppp/2n5/3p1b2/4p2q/6P1/PPPPPK1P/RNBQ1BNR b - - 0 12,high_material_24_32+capture_available,/home/rohanhs568/code/aichessathon-starter/nn_vs_material.pgn,no_pvs,3,f8c5,349,1501,1827,0.0893423669913318,0.10833187701064162,6,True,20.002628732006997,h4f6,+317,+289,317,289,1.0,0.9995,28.0,28.0,0.0004999999999999449,0.0004999999999999449,False,False,False,6775,2520,2018,11626,39,54142,0,1,0,235207
pgn_nn_vs_material_g12_p24,2kr1b1r/ppp2ppp/2n5/3p1b2/4p2q/6P1/PPPPPK1P/RNBQ1BNR b - - 0 12,high_material_24_32+capture_available,/home/rohanhs568/code/aichessathon-starter/nn_vs_material.pgn,no_pvs,4,f8c5,357,6417,8244,0.44976146798580885,0.5580945450055879,6,True,20.002628732006997,h4f6,+317,+289,317,289,1.0,0.9995,28.0,28.0,0.0004999999999999449,0.0004999999999999449,False,False,False,6775,2520,2018,11626,39,54142,0,1,0,235207
pgn_nn_vs_material_g12_p24,2kr1b1r/ppp2ppp/2n5/3p1b2/4p2q/6P1/PPPPPK1P/RNBQ1BNR b - - 0 12,high_material_24_32+capture_available,/home/rohanhs568/code/aichessathon-starter/nn_vs_material.pgn,no_pvs,5,h4h5,309,11861,20105,0.7198912249878049,1.2779870700032916,6,True,20.002628732006997,h4f6,+317,+67,317,67,1.0,0.607,250.0,250.0,0.393,0.393,False,False,False,6775,2520,2018,11626,39,54142,0,1,0,235207
pgn_nn_vs_material_g12_p24,2kr1b1r/ppp2ppp/2n5/3p1b2/4p2q/6P1/PPPPPK1P/RNBQ1BNR b - - 0 12,high_material_24_32+capture_available,/home/rohanhs568/code/aichessathon-starter/nn_vs_material.pgn,no_pvs,6,f8c5,357,50152,70257,3.1996077279909514,4.477596498007188,6,True,20.002628732006997,h4f6,+317,+289,317,289,1.0,0.9995,28.0,28.0,0.0004999999999999449,0.0004999999999999449,False,False,False,6775,2520,2018,11626,39,54142,0,1,0,235207
pgn_nn_vs_material_g12_p24,2kr1b1r/ppp2ppp/2n5/3p1b2/4p2q/6P1/PPPPPK1P/RNBQ1BNR b - - 0 12,high_material_24_32+capture_available,/home/rohanhs568/code/aichessathon-starter/nn_vs_material.pgn,no_null_no_lmr,1,f8c5,538,141,141,0.007712142018135637,0.007713341998169199,5,True,20.018864260986447,h4f6,+317,+289,317,289,1.0,0.9995,28.0,28.0,0.0004999999999999449,0.0004999999999999449,False,False,False,14442,0,0,0,0,36405,0,0,0,204040
pgn_nn_vs_material_g12_p24,2kr1b1r/ppp2ppp/2n5/3p1b2/4p2q/6P1/PPPPPK1P/RNBQ1BNR b - - 0 12,high_material_24_32+capture_available,/home/rohanhs568/code/aichessathon-starter/nn_vs_material.pgn,no_null_no_lmr,2,f8c5,538,190,331,0.011692960018990561,0.01940760199795477,5,True,20.018864260986447,h4f6,+317,+289,317,289,1.0,0.9995,28.0,28.0,0.0004999999999999449,0.0004999999999999449,False,False,False,14442,0,0,0,0,36405,0,0,0,204040
pgn_nn_vs_material_g12_p24,2kr1b1r/ppp2ppp/2n5/3p1b2/4p2q/6P1/PPPPPK1P/RNBQ1BNR b - - 0 12,high_material_24_32+capture_available,/home/rohanhs568/code/aichessathon-starter/nn_vs_material.pgn,no_null_no_lmr,3,f8c5,349,1487,1818,0.08926587001769803,0.10867447199416347,5,True,20.018864260986447,h4f6,+317,+289,317,289,1.0,0.9995,28.0,28.0,0.0004999999999999449,0.0004999999999999449,False,False,False,14442,0,0,0,0,36405,0,0,0,204040
pgn_nn_vs_material_g12_p24,2kr1b1r/ppp2ppp/2n5/3p1b2/4p2q/6P1/PPPPPK1P/RNBQ1BNR b - - 0 12,high_material_24_32+capture_available,/home/rohanhs568/code/aichessathon-starter/nn_vs_material.pgn,no_null_no_lmr,4,f8c5,357,6446,8264,0.44897109500016086,0.5576469669758808,5,True,20.018864260986447,h4f6,+317,+289,317,289,1.0,0.9995,28.0,28.0,0.0004999999999999449,0.0004999999999999449,False,False,False,14442,0,0,0,0,36405,0,0,0,204040
pgn_nn_vs_material_g12_p24,2kr1b1r/ppp2ppp/2n5/3p1b2/4p2q/6P1/PPPPPK1P/RNBQ1BNR b - - 0 12,high_material_24_32+capture_available,/home/rohanhs568/code/aichessathon-starter/nn_vs_material.pgn,no_null_no_lmr,5,h4h5,309,36044,44308,2.0667089280032087,2.6243573949905112,5,True,20.018864260986447,h4f6,+317,+67,317,67,1.0,0.607,250.0,250.0,0.393,0.393,False,False,False,14442,0,0,0,0,36405,0,0,0,204040
pgn_nn_vs_material_g12_p24,2kr1b1r/ppp2ppp/2n5/3p1b2/4p2q/6P1/PPPPPK1P/RNBQ1BNR b - - 0 12,high_material_24_32+capture_available,/home/rohanhs568/code/aichessathon-starter/nn_vs_material.pgn,no_null_no_futility,1,f8c5,538,141,141,0.0076812420156784356,0.007682341994950548,6,True,20.002807430981193,h4f6,+317,+289,317,289,1.0,0.9995,28.0,28.0,0.0004999999999999449,0.0004999999999999449,False,False,False,11927,0,0,7978,27,0,0,0,0,217847
pgn_nn_vs_material_g12_p24,2kr1b1r/ppp2ppp/2n5/3p1b2/4p2q/6P1/PPPPPK1P/RNBQ1BNR b - - 0 12,high_material_24_32+capture_available,/home/rohanhs568/code/aichessathon-starter/nn_vs_material.pgn,no_null_no_futility,2,f8c5,538,190,331,0.011029573972336948,0.018713215977186337,6,True,20.002807430981193,h4f6,+317,+289,317,289,1.0,0.9995,28.0,28.0,0.0004999999999999449,0.0004999999999999449,False,False,False,11927,0,0,7978,27,0,0,0,0,217847
pgn_nn_vs_material_g12_p24,2kr1b1r/ppp2ppp/2n5/3p1b2/4p2q/6P1/PPPPPK1P/RNBQ1BNR b - - 0 12,high_material_24_32+capture_available,/home/rohanhs568/code/aichessathon-starter/nn_vs_material.pgn,no_null_no_futility,3,f8c5,349,3639,3970,0.1643863280187361,0.18310044400277548,6,True,20.002807430981193,h4f6,+317,+289,317,289,1.0,0.9995,28.0,28.0,0.0004999999999999449,0.0004999999999999449,False,False,False,11927,0,0,7978,27,0,0,0,0,217847
pgn_nn_vs_material_g12_p24,2kr1b1r/ppp2ppp/2n5/3p1b2/4p2q/6P1/PPPPPK1P/RNBQ1BNR b - - 0 12,high_material_24_32+capture_available,/home/rohanhs568/code/aichessathon-starter/nn_vs_material.pgn,no_null_no_futility,4,f8c5,357,6446,10416,0.40435800500563346,0.587459748989204,6,True,20.002807430981193,h4f6,+317,+289,317,289,1.0,0.9995,28.0,28.0,0.0004999999999999449,0.0004999999999999449,False,False,False,11927,0,0,7978,27,0,0,0,0,217847
pgn_nn_vs_material_g12_p24,2kr1b1r/ppp2ppp/2n5/3p1b2/4p2q/6P1/PPPPPK1P/RNBQ1BNR b - - 0 12,high_material_24_32+capture_available,/home/rohanhs568/code/aichessathon-starter/nn_vs_material.pgn,no_null_no_futility,5,h4h5,309,21154,31570,1.0423191179870628,1.629780266986927,6,True,20.002807430981193,h4f6,+317,+67,317,67,1.0,0.607,250.0,250.0,0.393,0.393,False,False,False,11927,0,0,7978,27,0,0,0,0,217847
pgn_nn_vs_material_g12_p24,2kr1b1r/ppp2ppp/2n5/3p1b2/4p2q/6P1/PPPPPK1P/RNBQ1BNR b - - 0 12,high_material_24_32+capture_available,/home/rohanhs568/code/aichessathon-starter/nn_vs_material.pgn,no_null_no_futility,6,f8c5,357,109828,141398,5.133446695981547,6.763228462979896,6,True,20.002807430981193,h4f6,+317,+289,317,289,1.0,0.9995,28.0,28.0,0.0004999999999999449,0.0004999999999999449,False,False,False,11927,0,0,7978,27,0,0,0,0,217847
pgn_nn_vs_material_g12_p24,2kr1b1r/ppp2ppp/2n5/3p1b2/4p2q/6P1/PPPPPK1P/RNBQ1BNR b - - 0 12,high_material_24_32+capture_available,/home/rohanhs568/code/aichessathon-starter/nn_vs_material.pgn,no_lmr_no_futility,1,f8c5,538,141,141,0.007567344990093261,0.007568644999992102,6,True,20.001618853013497,h4f6,+317,+289,317,289,1.0,0.9995,28.0,28.0,0.0004999999999999449,0.0004999999999999449,False,False,False,3576,1721,1398,0,0,0,0,0,0,243419
pgn_nn_vs_material_g12_p24,2kr1b1r/ppp2ppp/2n5/3p1b2/4p2q/6P1/PPPPPK1P/RNBQ1BNR b - - 0 12,high_material_24_32+capture_available,/home/rohanhs568/code/aichessathon-starter/nn_vs_material.pgn,no_lmr_no_futility,2,f8c5,538,190,331,0.011084272002335638,0.018653917009942234,6,True,20.001618853013497,h4f6,+317,+289,317,289,1.0,0.9995,28.0,28.0,0.0004999999999999449,0.0004999999999999449,False,False,False,3576,1721,1398,0,0,0,0,0,0,243419
pgn_nn_vs_material_g12_p24,2kr1b1r/ppp2ppp/2n5/3p1b2/4p2q/6P1/PPPPPK1P/RNBQ1BNR b - - 0 12,high_material_24_32+capture_available,/home/rohanhs568/code/aichessathon-starter/nn_vs_material.pgn,no_lmr_no_futility,3,f8c5,349,3639,3970,0.16448002800461836,0.18313474499154836,6,True,20.001618853013497,h4f6,+317,+289,317,289,1.0,0.9995,28.0,28.0,0.0004999999999999449,0.0004999999999999449,False,False,False,3576,1721,1398,0,0,0,0,0,0,243419
pgn_nn_vs_material_g12_p24,2kr1b1r/ppp2ppp/2n5/3p1b2/4p2q/6P1/PPPPPK1P/RNBQ1BNR b - - 0 12,high_material_24_32+capture_available,/home/rohanhs568/code/aichessathon-starter/nn_vs_material.pgn,no_lmr_no_futility,4,f8c5,357,6502,10472,0.40913391299545765,0.5922702579991892,6,True,20.001618853013497,h4f6,+317,+289,317,289,1.0,0.9995,28.0,28.0,0.0004999999999999449,0.0004999999999999449,False,False,False,3576,1721,1398,0,0,0,0,0,0,243419
pgn_nn_vs_material_g12_p24,2kr1b1r/ppp2ppp/2n5/3p1b2/4p2q/6P1/PPPPPK1P/RNBQ1BNR b - - 0 12,high_material_24_32+capture_available,/home/rohanhs568/code/aichessathon-starter/nn_vs_material.pgn,no_lmr_no_futility,5,h4h5,309,100122,110594,4.069141280982876,4.661412938992726,6,True,20.001618853013497,h4f6,+317,+67,317,67,1.0,0.607,250.0,250.0,0.393,0.393,False,False,False,3576,1721,1398,0,0,0,0,0,0,243419
pgn_nn_vs_material_g12_p24,2kr1b1r/ppp2ppp/2n5/3p1b2/4p2q/6P1/PPPPPK1P/RNBQ1BNR b - - 0 12,high_material_24_32+capture_available,/home/rohanhs568/code/aichessathon-starter/nn_vs_material.pgn,no_lmr_no_futility,6,f8c5,357,134756,245350,8.35806115201558,13.019475590990623,6,True,20.001618853013497,h4f6,+317,+289,317,289,1.0,0.9995,28.0,28.0,0.0004999999999999449,0.0004999999999999449,False,False,False,3576,1721,1398,0,0,0,0,0,0,243419
pgn_nn_vs_material_g12_p24,2kr1b1r/ppp2ppp/2n5/3p1b2/4p2q/6P1/PPPPPK1P/RNBQ1BNR b - - 0 12,high_material_24_32+capture_available,/home/rohanhs568/code/aichessathon-starter/nn_vs_material.pgn,no_selectivity,1,f8c5,538,141,141,0.007641542993951589,0.007642543001566082,5,True,20.000760435010307,h4f6,+317,+289,317,289,1.0,0.9995,28.0,28.0,0.0004999999999999449,0.0004999999999999449,False,False,False,11732,0,0,0,0,0,0,0,0,229228
pgn_nn_vs_material_g12_p24,2kr1b1r/ppp2ppp/2n5/3p1b2/4p2q/6P1/PPPPPK1P/RNBQ1BNR b - - 0 12,high_material_24_32+capture_available,/home/rohanhs568/code/aichessathon-starter/nn_vs_material.pgn,no_selectivity,2,f8c5,538,190,331,0.011054072994738817,0.01869801600696519,5,True,20.000760435010307,h4f6,+317,+289,317,289,1.0,0.9995,28.0,28.0,0.0004999999999999449,0.0004999999999999449,False,False,False,11732,0,0,0,0,0,0,0,0,229228
pgn_nn_vs_material_g12_p24,2kr1b1r/ppp2ppp/2n5/3p1b2/4p2q/6P1/PPPPPK1P/RNBQ1BNR b - - 0 12,high_material_24_32+capture_available,/home/rohanhs568/code/aichessathon-starter/nn_vs_material.pgn,no_selectivity,3,f8c5,349,3639,3970,0.16348564802319743,0.18218476400943473,5,True,20.000760435010307,h4f6,+317,+289,317,289,1.0,0.9995,28.0,28.0,0.0004999999999999449,0.0004999999999999449,False,False,False,11732,0,0,0,0,0,0,0,0,229228
pgn_nn_vs_material_g12_p24,2kr1b1r/ppp2ppp/2n5/3p1b2/4p2q/6P1/PPPPPK1P/RNBQ1BNR b - - 0 12,high_material_24_32+capture_available,/home/rohanhs568/code/aichessathon-starter/nn_vs_material.pgn,no_selectivity,4,f8c5,357,6446,10416,0.4045086039986927,0.5866947679896839,5,True,20.000760435010307,h4f6,+317,+289,317,289,1.0,0.9995,28.0,28.0,0.0004999999999999449,0.0004999999999999449,False,False,False,11732,0,0,0,0,0,0,0,0,229228
pgn_nn_vs_material_g12_p24,2kr1b1r/ppp2ppp/2n5/3p1b2/4p2q/6P1/PPPPPK1P/RNBQ1BNR b - - 0 12,high_material_24_32+capture_available,/home/rohanhs568/code/aichessathon-starter/nn_vs_material.pgn,no_selectivity,5,h4h5,309,100626,111042,4.092226479988312,4.678922847990179,5,True,20.000760435010307,h4f6,+317,+67,317,67,1.0,0.607,250.0,250.0,0.393,0.393,False,False,False,11732,0,0,0,0,0,0,0,0,229228
validation_0176,r5k1/5ppp/2N1p3/p7/P7/1Pn2P2/6PP/R3K3 b - -,late_11_16+capture_available,training/data/samples/lichess_validation_250k.csv,baseline,1,h7h6,12,74,74,0.0027516440022736788,0.0027529439830686897,7,False,1.8248429959930945,c3d5,-73,-232,-73,-232,0.4145,0.0005,159.0,159.0,0.414,0.414,False,False,False,856,475,319,1919,22,6614,0,0,0,17443
validation_0176,r5k1/5ppp/2N1p3/p7/P7/1Pn2P2/6PP/R3K3 b - -,late_11_16+capture_available,training/data/samples/lichess_validation_250k.csv,baseline,2,a8a6,36,303,377,0.01283743599196896,0.015591479983413592,7,False,1.8248429959930945,c3d5,-73,-310,-73,-310,0.4145,0.0,237.0,237.0,0.4145,0.4145,False,False,False,856,475,319,1919,22,6614,0,0,0,17443
validation_0176,r5k1/5ppp/2N1p3/p7/P7/1Pn2P2/6PP/R3K3 b - -,late_11_16+capture_available,training/data/samples/lichess_validation_250k.csv,baseline,3,a8a6,20,888,1265,0.03474788801395334,0.05034026800421998,7,False,1.8248429959930945,c3d5,-73,-310,-73,-310,0.4145,0.0,237.0,237.0,0.4145,0.4145,False,False,False,856,475,319,1919,22,6614,0,0,0,17443
validation_0176,r5k1/5ppp/2N1p3/p7/P7/1Pn2P2/6PP/R3K3 b - -,late_11_16+capture_available,training/data/samples/lichess_validation_250k.csv,baseline,4,a8a6,5,1894,3159,0.10465095500694588,0.15499232299043797,7,False,1.8248429959930945,c3d5,-73,-310,-73,-310,0.4145,0.0,237.0,237.0,0.4145,0.4145,False,False,False,856,475,319,1919,22,6614,0,0,0,17443
validation_0176,r5k1/5ppp/2N1p3/p7/P7/1Pn2P2/6PP/R3K3 b - -,late_11_16+capture_available,training/data/samples/lichess_validation_250k.csv,baseline,5,a8a6,-3,4292,7451,0.21474499799660407,0.36973852099617943,7,False,1.8248429959930945,c3d5,-73,-310,-73,-310,0.4145,0.0,237.0,237.0,0.4145,0.4145,False,False,False,856,475,319,1919,22,6614,0,0,0,17443
validation_0176,r5k1/5ppp/2N1p3/p7/P7/1Pn2P2/6PP/R3K3 b - -,late_11_16+capture_available,training/data/samples/lichess_validation_250k.csv,baseline,6,a8a6,-6,13116,20567,0.6827435059822164,1.0524833269882947,7,False,1.8248429959930945,c3d5,-73,-310,-73,-310,0.4145,0.0,237.0,237.0,0.4145,0.4145,False,False,False,856,475,319,1919,22,6614,0,0,0,17443
validation_0176,r5k1/5ppp/2N1p3/p7/P7/1Pn2P2/6PP/R3K3 b - -,late_11_16+capture_available,training/data/samples/lichess_validation_250k.csv,baseline,7,a8a6,-2,15575,36142,0.7723564689804334,1.8248411959793884,7,False,1.8248429959930945,c3d5,-73,-310,-73,-310,0.4145,0.0,237.0,237.0,0.4145,0.4145,False,False,False,856,475,319,1919,22,6614,0,0,0,17443
validation_0176,r5k1/5ppp/2N1p3/p7/P7/1Pn2P2/6PP/R3K3 b - -,late_11_16+capture_available,training/data/samples/lichess_validation_250k.csv,no_null,1,h7h6,12,74,74,0.002838941989466548,0.0028402419993653893,7,False,3.1119216030056123,c3d5,-73,-232,-73,-232,0.4145,0.0005,159.0,159.0,0.414,0.414,False,False,False,2733,0,0,3024,21,9357,0,0,0,25602
validation_0176,r5k1/5ppp/2N1p3/p7/P7/1Pn2P2/6PP/R3K3 b - -,late_11_16+capture_available,training/data/samples/lichess_validation_250k.csv,no_null,2,a8a6,36,303,377,0.013008234003791586,0.015849576011532918,7,False,3.1119216030056123,c3d5,-73,-310,-73,-310,0.4145,0.0,237.0,237.0,0.4145,0.4145,False,False,False,2733,0,0,3024,21,9357,0,0,0,25602
validation_0176,r5k1/5ppp/2N1p3/p7/P7/1Pn2P2/6PP/R3K3 b - -,late_11_16+capture_available,training/data/samples/lichess_validation_250k.csv,no_null,3,a8a6,20,888,1265,0.034570192015962675,0.05042056701495312,7,False,3.1119216030056123,c3d5,-73,-310,-73,-310,0.4145,0.0,237.0,237.0,0.4145,0.4145,False,False,False,2733,0,0,3024,21,9357,0,0,0,25602
validation_0176,r5k1/5ppp/2N1p3/p7/P7/1Pn2P2/6PP/R3K3 b - -,late_11_16+capture_available,training/data/samples/lichess_validation_250k.csv,no_null,4,a8a6,5,2293,3558,0.13169499998912215,0.18211646701092832,7,False,3.1119216030056123,c3d5,-73,-310,-73,-310,0.4145,0.0,237.0,237.0,0.4145,0.4145,False,False,False,2733,0,0,3024,21,9357,0,0,0,25602
validation_0176,r5k1/5ppp/2N1p3/p7/P7/1Pn2P2/6PP/R3K3 b - -,late_11_16+capture_available,training/data/samples/lichess_validation_250k.csv,no_null,5,a8a6,-3,4218,7776,0.21031128798495047,0.3924290550057776,7,False,3.1119216030056123,c3d5,-73,-310,-73,-310,0.4145,0.0,237.0,237.0,0.4145,0.4145,False,False,False,2733,0,0,3024,21,9357,0,0,0,25602
validation_0176,r5k1/5ppp/2N1p3/p7/P7/1Pn2P2/6PP/R3K3 b - -,late_11_16+capture_available,training/data/samples/lichess_validation_250k.csv,no_null,6,a8a6,-6,15740,23516,0.875176558009116,1.2676071130263153,7,False,3.1119216030056123,c3d5,-73,-310,-73,-310,0.4145,0.0,237.0,237.0,0.4145,0.4145,False,False,False,2733,0,0,3024,21,9357,0,0,0,25602
validation_0176,r5k1/5ppp/2N1p3/p7/P7/1Pn2P2/6PP/R3K3 b - -,late_11_16+capture_available,training/data/samples/lichess_validation_250k.csv,no_null,7,a8a6,-2,33548,57064,1.8443109900108539,3.1119195030187257,7,False,3.1119216030056123,c3d5,-73,-310,-73,-310,0.4145,0.0,237.0,237.0,0.4145,0.4145,False,False,False,2733,0,0,3024,21,9357,0,0,0,25602
validation_0176,r5k1/5ppp/2N1p3/p7/P7/1Pn2P2/6PP/R3K3 b - -,late_11_16+capture_available,training/data/samples/lichess_validation_250k.csv,null_safe,1,h7h6,12,74,74,0.0028322419966571033,0.0028335420065559447,7,False,2.678384291008115,c3d5,-73,-232,-73,-232,0.4145,0.0005,159.0,159.0,0.414,0.414,False,False,False,1460,97,47,1940,23,6682,0,0,0,23577
validation_0176,r5k1/5ppp/2N1p3/p7/P7/1Pn2P2/6PP/R3K3 b - -,late_11_16+capture_available,training/data/samples/lichess_validation_250k.csv,null_safe,2,a8a6,36,303,377,0.01283513699308969,0.015669779008021578,7,False,2.678384291008115,c3d5,-73,-310,-73,-310,0.4145,0.0,237.0,237.0,0.4145,0.4145,False,False,False,1460,97,47,1940,23,6682,0,0,0,23577
validation_0176,r5k1/5ppp/2N1p3/p7/P7/1Pn2P2/6PP/R3K3 b - -,late_11_16+capture_available,training/data/samples/lichess_validation_250k.csv,null_safe,3,a8a6,20,888,1265,0.03561266898759641,0.05128344800323248,7,False,2.678384291008115,c3d5,-73,-310,-73,-310,0.4145,0.0,237.0,237.0,0.4145,0.4145,False,False,False,1460,97,47,1940,23,6682,0,0,0,23577
validation_0176,r5k1/5ppp/2N1p3/p7/P7/1Pn2P2/6PP/R3K3 b - -,late_11_16+capture_available,training/data/samples/lichess_validation_250k.csv,null_safe,4,a8a6,5,2293,3558,0.12928384999395348,0.180568198004039,7,False,2.678384291008115,c3d5,-73,-310,-73,-310,0.4145,0.0,237.0,237.0,0.4145,0.4145,False,False,False,1460,97,47,1940,23,6682,0,0,0,23577
validation_0176,r5k1/5ppp/2N1p3/p7/P7/1Pn2P2/6PP/R3K3 b - -,late_11_16+capture_available,training/data/samples/lichess_validation_250k.csv,null_safe,5,a8a6,-3,4290,7848,0.21037168698967434,0.39094148500589654,7,False,2.678384291008115,c3d5,-73,-310,-73,-310,0.4145,0.0,237.0,237.0,0.4145,0.4145,False,False,False,1460,97,47,1940,23,6682,0,0,0,23577
validation_0176,r5k1/5ppp/2N1p3/p7/P7/1Pn2P2/6PP/R3K3 b - -,late_11_16+capture_available,training/data/samples/lichess_validation_250k.csv,null_safe,6,a8a6,-6,16520,24368,0.883767182007432,1.2747102669964079,7,False,2.678384291008115,c3d5,-73,-310,-73,-310,0.4145,0.0,237.0,237.0,0.4145,0.4145,False,False,False,1460,97,47,1940,23,6682,0,0,0,23577
validation_0176,r5k1/5ppp/2N1p3/p7/P7/1Pn2P2/6PP/R3K3 b - -,late_11_16+capture_available,training/data/samples/lichess_validation_250k.csv,null_safe,7,a8a6,-2,26018,50386,1.4036703239835333,2.6783819909906015,7,False,2.678384291008115,c3d5,-73,-310,-73,-310,0.4145,0.0,237.0,237.0,0.4145,0.4145,False,False,False,1460,97,47,1940,23,6682,0,0,0,23577
validation_0176,r5k1/5ppp/2N1p3/p7/P7/1Pn2P2/6PP/R3K3 b - -,late_11_16+capture_available,training/data/samples/lichess_validation_250k.csv,no_lmr,1,h7h6,12,74,74,0.0028100420022383332,0.0028112420113757253,7,False,3.5455981120176148,c3d5,-73,-232,-73,-232,0.4145,0.0005,159.0,159.0,0.414,0.414,False,False,False,816,977,726,0,0,26970,0,0,0,34472
validation_0176,r5k1/5ppp/2N1p3/p7/P7/1Pn2P2/6PP/R3K3 b - -,late_11_16+capture_available,training/data/samples/lichess_validation_250k.csv,no_lmr,2,a8a6,36,303,377,0.013277627993375063,0.01608987001236528,7,False,3.5455981120176148,c3d5,-73,-310,-73,-310,0.4145,0.0,237.0,237.0,0.4145,0.4145,False,False,False,816,977,726,0,0,26970,0,0,0,34472
validation_0176,r5k1/5ppp/2N1p3/p7/P7/1Pn2P2/6PP/R3K3 b - -,late_11_16+capture_available,training/data/samples/lichess_validation_250k.csv,no_lmr,3,a8a6,20,888,1265,0.03479018699727021,0.050881157018011436,7,False,3.5455981120176148,c3d5,-73,-310,-73,-310,0.4145,0.0,237.0,237.0,0.4145,0.4145,False,False,False,816,977,726,0,0,26970,0,0,0,34472
validation_0176,r5k1/5ppp/2N1p3/p7/P7/1Pn2P2/6PP/R3K3 b - -,late_11_16+capture_available,training/data/samples/lichess_validation_250k.csv,no_lmr,4,a8a6,5,2202,3467,0.12252428801730275,0.1734063450130634,7,False,3.5455981120176148,c3d5,-73,-310,-73,-310,0.4145,0.0,237.0,237.0,0.4145,0.4145,False,False,False,816,977,726,0,0,26970,0,0,0,34472
validation_0176,r5k1/5ppp/2N1p3/p7/P7/1Pn2P2/6PP/R3K3 b - -,late_11_16+capture_available,training/data/samples/lichess_validation_250k.csv,no_lmr,5,a8a6,-3,7951,11418,0.3868531689804513,0.560260914004175,7,False,3.5455981120176148,c3d5,-73,-310,-73,-310,0.4145,0.0,237.0,237.0,0.4145,0.4145,False,False,False,816,977,726,0,0,26970,0,0,0,34472
validation_0176,r5k1/5ppp/2N1p3/p7/P7/1Pn2P2/6PP/R3K3 b - -,late_11_16+capture_available,training/data/samples/lichess_validation_250k.csv,no_lmr,6,a8a6,-9,22201,33619,1.138302064005984,1.6985645780223422,7,False,3.5455981120176148,c3d5,-73,-310,-73,-310,0.4145,0.0,237.0,237.0,0.4145,0.4145,False,False,False,816,977,726,0,0,26970,0,0,0,34472
validation_0176,r5k1/5ppp/2N1p3/p7/P7/1Pn2P2/6PP/R3K3 b - -,late_11_16+capture_available,training/data/samples/lichess_validation_250k.csv,no_lmr,7,a8a6,-2,38876,72495,1.8470300339977257,3.5455962120031472,7,False,3.5455981120176148,c3d5,-73,-310,-73,-310,0.4145,0.0,237.0,237.0,0.4145,0.4145,False,False,False,816,977,726,0,0,26970,0,0,0,34472
validation_0176,r5k1/5ppp/2N1p3/p7/P7/1Pn2P2/6PP/R3K3 b - -,late_11_16+capture_available,training/data/samples/lichess_validation_250k.csv,lmr_safe,1,h7h6,12,74,74,0.0028546410030685365,0.002855840983102098,7,False,4.363411608996103,c3d5,-73,-232,-73,-232,0.4145,0.0005,159.0,159.0,0.414,0.414,False,False,False,1380,652,402,1327,18,22296,0,0,0,46061
validation_0176,r5k1/5ppp/2N1p3/p7/P7/1Pn2P2/6PP/R3K3 b - -,late_11_16+capture_available,training/data/samples/lichess_validation_250k.csv,lmr_safe,2,a8a6,36,303,377,0.01287143598892726,0.01572827697964385,7,False,4.363411608996103,c3d5,-73,-310,-73,-310,0.4145,0.0,237.0,237.0,0.4145,0.4145,False,False,False,1380,652,402,1327,18,22296,0,0,0,46061
validation_0176,r5k1/5ppp/2N1p3/p7/P7/1Pn2P2/6PP/R3K3 b - -,late_11_16+capture_available,training/data/samples/lichess_validation_250k.csv,lmr_safe,3,a8a6,20,888,1265,0.0345261920010671,0.050255568989086896,7,False,4.363411608996103,c3d5,-73,-310,-73,-310,0.4145,0.0,237.0,237.0,0.4145,0.4145,False,False,False,1380,652,402,1327,18,22296,0,0,0,46061
validation_0176,r5k1/5ppp/2N1p3/p7/P7/1Pn2P2/6PP/R3K3 b - -,late_11_16+capture_available,training/data/samples/lichess_validation_250k.csv,lmr_safe,4,a8a6,5,2202,3467,0.12143091100733727,0.1716875800048001,7,False,4.363411608996103,c3d5,-73,-310,-73,-310,0.4145,0.0,237.0,237.0,0.4145,0.4145,False,False,False,1380,652,402,1327,18,22296,0,0,0,46061
validation_0176,r5k1/5ppp/2N1p3/p7/P7/1Pn2P2/6PP/R3K3 b - -,late_11_16+capture_available,training/data/samples/lichess_validation_250k.csv,lmr_safe,5,a8a6,-3,7532,10999,0.3611858950171154,0.5328749750042334,7,False,4.363411608996103,c3d5,-73,-310,-73,-310,0.4145,0.0,237.0,237.0,0.4145,0.4145,False,False,False,1380,652,402,1327,18,22296,0,0,0,46061
validation_0176,r5k1/5ppp/2N1p3/p7/P7/1Pn2P2/6PP/R3K3 b - -,late_11_16+capture_available,training/data/samples/lichess_validation_250k.csv,lmr_safe,6,c3d5,-16,16661,27660,0.8123361399921123,1.3452128149801865,7,False,4.363411608996103,c3d5,-73,-73,-73,-73,0.4145,0.4145,0.0,0.0,0.0,0.0,False,False,False,1380,652,402,1327,18,22296,0,0,0,46061
validation_0176,r5k1/5ppp/2N1p3/p7/P7/1Pn2P2/6PP/R3K3 b - -,late_11_16+capture_available,training/data/samples/lichess_validation_250k.csv,lmr_safe,7,a8a6,-3,66162,93822,3.018195193988504,4.363409508980112,7,False,4.363411608996103,c3d5,-73,-310,-73,-310,0.4145,0.0,237.0,237.0,0.4145,0.4145,False,False,False,1380,652,402,1327,18,22296,0,0,0,46061
validation_0176,r5k1/5ppp/2N1p3/p7/P7/1Pn2P2/6PP/R3K3 b - -,late_11_16+capture_available,training/data/samples/lichess_validation_250k.csv,no_futility,1,h7h6,12,74,74,0.002867540984880179,0.0028688409947790205,7,False,2.086256509006489,c3d5,-73,-232,-73,-232,0.4145,0.0005,159.0,159.0,0.414,0.414,False,False,False,856,475,318,1919,22,0,0,0,0,24006
validation_0176,r5k1/5ppp/2N1p3/p7/P7/1Pn2P2/6PP/R3K3 b - -,late_11_16+capture_available,training/data/samples/lichess_validation_250k.csv,no_futility,2,a8a6,36,303,377,0.012764337996486574,0.01563407899811864,7,False,2.086256509006489,c3d5,-73,-310,-73,-310,0.4145,0.0,237.0,237.0,0.4145,0.4145,False,False,False,856,475,318,1919,22,0,0,0,0,24006
validation_0176,r5k1/5ppp/2N1p3/p7/P7/1Pn2P2/6PP/R3K3 b - -,late_11_16+capture_available,training/data/samples/lichess_validation_250k.csv,no_futility,3,a8a6,20,1194,1571,0.04367760499008,0.05931268399581313,7,False,2.086256509006489,c3d5,-73,-310,-73,-310,0.4145,0.0,237.0,237.0,0.4145,0.4145,False,False,False,856,475,318,1919,22,0,0,0,0,24006
validation_0176,r5k1/5ppp/2N1p3/p7/P7/1Pn2P2/6PP/R3K3 b - -,late_11_16+capture_available,training/data/samples/lichess_validation_250k.csv,no_futility,4,a8a6,5,1958,3529,0.0996785559982527,0.15899283898761496,7,False,2.086256509006489,c3d5,-73,-310,-73,-310,0.4145,0.0,237.0,237.0,0.4145,0.4145,False,False,False,856,475,318,1919,22,0,0,0,0,24006
validation_0176,r5k1/5ppp/2N1p3/p7/P7/1Pn2P2/6PP/R3K3 b - -,late_11_16+capture_available,training/data/samples/lichess_validation_250k.csv,no_futility,5,a8a6,-3,6836,10365,0.2771472150052432,0.436141354002757,7,False,2.086256509006489,c3d5,-73,-310,-73,-310,0.4145,0.0,237.0,237.0,0.4145,0.4145,False,False,False,856,475,318,1919,22,0,0,0,0,24006
validation_0176,r5k1/5ppp/2N1p3/p7/P7/1Pn2P2/6PP/R3K3 b - -,late_11_16+capture_available,training/data/samples/lichess_validation_250k.csv,no_futility,6,a8a6,-6,19479,29844,0.8045488980133086,1.240692052000668,7,False,2.086256509006489,c3d5,-73,-310,-73,-310,0.4145,0.0,237.0,237.0,0.4145,0.4145,False,False,False,856,475,318,1919,22,0,0,0,0,24006
validation_0176,r5k1/5ppp/2N1p3/p7/P7/1Pn2P2/6PP/R3K3 b - -,late_11_16+capture_available,training/data/samples/lichess_validation_250k.csv,no_futility,7,a8a6,-2,19493,49337,0.8455610570090357,2.086254708992783,7,False,2.086256509006489,c3d5,-73,-310,-73,-310,0.4145,0.0,237.0,237.0,0.4145,0.4145,False,False,False,856,475,318,1919,22,0,0,0,0,24006
validation_0176,r5k1/5ppp/2N1p3/p7/P7/1Pn2P2/6PP/R3K3 b - -,late_11_16+capture_available,training/data/samples/lichess_validation_250k.csv,capture_material_order,1,h7h6,12,74,74,0.0027135449927300215,0.002714645001105964,7,False,1.8707462290185504,c3d5,-73,-232,-73,-232,0.4145,0.0005,159.0,159.0,0.414,0.414,False,False,False,957,471,314,1988,25,6462,0,0,9410,17502
validation_0176,r5k1/5ppp/2N1p3/p7/P7/1Pn2P2/6PP/R3K3 b - -,late_11_16+capture_available,training/data/samples/lichess_validation_250k.csv,capture_material_order,2,a8a6,36,292,366,0.012293247011257336,0.015008892019977793,7,False,1.8707462290185504,c3d5,-73,-310,-73,-310,0.4145,0.0,237.0,237.0,0.4145,0.4145,False,False,False,957,471,314,1988,25,6462,0,0,9410,17502
validation_0176,r5k1/5ppp/2N1p3/p7/P7/1Pn2P2/6PP/R3K3 b - -,late_11_16+capture_available,training/data/samples/lichess_validation_250k.csv,capture_material_order,3,a8a6,20,978,1344,0.03756173001602292,0.05257162201451138,7,False,1.8707462290185504,c3d5,-73,-310,-73,-310,0.4145,0.0,237.0,237.0,0.4145,0.4145,False,False,False,957,471,314,1988,25,6462,0,0,9410,17502
validation_0176,r5k1/5ppp/2N1p3/p7/P7/1Pn2P2/6PP/R3K3 b - -,late_11_16+capture_available,training/data/samples/lichess_validation_250k.csv,capture_material_order,4,a8a6,5,1769,3113,0.0972429050016217,0.14981562699540518,7,False,1.8707462290185504,c3d5,-73,-310,-73,-310,0.4145,0.0,237.0,237.0,0.4145,0.4145,False,False,False,957,471,314,1988,25,6462,0,0,9410,17502
validation_0176,r5k1/5ppp/2N1p3/p7/P7/1Pn2P2/6PP/R3K3 b - -,late_11_16+capture_available,training/data/samples/lichess_validation_250k.csv,capture_material_order,5,a8a6,-3,4476,7589,0.22785112701239996,0.37766815401846543,7,False,1.8707462290185504,c3d5,-73,-310,-73,-310,0.4145,0.0,237.0,237.0,0.4145,0.4145,False,False,False,957,471,314,1988,25,6462,0,0,9410,17502
validation_0176,r5k1/5ppp/2N1p3/p7/P7/1Pn2P2/6PP/R3K3 b - -,late_11_16+capture_available,training/data/samples/lichess_validation_250k.csv,capture_material_order,6,a8a6,-6,13461,21050,0.6877515930100344,1.065421747014625,7,False,1.8707462290185504,c3d5,-73,-310,-73,-310,0.4145,0.0,237.0,237.0,0.4145,0.4145,False,False,False,957,471,314,1988,25,6462,0,0,9410,17502
validation_0176,r5k1/5ppp/2N1p3/p7/P7/1Pn2P2/6PP/R3K3 b - -,late_11_16+capture_available,training/data/samples/lichess_validation_250k.csv,capture_material_order,7,a8a6,-2,15822,36872,0.8053209820063785,1.8707440290017985,7,False,1.8707462290185504,c3d5,-73,-310,-73,-310,0.4145,0.0,237.0,237.0,0.4145,0.4145,False,False,False,957,471,314,1988,25,6462,0,0,9410,17502
validation_0176,r5k1/5ppp/2N1p3/p7/P7/1Pn2P2/6PP/R3K3 b - -,late_11_16+capture_available,training/data/samples/lichess_validation_250k.csv,no_aspiration,1,h7h6,12,74,74,0.002788042009342462,0.0027892419893760234,7,False,1.8282500119821634,c3d5,-73,-232,-73,-232,0.4145,0.0005,159.0,159.0,0.414,0.414,False,False,False,859,475,319,1919,22,6577,0,0,0,17513
validation_0176,r5k1/5ppp/2N1p3/p7/P7/1Pn2P2/6PP/R3K3 b - -,late_11_16+capture_available,training/data/samples/lichess_validation_250k.csv,no_aspiration,2,a8a6,36,303,377,0.01271913998061791,0.015509481978369877,7,False,1.8282500119821634,c3d5,-73,-310,-73,-310,0.4145,0.0,237.0,237.0,0.4145,0.4145,False,False,False,859,475,319,1919,22,6577,0,0,0,17513
validation_0176,r5k1/5ppp/2N1p3/p7/P7/1Pn2P2/6PP/R3K3 b - -,late_11_16+capture_available,training/data/samples/lichess_validation_250k.csv,no_aspiration,3,a8a6,20,888,1265,0.035431172989774495,0.05094145497423597,7,False,1.8282500119821634,c3d5,-73,-310,-73,-310,0.4145,0.0,237.0,237.0,0.4145,0.4145,False,False,False,859,475,319,1919,22,6577,0,0,0,17513
validation_0176,r5k1/5ppp/2N1p3/p7/P7/1Pn2P2/6PP/R3K3 b - -,late_11_16+capture_available,training/data/samples/lichess_validation_250k.csv,no_aspiration,4,a8a6,5,1896,3161,0.104305460001342,0.15524851498776115,7,False,1.8282500119821634,c3d5,-73,-310,-73,-310,0.4145,0.0,237.0,237.0,0.4145,0.4145,False,False,False,859,475,319,1919,22,6577,0,0,0,17513
validation_0176,r5k1/5ppp/2N1p3/p7/P7/1Pn2P2/6PP/R3K3 b - -,late_11_16+capture_available,training/data/samples/lichess_validation_250k.csv,no_aspiration,5,a8a6,-3,4309,7470,0.21569847597857006,0.37094829097623006,7,False,1.8282500119821634,c3d5,-73,-310,-73,-310,0.4145,0.0,237.0,237.0,0.4145,0.4145,False,False,False,859,475,319,1919,22,6577,0,0,0,17513
validation_0176,r5k1/5ppp/2N1p3/p7/P7/1Pn2P2/6PP/R3K3 b - -,late_11_16+capture_available,training/data/samples/lichess_validation_250k.csv,no_aspiration,6,a8a6,-6,13116,20586,0.6780476979911327,1.048997388978023,7,False,1.8282500119821634,c3d5,-73,-310,-73,-310,0.4145,0.0,237.0,237.0,0.4145,0.4145,False,False,False,859,475,319,1919,22,6577,0,0,0,17513
validation_0176,r5k1/5ppp/2N1p3/p7/P7/1Pn2P2/6PP/R3K3 b - -,late_11_16+capture_available,training/data/samples/lichess_validation_250k.csv,no_aspiration,7,a8a6,-2,15671,36257,0.7792493230081163,1.8282481119967997,7,False,1.8282500119821634,c3d5,-73,-310,-73,-310,0.4145,0.0,237.0,237.0,0.4145,0.4145,False,False,False,859,475,319,1919,22,6577,0,0,0,17513
validation_0176,r5k1/5ppp/2N1p3/p7/P7/1Pn2P2/6PP/R3K3 b - -,late_11_16+capture_available,training/data/samples/lichess_validation_250k.csv,no_pvs,1,h7h6,12,59,59,0.002394251001533121,0.0023952510091476142,7,False,2.0047187980089802,c3d5,-73,-232,-73,-232,0.4145,0.0005,159.0,159.0,0.414,0.414,False,False,False,931,475,324,2121,30,6833,0,0,0,19969
validation_0176,r5k1/5ppp/2N1p3/p7/P7/1Pn2P2/6PP/R3K3 b - -,late_11_16+capture_available,training/data/samples/lichess_validation_250k.csv,no_pvs,2,a8a6,36,257,316,0.012219749012729153,0.01461600000038743,7,False,2.0047187980089802,c3d5,-73,-310,-73,-310,0.4145,0.0,237.0,237.0,0.4145,0.4145,False,False,False,931,475,324,2121,30,6833,0,0,0,19969
validation_0176,r5k1/5ppp/2N1p3/p7/P7/1Pn2P2/6PP/R3K3 b - -,late_11_16+capture_available,training/data/samples/lichess_validation_250k.csv,no_pvs,3,a8a6,20,884,1200,0.034734087996184826,0.0493507880019024,7,False,2.0047187980089802,c3d5,-73,-310,-73,-310,0.4145,0.0,237.0,237.0,0.4145,0.4145,False,False,False,931,475,324,2121,30,6833,0,0,0,19969
validation_0176,r5k1/5ppp/2N1p3/p7/P7/1Pn2P2/6PP/R3K3 b - -,late_11_16+capture_available,training/data/samples/lichess_validation_250k.csv,no_pvs,4,a8a6,5,2048,3248,0.11624591698637232,0.16559790499741212,7,False,2.0047187980089802,c3d5,-73,-310,-73,-310,0.4145,0.0,237.0,237.0,0.4145,0.4145,False,False,False,931,475,324,2121,30,6833,0,0,0,19969
validation_0176,r5k1/5ppp/2N1p3/p7/P7/1Pn2P2/6PP/R3K3 b - -,late_11_16+capture_available,training/data/samples/lichess_validation_250k.csv,no_pvs,5,a8a6,-3,4482,7730,0.216907451977022,0.3825069569866173,7,False,2.0047187980089802,c3d5,-73,-310,-73,-310,0.4145,0.0,237.0,237.0,0.4145,0.4145,False,False,False,931,475,324,2121,30,6833,0,0,0,19969
validation_0176,r5k1/5ppp/2N1p3/p7/P7/1Pn2P2/6PP/R3K3 b - -,late_11_16+capture_available,training/data/samples/lichess_validation_250k.csv,no_pvs,6,a8a6,-6,15524,23254,0.7623066710075364,1.1448152280063368,7,False,2.0047187980089802,c3d5,-73,-310,-73,-310,0.4145,0.0,237.0,237.0,0.4145,0.4145,False,False,False,931,475,324,2121,30,6833,0,0,0,19969
validation_0176,r5k1/5ppp/2N1p3/p7/P7/1Pn2P2/6PP/R3K3 b - -,late_11_16+capture_available,training/data/samples/lichess_validation_250k.csv,no_pvs,7,a8a6,-2,17680,40934,0.859899970004335,2.0047168979945127,7,False,2.0047187980089802,c3d5,-73,-310,-73,-310,0.4145,0.0,237.0,237.0,0.4145,0.4145,False,False,False,931,475,324,2121,30,6833,0,0,0,19969
validation_0176,r5k1/5ppp/2N1p3/p7/P7/1Pn2P2/6PP/R3K3 b - -,late_11_16+capture_available,training/data/samples/lichess_validation_250k.csv,no_null_no_lmr,1,h7h6,12,74,74,0.0027609439857769758,0.0027620439941529185,7,False,7.116734993993305,c3d5,-73,-232,-73,-232,0.4145,0.0005,159.0,159.0,0.414,0.414,False,False,False,5256,0,0,0,0,65798,0,0,0,60953
validation_0176,r5k1/5ppp/2N1p3/p7/P7/1Pn2P2/6PP/R3K3 b - -,late_11_16+capture_available,training/data/samples/lichess_validation_250k.csv,no_null_no_lmr,2,a8a6,36,303,377,0.012906635005492717,0.015669778978917748,7,False,7.116734993993305,c3d5,-73,-310,-73,-310,0.4145,0.0,237.0,237.0,0.4145,0.4145,False,False,False,5256,0,0,0,0,65798,0,0,0,60953
validation_0176,r5k1/5ppp/2N1p3/p7/P7/1Pn2P2/6PP/R3K3 b - -,late_11_16+capture_available,training/data/samples/lichess_validation_250k.csv,no_null_no_lmr,3,a8a6,20,888,1265,0.034702589007792994,0.050373367994325235,7,False,7.116734993993305,c3d5,-73,-310,-73,-310,0.4145,0.0,237.0,237.0,0.4145,0.4145,False,False,False,5256,0,0,0,0,65798,0,0,0,60953
validation_0176,r5k1/5ppp/2N1p3/p7/P7/1Pn2P2/6PP/R3K3 b - -,late_11_16+capture_available,training/data/samples/lichess_validation_250k.csv,no_null_no_lmr,4,a8a6,5,2601,3866,0.14913964198785834,0.19951410999055952,7,False,7.116734993993305,c3d5,-73,-310,-73,-310,0.4145,0.0,237.0,237.0,0.4145,0.4145,False,False,False,5256,0,0,0,0,65798,0,0,0,60953
validation_0176,r5k1/5ppp/2N1p3/p7/P7/1Pn2P2/6PP/R3K3 b - -,late_11_16+capture_available,training/data/samples/lichess_validation_250k.csv,no_null_no_lmr,5,a8a6,-3,8354,12220,0.42026938300114125,0.6197848930023611,7,False,7.116734993993305,c3d5,-73,-310,-73,-310,0.4145,0.0,237.0,237.0,0.4145,0.4145,False,False,False,5256,0,0,0,0,65798,0,0,0,60953
validation_0176,r5k1/5ppp/2N1p3/p7/P7/1Pn2P2/6PP/R3K3 b - -,late_11_16+capture_available,training/data/samples/lichess_validation_250k.csv,no_null_no_lmr,6,a8a6,-9,37712,49932,2.083902874001069,2.7036893669865094,7,False,7.116734993993305,c3d5,-73,-310,-73,-310,0.4145,0.0,237.0,237.0,0.4145,0.4145,False,False,False,5256,0,0,0,0,65798,0,0,0,60953
validation_0176,r5k1/5ppp/2N1p3/p7/P7/1Pn2P2/6PP/R3K3 b - -,late_11_16+capture_available,training/data/samples/lichess_validation_250k.csv,no_null_no_lmr,7,a8a6,-2,86018,135950,4.413042027008487,7.116732894006418,7,False,7.116734993993305,c3d5,-73,-310,-73,-310,0.4145,0.0,237.0,237.0,0.4145,0.4145,False,False,False,5256,0,0,0,0,65798,0,0,0,60953
validation_0176,r5k1/5ppp/2N1p3/p7/P7/1Pn2P2/6PP/R3K3 b - -,late_11_16+capture_available,training/data/samples/lichess_validation_250k.csv,no_null_no_futility,1,h7h6,12,74,74,0.0027453429938759655,0.002746643003774807,7,False,3.403192133002449,c3d5,-73,-232,-73,-232,0.4145,0.0005,159.0,159.0,0.414,0.414,False,False,False,2758,0,0,3005,22,0,0,0,0,34865
validation_0176,r5k1/5ppp/2N1p3/p7/P7/1Pn2P2/6PP/R3K3 b - -,late_11_16+capture_available,training/data/samples/lichess_validation_250k.csv,no_null_no_futility,2,a8a6,36,303,377,0.012552542990306392,0.015300086000934243,7,False,3.403192133002449,c3d5,-73,-310,-73,-310,0.4145,0.0,237.0,237.0,0.4145,0.4145,False,False,False,2758,0,0,3005,22,0,0,0,0,34865
validation_0176,r5k1/5ppp/2N1p3/p7/P7/1Pn2P2/6PP/R3K3 b - -,late_11_16+capture_available,training/data/samples/lichess_validation_250k.csv,no_null_no_futility,3,a8a6,20,1194,1571,0.04397569899447262,0.05927668500225991,7,False,3.403192133002449,c3d5,-73,-310,-73,-310,0.4145,0.0,237.0,237.0,0.4145,0.4145,False,False,False,2758,0,0,3005,22,0,0,0,0,34865
validation_0176,r5k1/5ppp/2N1p3/p7/P7/1Pn2P2/6PP/R3K3 b - -,late_11_16+capture_available,training/data/samples/lichess_validation_250k.csv,no_null_no_futility,4,a8a6,5,2357,3928,0.12330307200318202,0.18258125698775984,7,False,3.403192133002449,c3d5,-73,-310,-73,-310,0.4145,0.0,237.0,237.0,0.4145,0.4145,False,False,False,2758,0,0,3005,22,0,0,0,0,34865
validation_0176,r5k1/5ppp/2N1p3/p7/P7/1Pn2P2/6PP/R3K3 b - -,late_11_16+capture_available,training/data/samples/lichess_validation_250k.csv,no_null_no_futility,5,a8a6,-3,6852,10780,0.27338389499345794,0.4559666519926395,7,False,3.403192133002449,c3d5,-73,-310,-73,-310,0.4145,0.0,237.0,237.0,0.4145,0.4145,False,False,False,2758,0,0,3005,22,0,0,0,0,34865
validation_0176,r5k1/5ppp/2N1p3/p7/P7/1Pn2P2/6PP/R3K3 b - -,late_11_16+capture_available,training/data/samples/lichess_validation_250k.csv,no_null_no_futility,6,a8a6,-6,23972,34752,1.0172085469821468,1.473176898987731,7,False,3.403192133002449,c3d5,-73,-310,-73,-310,0.4145,0.0,237.0,237.0,0.4145,0.4145,False,False,False,2758,0,0,3005,22,0,0,0,0,34865
validation_0176,r5k1/5ppp/2N1p3/p7/P7/1Pn2P2/6PP/R3K3 b - -,late_11_16+capture_available,training/data/samples/lichess_validation_250k.csv,no_null_no_futility,7,a8a6,-2,41007,75759,1.9300115339865442,3.403189932985697,7,False,3.403192133002449,c3d5,-73,-310,-73,-310,0.4145,0.0,237.0,237.0,0.4145,0.4145,False,False,False,2758,0,0,3005,22,0,0,0,0,34865
validation_0176,r5k1/5ppp/2N1p3/p7/P7/1Pn2P2/6PP/R3K3 b - -,late_11_16+capture_available,training/data/samples/lichess_validation_250k.csv,no_lmr_no_futility,1,h7h6,12,74,74,0.002965638996101916,0.002966839005239308,7,False,4.715266730025178,c3d5,-73,-232,-73,-232,0.4145,0.0005,159.0,159.0,0.414,0.414,False,False,False,816,977,726,0,0,0,0,0,0,61443
validation_0176,r5k1/5ppp/2N1p3/p7/P7/1Pn2P2/6PP/R3K3 b - -,late_11_16+capture_available,training/data/samples/lichess_validation_250k.csv,no_lmr_no_futility,2,a8a6,36,303,377,0.012633740989258513,0.015601780003635213,7,False,4.715266730025178,c3d5,-73,-310,-73,-310,0.4145,0.0,237.0,237.0,0.4145,0.4145,False,False,False,816,977,726,0,0,0,0,0,0,61443
validation_0176,r5k1/5ppp/2N1p3/p7/P7/1Pn2P2/6PP/R3K3 b - -,late_11_16+capture_available,training/data/samples/lichess_validation_250k.csv,no_lmr_no_futility,3,a8a6,20,1194,1571,0.04342520999489352,0.05902789000538178,7,False,4.715266730025178,c3d5,-73,-310,-73,-310,0.4145,0.0,237.0,237.0,0.4145,0.4145,False,False,False,816,977,726,0,0,0,0,0,0,61443
validation_0176,r5k1/5ppp/2N1p3/p7/P7/1Pn2P2/6PP/R3K3 b - -,late_11_16+capture_available,training/data/samples/lichess_validation_250k.csv,no_lmr_no_futility,4,a8a6,5,2676,4247,0.1269371979869902,0.18596648800303228,7,False,4.715266730025178,c3d5,-73,-310,-73,-310,0.4145,0.0,237.0,237.0,0.4145,0.4145,False,False,False,816,977,726,0,0,0,0,0,0,61443
validation_0176,r5k1/5ppp/2N1p3/p7/P7/1Pn2P2/6PP/R3K3 b - -,late_11_16+capture_available,training/data/samples/lichess_validation_250k.csv,no_lmr_no_futility,5,a8a6,-3,17209,21456,0.6043786100053694,0.7903462980175391,7,False,4.715266730025178,c3d5,-73,-310,-73,-310,0.4145,0.0,237.0,237.0,0.4145,0.4145,False,False,False,816,977,726,0,0,0,0,0,0,61443
validation_0176,r5k1/5ppp/2N1p3/p7/P7/1Pn2P2/6PP/R3K3 b - -,late_11_16+capture_available,training/data/samples/lichess_validation_250k.csv,no_lmr_no_futility,6,a8a6,-9,27348,48804,1.1978076440282166,1.9881554419989698,7,False,4.715266730025178,c3d5,-73,-310,-73,-310,0.4145,0.0,237.0,237.0,0.4145,0.4145,False,False,False,816,977,726,0,0,0,0,0,0,61443
validation_0176,r5k1/5ppp/2N1p3/p7/P7/1Pn2P2/6PP/R3K3 b - -,late_11_16+capture_available,training/data/samples/lichess_validation_250k.csv,no_lmr_no_futility,7,a8a6,-2,77632,126436,2.727107888000319,4.715264630009187,7,False,4.715266730025178,c3d5,-73,-310,-73,-310,0.4145,0.0,237.0,237.0,0.4145,0.4145,False,False,False,816,977,726,0,0,0,0,0,0,61443
validation_0176,r5k1/5ppp/2N1p3/p7/P7/1Pn2P2/6PP/R3K3 b - -,late_11_16+capture_available,training/data/samples/lichess_validation_250k.csv,no_selectivity,1,h7h6,12,74,74,0.0028326419997029006,0.0028338420088402927,7,False,9.868144590989687,c3d5,-73,-232,-73,-232,0.4145,0.0005,159.0,159.0,0.414,0.414,False,False,False,5253,0,0,0,0,0,0,0,0,126321
validation_0176,r5k1/5ppp/2N1p3/p7/P7/1Pn2P2/6PP/R3K3 b - -,late_11_16+capture_available,training/data/samples/lichess_validation_250k.csv,no_selectivity,2,a8a6,36,303,377,0.01259194198064506,0.015426983998622745,7,False,9.868144590989687,c3d5,-73,-310,-73,-310,0.4145,0.0,237.0,237.0,0.4145,0.4145,False,False,False,5253,0,0,0,0,0,0,0,0,126321
validation_0176,r5k1/5ppp/2N1p3/p7/P7/1Pn2P2/6PP/R3K3 b - -,late_11_16+capture_available,training/data/samples/lichess_validation_250k.csv,no_selectivity,3,a8a6,20,1194,1571,0.04301171799306758,0.058439701999304816,7,False,9.868144590989687,c3d5,-73,-310,-73,-310,0.4145,0.0,237.0,237.0,0.4145,0.4145,False,False,False,5253,0,0,0,0,0,0,0,0,126321
validation_0176,r5k1/5ppp/2N1p3/p7/P7/1Pn2P2/6PP/R3K3 b - -,late_11_16+capture_available,training/data/samples/lichess_validation_250k.csv,no_selectivity,4,a8a6,5,3075,4646,0.15088910699705593,0.2093297090032138,7,False,9.868144590989687,c3d5,-73,-310,-73,-310,0.4145,0.0,237.0,237.0,0.4145,0.4145,False,False,False,5253,0,0,0,0,0,0,0,0,126321
validation_0176,r5k1/5ppp/2N1p3/p7/P7/1Pn2P2/6PP/R3K3 b - -,late_11_16+capture_available,training/data/samples/lichess_validation_250k.csv,no_selectivity,5,a8a6,-3,18656,23302,0.660003267985303,0.8693342769984156,7,False,9.868144590989687,c3d5,-73,-310,-73,-310,0.4145,0.0,237.0,237.0,0.4145,0.4145,False,False,False,5253,0,0,0,0,0,0,0,0,126321
validation_0176,r5k1/5ppp/2N1p3/p7/P7/1Pn2P2/6PP/R3K3 b - -,late_11_16+capture_available,training/data/samples/lichess_validation_250k.csv,no_selectivity,6,a8a6,-9,44534,67836,2.0897039560077246,2.959040132991504,7,False,9.868144590989687,c3d5,-73,-310,-73,-310,0.4145,0.0,237.0,237.0,0.4145,0.4145,False,False,False,5253,0,0,0,0,0,0,0,0,126321
validation_0176,r5k1/5ppp/2N1p3/p7/P7/1Pn2P2/6PP/R3K3 b - -,late_11_16+capture_available,training/data/samples/lichess_validation_250k.csv,no_selectivity,7,a8a6,-2,198816,266652,6.909101058001397,9.868142591003561,7,False,9.868144590989687,c3d5,-73,-310,-73,-310,0.4145,0.0,237.0,237.0,0.4145,0.4145,False,False,False,5253,0,0,0,0,0,0,0,0,126321
validation_0311,r2qr1k1/1ppb1pb1/3p1npp/p1n5/2PNPP2/2N3PP/PP4BK/1RBQR3 b - -,high_material_24_32+capture_rich,training/data/samples/lichess_validation_250k.csv,baseline,1,f6e4,97,97,97,0.0048418010119348764,0.004843000991968438,6,True,20.015132326981984,a5a4,-45,-163,-45,-163,0.446,0.0435,118.0,118.0,0.4025,0.4025,False,False,False,2591,1606,1102,8108,57,20099,0,0,0,193348
validation_0311,r2qr1k1/1ppb1pb1/3p1npp/p1n5/2PNPP2/2N3PP/PP4BK/1RBQR3 b - -,high_material_24_32+capture_rich,training/data/samples/lichess_validation_250k.csv,baseline,2,f6e4,119,508,605,0.038236815977143124,0.043080816976726055,6,True,20.015132326981984,a5a4,-45,-163,-45,-163,0.446,0.0435,118.0,118.0,0.4025,0.4025,False,False,False,2591,1606,1102,8108,57,20099,0,0,0,193348
validation_0311,r2qr1k1/1ppb1pb1/3p1npp/p1n5/2PNPP2/2N3PP/PP4BK/1RBQR3 b - -,high_material_24_32+capture_rich,training/data/samples/lichess_validation_250k.csv,baseline,3,f6e4,100,4811,5416,0.25559576001251116,0.29867767699761316,6,True,20.015132326981984,a5a4,-45,-163,-45,-163,0.446,0.0435,118.0,118.0,0.4025,0.4025,False,False,False,2591,1606,1102,8108,57,20099,0,0,0,193348
validation_0311,r2qr1k1/1ppb1pb1/3p1npp/p1n5/2PNPP2/2N3PP/PP4BK/1RBQR3 b - -,high_material_24_32+capture_rich,training/data/samples/lichess_validation_250k.csv,baseline,4,f6e4,119,5998,11414,0.4379739190044347,0.7366644959838595,6,True,20.015132326981984,a5a4,-45,-163,-45,-163,0.446,0.0435,118.0,118.0,0.4025,0.4025,False,False,False,2591,1606,1102,8108,57,20099,0,0,0,193348
validation_0311,r2qr1k1/1ppb1pb1/3p1npp/p1n5/2PNPP2/2N3PP/PP4BK/1RBQR3 b - -,high_material_24_32+capture_rich,training/data/samples/lichess_validation_250k.csv,baseline,5,f6e4,111,15874,27288,0.8550301659852266,1.5916960619797464,6,True,20.015132326981984,a5a4,-45,-163,-45,-163,0.446,0.0435,118.0,118.0,0.4025,0.4025,False,False,False,2591,1606,1102,8108,57,20099,0,0,0,193348
validation_0311,r2qr1k1/1ppb1pb1/3p1npp/p1n5/2PNPP2/2N3PP/PP4BK/1RBQR3 b - -,high_material_24_32+capture_rich,training/data/samples/lichess_validation_250k.csv,baseline,6,f6e4,119,54827,82115,3.7088894459884614,5.300587307981914,6,True,20.015132326981984,a5a4,-45,-163,-45,-163,0.446,0.0435,118.0,118.0,0.4025,0.4025,False,False,False,2591,1606,1102,8108,57,20099,0,0,0,193348
validation_0311,r2qr1k1/1ppb1pb1/3p1npp/p1n5/2PNPP2/2N3PP/PP4BK/1RBQR3 b - -,high_material_24_32+capture_rich,training/data/samples/lichess_validation_250k.csv,no_null,1,f6e4,97,97,97,0.004879400017671287,0.004880699998466298,6,True,20.013187995995395,a5a4,-45,-163,-45,-163,0.446,0.0435,118.0,118.0,0.4025,0.4025,False,False,False,2185,0,0,5425,78,40540,0,0,0,188921
validation_0311,r2qr1k1/1ppb1pb1/3p1npp/p1n5/2PNPP2/2N3PP/PP4BK/1RBQR3 b - -,high_material_24_32+capture_rich,training/data/samples/lichess_validation_250k.csv,no_null,2,f6e4,119,508,605,0.03781812501256354,0.0427000249910634,6,True,20.013187995995395,a5a4,-45,-163,-45,-163,0.446,0.0435,118.0,118.0,0.4025,0.4025,False,False,False,2185,0,0,5425,78,40540,0,0,0,188921
validation_0311,r2qr1k1/1ppb1pb1/3p1npp/p1n5/2PNPP2/2N3PP/PP4BK/1RBQR3 b - -,high_material_24_32+capture_rich,training/data/samples/lichess_validation_250k.csv,no_null,3,f6e4,100,4811,5416,0.25463608000427485,0.29733730500447564,6,True,20.013187995995395,a5a4,-45,-163,-45,-163,0.446,0.0435,118.0,118.0,0.4025,0.4025,False,False,False,2185,0,0,5425,78,40540,0,0,0,188921
validation_0311,r2qr1k1/1ppb1pb1/3p1npp/p1n5/2PNPP2/2N3PP/PP4BK/1RBQR3 b - -,high_material_24_32+capture_rich,training/data/samples/lichess_validation_250k.csv,no_null,4,f6e4,119,16404,21820,1.2718021300097462,1.5691408349957783,6,True,20.013187995995395,a5a4,-45,-163,-45,-163,0.446,0.0435,118.0,118.0,0.4025,0.4025,False,False,False,2185,0,0,5425,78,40540,0,0,0,188921
validation_0311,r2qr1k1/1ppb1pb1/3p1npp/p1n5/2PNPP2/2N3PP/PP4BK/1RBQR3 b - -,high_material_24_32+capture_rich,training/data/samples/lichess_validation_250k.csv,no_null,5,f6e4,111,31002,52822,1.6429057179775555,3.212048152985517,6,True,20.013187995995395,a5a4,-45,-163,-45,-163,0.446,0.0435,118.0,118.0,0.4025,0.4025,False,False,False,2185,0,0,5425,78,40540,0,0,0,188921
validation_0311,r2qr1k1/1ppb1pb1/3p1npp/p1n5/2PNPP2/2N3PP/PP4BK/1RBQR3 b - -,high_material_24_32+capture_rich,training/data/samples/lichess_validation_250k.csv,no_null,6,f6e4,119,135483,188305,9.627132627007086,12.839182280004025,6,True,20.013187995995395,a5a4,-45,-163,-45,-163,0.446,0.0435,118.0,118.0,0.4025,0.4025,False,False,False,2185,0,0,5425,78,40540,0,0,0,188921
validation_0311,r2qr1k1/1ppb1pb1/3p1npp/p1n5/2PNPP2/2N3PP/PP4BK/1RBQR3 b - -,high_material_24_32+capture_rich,training/data/samples/lichess_validation_250k.csv,null_safe,1,f6e4,97,97,97,0.0048639999877195805,0.004865299997618422,6,True,20.019399062002776,a5a4,-45,-163,-45,-163,0.446,0.0435,118.0,118.0,0.4025,0.4025,False,False,False,3193,138,63,4341,51,14853,0,0,0,187681
validation_0311,r2qr1k1/1ppb1pb1/3p1npp/p1n5/2PNPP2/2N3PP/PP4BK/1RBQR3 b - -,high_material_24_32+capture_rich,training/data/samples/lichess_validation_250k.csv,null_safe,2,f6e4,119,508,605,0.03794592199847102,0.042812322004465386,6,True,20.019399062002776,a5a4,-45,-163,-45,-163,0.446,0.0435,118.0,118.0,0.4025,0.4025,False,False,False,3193,138,63,4341,51,14853,0,0,0,187681
validation_0311,r2qr1k1/1ppb1pb1/3p1npp/p1n5/2PNPP2/2N3PP/PP4BK/1RBQR3 b - -,high_material_24_32+capture_rich,training/data/samples/lichess_validation_250k.csv,null_safe,3,f6e4,100,4811,5416,0.2529511119937524,0.2957646340073552,6,True,20.019399062002776,a5a4,-45,-163,-45,-163,0.446,0.0435,118.0,118.0,0.4025,0.4025,False,False,False,3193,138,63,4341,51,14853,0,0,0,187681
validation_0311,r2qr1k1/1ppb1pb1/3p1npp/p1n5/2PNPP2/2N3PP/PP4BK/1RBQR3 b - -,high_material_24_32+capture_rich,training/data/samples/lichess_validation_250k.csv,null_safe,4,f6e4,119,16404,21820,1.272728099982487,1.5684941340005025,6,True,20.019399062002776,a5a4,-45,-163,-45,-163,0.446,0.0435,118.0,118.0,0.4025,0.4025,False,False,False,3193,138,63,4341,51,14853,0,0,0,187681
validation_0311,r2qr1k1/1ppb1pb1/3p1npp/p1n5/2PNPP2/2N3PP/PP4BK/1RBQR3 b - -,high_material_24_32+capture_rich,training/data/samples/lichess_validation_250k.csv,null_safe,5,f6e4,111,15790,37610,0.844947671983391,2.4134433059953153,6,True,20.019399062002776,a5a4,-45,-163,-45,-163,0.446,0.0435,118.0,118.0,0.4025,0.4025,False,False,False,3193,138,63,4341,51,14853,0,0,0,187681
validation_0311,r2qr1k1/1ppb1pb1/3p1npp/p1n5/2PNPP2/2N3PP/PP4BK/1RBQR3 b - -,high_material_24_32+capture_rich,training/data/samples/lichess_validation_250k.csv,null_safe,6,f6e4,119,59137,96747,4.118874034000328,6.532318940007826,6,True,20.019399062002776,a5a4,-45,-163,-45,-163,0.446,0.0435,118.0,118.0,0.4025,0.4025,False,False,False,3193,138,63,4341,51,14853,0,0,0,187681
validation_0311,r2qr1k1/1ppb1pb1/3p1npp/p1n5/2PNPP2/2N3PP/PP4BK/1RBQR3 b - -,high_material_24_32+capture_rich,training/data/samples/lichess_validation_250k.csv,no_lmr,1,f6e4,97,97,97,0.004777402005856857,0.004778502014232799,6,True,20.00392393299262,a5a4,-45,-163,-45,-163,0.446,0.0435,118.0,118.0,0.4025,0.4025,False,False,False,1794,1502,1019,0,0,87392,0,0,0,193877
validation_0311,r2qr1k1/1ppb1pb1/3p1npp/p1n5/2PNPP2/2N3PP/PP4BK/1RBQR3 b - -,high_material_24_32+capture_rich,training/data/samples/lichess_validation_250k.csv,no_lmr,2,f6e4,119,508,605,0.0375282310124021,0.042307833005907014,6,True,20.00392393299262,a5a4,-45,-163,-45,-163,0.446,0.0435,118.0,118.0,0.4025,0.4025,False,False,False,1794,1502,1019,0,0,87392,0,0,0,193877
validation_0311,r2qr1k1/1ppb1pb1/3p1npp/p1n5/2PNPP2/2N3PP/PP4BK/1RBQR3 b - -,high_material_24_32+capture_rich,training/data/samples/lichess_validation_250k.csv,no_lmr,3,f6e4,100,4811,5416,0.25908998999511823,0.301399323012447,6,True,20.00392393299262,a5a4,-45,-163,-45,-163,0.446,0.0435,118.0,118.0,0.4025,0.4025,False,False,False,1794,1502,1019,0,0,87392,0,0,0,193877
validation_0311,r2qr1k1/1ppb1pb1/3p1npp/p1n5/2PNPP2/2N3PP/PP4BK/1RBQR3 b - -,high_material_24_32+capture_rich,training/data/samples/lichess_validation_250k.csv,no_lmr,4,f6e4,119,8851,14267,0.5496580350154545,0.8510591580125038,6,True,20.00392393299262,a5a4,-45,-163,-45,-163,0.446,0.0435,118.0,118.0,0.4025,0.4025,False,False,False,1794,1502,1019,0,0,87392,0,0,0,193877
validation_0311,r2qr1k1/1ppb1pb1/3p1npp/p1n5/2PNPP2/2N3PP/PP4BK/1RBQR3 b - -,high_material_24_32+capture_rich,training/data/samples/lichess_validation_250k.csv,no_lmr,5,f6e4,111,39008,53275,2.297844796994468,3.1489056549908128,6,True,20.00392393299262,a5a4,-45,-163,-45,-163,0.446,0.0435,118.0,118.0,0.4025,0.4025,False,False,False,1794,1502,1019,0,0,87392,0,0,0,193877
validation_0311,r2qr1k1/1ppb1pb1/3p1npp/p1n5/2PNPP2/2N3PP/PP4BK/1RBQR3 b - -,high_material_24_32+capture_rich,training/data/samples/lichess_validation_250k.csv,no_lmr,6,f6e4,119,64658,117933,4.183551027002977,7.3324585820082575,6,True,20.00392393299262,a5a4,-45,-163,-45,-163,0.446,0.0435,118.0,118.0,0.4025,0.4025,False,False,False,1794,1502,1019,0,0,87392,0,0,0,193877
validation_0311,r2qr1k1/1ppb1pb1/3p1npp/p1n5/2PNPP2/2N3PP/PP4BK/1RBQR3 b - -,high_material_24_32+capture_rich,training/data/samples/lichess_validation_250k.csv,lmr_safe,1,f6e4,97,97,97,0.004851400008192286,0.004852700018091127,6,True,20.000103118014522,a5a4,-45,-163,-45,-163,0.446,0.0435,118.0,118.0,0.4025,0.4025,False,False,False,1797,1292,886,1965,2,63463,0,0,0,193928
validation_0311,r2qr1k1/1ppb1pb1/3p1npp/p1n5/2PNPP2/2N3PP/PP4BK/1RBQR3 b - -,high_material_24_32+capture_rich,training/data/samples/lichess_validation_250k.csv,lmr_safe,2,f6e4,119,508,605,0.03740393300540745,0.04225793300429359,6,True,20.000103118014522,a5a4,-45,-163,-45,-163,0.446,0.0435,118.0,118.0,0.4025,0.4025,False,False,False,1797,1292,886,1965,2,63463,0,0,0,193928
validation_0311,r2qr1k1/1ppb1pb1/3p1npp/p1n5/2PNPP2/2N3PP/PP4BK/1RBQR3 b - -,high_material_24_32+capture_rich,training/data/samples/lichess_validation_250k.csv,lmr_safe,3,f6e4,100,4811,5416,0.2533511059882585,0.2956098389986437,6,True,20.000103118014522,a5a4,-45,-163,-45,-163,0.446,0.0435,118.0,118.0,0.4025,0.4025,False,False,False,1797,1292,886,1965,2,63463,0,0,0,193928
validation_0311,r2qr1k1/1ppb1pb1/3p1npp/p1n5/2PNPP2/2N3PP/PP4BK/1RBQR3 b - -,high_material_24_32+capture_rich,training/data/samples/lichess_validation_250k.csv,lmr_safe,4,f6e4,119,8851,14267,0.5498013269971125,0.8454129660094623,6,True,20.000103118014522,a5a4,-45,-163,-45,-163,0.446,0.0435,118.0,118.0,0.4025,0.4025,False,False,False,1797,1292,886,1965,2,63463,0,0,0,193928
validation_0311,r2qr1k1/1ppb1pb1/3p1npp/p1n5/2PNPP2/2N3PP/PP4BK/1RBQR3 b - -,high_material_24_32+capture_rich,training/data/samples/lichess_validation_250k.csv,lmr_safe,5,f6e4,111,28845,43112,1.537813768023625,2.3832283340161666,6,True,20.000103118014522,a5a4,-45,-163,-45,-163,0.446,0.0435,118.0,118.0,0.4025,0.4025,False,False,False,1797,1292,886,1965,2,63463,0,0,0,193928
validation_0311,r2qr1k1/1ppb1pb1/3p1npp/p1n5/2PNPP2/2N3PP/PP4BK/1RBQR3 b - -,high_material_24_32+capture_rich,training/data/samples/lichess_validation_250k.csv,lmr_safe,6,f6e4,119,47639,90751,3.2318721339979675,5.615102167997975,6,True,20.000103118014522,a5a4,-45,-163,-45,-163,0.446,0.0435,118.0,118.0,0.4025,0.4025,False,False,False,1797,1292,886,1965,2,63463,0,0,0,193928
validation_0311,r2qr1k1/1ppb1pb1/3p1npp/p1n5/2PNPP2/2N3PP/PP4BK/1RBQR3 b - -,high_material_24_32+capture_rich,training/data/samples/lichess_validation_250k.csv,no_futility,1,f6e4,97,97,97,0.004891698976280168,0.00489289898541756,6,True,20.01051645699772,a5a4,-45,-163,-45,-163,0.446,0.0435,118.0,118.0,0.4025,0.4025,False,False,False,2352,1538,1056,7784,52,0,0,0,0,205504
validation_0311,r2qr1k1/1ppb1pb1/3p1npp/p1n5/2PNPP2/2N3PP/PP4BK/1RBQR3 b - -,high_material_24_32+capture_rich,training/data/samples/lichess_validation_250k.csv,no_futility,2,f6e4,119,508,605,0.037395633989945054,0.042289632983738557,6,True,20.01051645699772,a5a4,-45,-163,-45,-163,0.446,0.0435,118.0,118.0,0.4025,0.4025,False,False,False,2352,1538,1056,7784,52,0,0,0,0,205504
validation_0311,r2qr1k1/1ppb1pb1/3p1npp/p1n5/2PNPP2/2N3PP/PP4BK/1RBQR3 b - -,high_material_24_32+capture_rich,training/data/samples/lichess_validation_250k.csv,no_futility,3,f6e4,100,4811,5416,0.2500999750045594,0.2923909079981968,6,True,20.01051645699772,a5a4,-45,-163,-45,-163,0.446,0.0435,118.0,118.0,0.4025,0.4025,False,False,False,2352,1538,1056,7784,52,0,0,0,0,205504
validation_0311,r2qr1k1/1ppb1pb1/3p1npp/p1n5/2PNPP2/2N3PP/PP4BK/1RBQR3 b - -,high_material_24_32+capture_rich,training/data/samples/lichess_validation_250k.csv,no_futility,4,f6e4,119,5998,11414,0.4237304169801064,0.7161229249904864,6,True,20.01051645699772,a5a4,-45,-163,-45,-163,0.446,0.0435,118.0,118.0,0.4025,0.4025,False,False,False,2352,1538,1056,7784,52,0,0,0,0,205504
validation_0311,r2qr1k1/1ppb1pb1/3p1npp/p1n5/2PNPP2/2N3PP/PP4BK/1RBQR3 b - -,high_material_24_32+capture_rich,training/data/samples/lichess_validation_250k.csv,no_futility,5,f6e4,111,17162,28576,0.8861432420089841,1.6022676669817884,6,True,20.01051645699772,a5a4,-45,-163,-45,-163,0.446,0.0435,118.0,118.0,0.4025,0.4025,False,False,False,2352,1538,1056,7784,52,0,0,0,0,205504
validation_0311,r2qr1k1/1ppb1pb1/3p1npp/p1n5/2PNPP2/2N3PP/PP4BK/1RBQR3 b - -,high_material_24_32+capture_rich,training/data/samples/lichess_validation_250k.csv,no_futility,6,f6e4,119,71589,100165,4.210523185989587,5.81279255298432,6,True,20.01051645699772,a5a4,-45,-163,-45,-163,0.446,0.0435,118.0,118.0,0.4025,0.4025,False,False,False,2352,1538,1056,7784,52,0,0,0,0,205504
validation_0311,r2qr1k1/1ppb1pb1/3p1npp/p1n5/2PNPP2/2N3PP/PP4BK/1RBQR3 b - -,high_material_24_32+capture_rich,training/data/samples/lichess_validation_250k.csv,capture_material_order,1,f6e4,97,97,97,0.004921599000226706,0.004922799009364098,6,True,20.002086483000312,a5a4,-45,-163,-45,-163,0.446,0.0435,118.0,118.0,0.4025,0.4025,False,False,False,1821,1488,1021,7769,46,19920,0,0,127529,192705
validation_0311,r2qr1k1/1ppb1pb1/3p1npp/p1n5/2PNPP2/2N3PP/PP4BK/1RBQR3 b - -,high_material_24_32+capture_rich,training/data/samples/lichess_validation_250k.csv,capture_material_order,2,f6e4,119,501,598,0.03721053700428456,0.04213453599368222,6,True,20.002086483000312,a5a4,-45,-163,-45,-163,0.446,0.0435,118.0,118.0,0.4025,0.4025,False,False,False,1821,1488,1021,7769,46,19920,0,0,127529,192705
validation_0311,r2qr1k1/1ppb1pb1/3p1npp/p1n5/2PNPP2/2N3PP/PP4BK/1RBQR3 b - -,high_material_24_32+capture_rich,training/data/samples/lichess_validation_250k.csv,capture_material_order,3,f6e4,100,4898,5496,0.2574577220075298,0.2995932580088265,6,True,20.002086483000312,a5a4,-45,-163,-45,-163,0.446,0.0435,118.0,118.0,0.4025,0.4025,False,False,False,1821,1488,1021,7769,46,19920,0,0,127529,192705
validation_0311,r2qr1k1/1ppb1pb1/3p1npp/p1n5/2PNPP2/2N3PP/PP4BK/1RBQR3 b - -,high_material_24_32+capture_rich,training/data/samples/lichess_validation_250k.csv,capture_material_order,4,f6e4,119,6384,11880,0.4680335040029604,0.7676283619948663,6,True,20.002086483000312,a5a4,-45,-163,-45,-163,0.446,0.0435,118.0,118.0,0.4025,0.4025,False,False,False,1821,1488,1021,7769,46,19920,0,0,127529,192705
validation_0311,r2qr1k1/1ppb1pb1/3p1npp/p1n5/2PNPP2/2N3PP/PP4BK/1RBQR3 b - -,high_material_24_32+capture_rich,training/data/samples/lichess_validation_250k.csv,capture_material_order,5,f6e4,111,18782,30662,1.027966422989266,1.7955963849963155,6,True,20.002086483000312,a5a4,-45,-163,-45,-163,0.446,0.0435,118.0,118.0,0.4025,0.4025,False,False,False,1821,1488,1021,7769,46,19920,0,0,127529,192705
validation_0311,r2qr1k1/1ppb1pb1/3p1npp/p1n5/2PNPP2/2N3PP/PP4BK/1RBQR3 b - -,high_material_24_32+capture_rich,training/data/samples/lichess_validation_250k.csv,capture_material_order,6,f6e4,119,59972,90634,4.0605314479907975,5.8561297330015805,6,True,20.002086483000312,a5a4,-45,-163,-45,-163,0.446,0.0435,118.0,118.0,0.4025,0.4025,False,False,False,1821,1488,1021,7769,46,19920,0,0,127529,192705
validation_0311,r2qr1k1/1ppb1pb1/3p1npp/p1n5/2PNPP2/2N3PP/PP4BK/1RBQR3 b - -,high_material_24_32+capture_rich,training/data/samples/lichess_validation_250k.csv,no_aspiration,1,f6e4,97,97,97,0.004828700999496505,0.004829801007872447,6,True,20.009606228995835,a5a4,-45,-163,-45,-163,0.446,0.0435,118.0,118.0,0.4025,0.4025,False,False,False,2648,951,486,6738,80,22576,0,0,0,196745
validation_0311,r2qr1k1/1ppb1pb1/3p1npp/p1n5/2PNPP2/2N3PP/PP4BK/1RBQR3 b - -,high_material_24_32+capture_rich,training/data/samples/lichess_validation_250k.csv,no_aspiration,2,f6e4,119,508,605,0.0377264269918669,0.04255732800811529,6,True,20.009606228995835,a5a4,-45,-163,-45,-163,0.446,0.0435,118.0,118.0,0.4025,0.4025,False,False,False,2648,951,486,6738,80,22576,0,0,0,196745
validation_0311,r2qr1k1/1ppb1pb1/3p1npp/p1n5/2PNPP2/2N3PP/PP4BK/1RBQR3 b - -,high_material_24_32+capture_rich,training/data/samples/lichess_validation_250k.csv,no_aspiration,3,f6e4,100,4811,5416,0.2541925899859052,0.2967511180031579,6,True,20.009606228995835,a5a4,-45,-163,-45,-163,0.446,0.0435,118.0,118.0,0.4025,0.4025,False,False,False,2648,951,486,6738,80,22576,0,0,0,196745
validation_0311,r2qr1k1/1ppb1pb1/3p1npp/p1n5/2PNPP2/2N3PP/PP4BK/1RBQR3 b - -,high_material_24_32+capture_rich,training/data/samples/lichess_validation_250k.csv,no_aspiration,4,f6e4,119,6014,11430,0.4378929259837605,0.7346456439991016,6,True,20.009606228995835,a5a4,-45,-163,-45,-163,0.446,0.0435,118.0,118.0,0.4025,0.4025,False,False,False,2648,951,486,6738,80,22576,0,0,0,196745
validation_0311,r2qr1k1/1ppb1pb1/3p1npp/p1n5/2PNPP2/2N3PP/PP4BK/1RBQR3 b - -,high_material_24_32+capture_rich,training/data/samples/lichess_validation_250k.csv,no_aspiration,5,f6e4,111,15871,27301,0.8528199229913298,1.5874670670018531,6,True,20.009606228995835,a5a4,-45,-163,-45,-163,0.446,0.0435,118.0,118.0,0.4025,0.4025,False,False,False,2648,951,486,6738,80,22576,0,0,0,196745
validation_0311,r2qr1k1/1ppb1pb1/3p1npp/p1n5/2PNPP2/2N3PP/PP4BK/1RBQR3 b - -,high_material_24_32+capture_rich,training/data/samples/lichess_validation_250k.csv,no_aspiration,6,f6e4,119,54827,82128,3.7111312210035976,5.298599888017634,6,True,20.009606228995835,a5a4,-45,-163,-45,-163,0.446,0.0435,118.0,118.0,0.4025,0.4025,False,False,False,2648,951,486,6738,80,22576,0,0,0,196745
validation_0311,r2qr1k1/1ppb1pb1/3p1npp/p1n5/2PNPP2/2N3PP/PP4BK/1RBQR3 b - -,high_material_24_32+capture_rich,training/data/samples/lichess_validation_250k.csv,no_pvs,1,f6e4,97,97,97,0.0048674010031390935,0.004868701013037935,6,True,20.00777832401218,a5a4,-45,-163,-45,-163,0.446,0.0435,118.0,118.0,0.4025,0.4025,False,False,False,1592,1136,788,6827,74,17236,0,0,0,198350
validation_0311,r2qr1k1/1ppb1pb1/3p1npp/p1n5/2PNPP2/2N3PP/PP4BK/1RBQR3 b - -,high_material_24_32+capture_rich,training/data/samples/lichess_validation_250k.csv,no_pvs,2,f6e4,119,510,607,0.03825991600751877,0.04312981601106003,6,True,20.00777832401218,a5a4,-45,-163,-45,-163,0.446,0.0435,118.0,118.0,0.4025,0.4025,False,False,False,1592,1136,788,6827,74,17236,0,0,0,198350
validation_0311,r2qr1k1/1ppb1pb1/3p1npp/p1n5/2PNPP2/2N3PP/PP4BK/1RBQR3 b - -,high_material_24_32+capture_rich,training/data/samples/lichess_validation_250k.csv,no_pvs,3,f6e4,100,5173,5780,0.2737989849993028,0.31693010102026165,6,True,20.00777832401218,a5a4,-45,-163,-45,-163,0.446,0.0435,118.0,118.0,0.4025,0.4025,False,False,False,1592,1136,788,6827,74,17236,0,0,0,198350
validation_0311,r2qr1k1/1ppb1pb1/3p1npp/p1n5/2PNPP2/2N3PP/PP4BK/1RBQR3 b - -,high_material_24_32+capture_rich,training/data/samples/lichess_validation_250k.csv,no_pvs,4,f6e4,119,6589,12369,0.4886403800046537,0.8055722810095176,6,True,20.00777832401218,a5a4,-45,-163,-45,-163,0.446,0.0435,118.0,118.0,0.4025,0.4025,False,False,False,1592,1136,788,6827,74,17236,0,0,0,198350
validation_0311,r2qr1k1/1ppb1pb1/3p1npp/p1n5/2PNPP2/2N3PP/PP4BK/1RBQR3 b - -,high_material_24_32+capture_rich,training/data/samples/lichess_validation_250k.csv,no_pvs,5,f6e4,111,16915,29284,0.9081646770064253,1.7137383580266032,6,True,20.00777832401218,a5a4,-45,-163,-45,-163,0.446,0.0435,118.0,118.0,0.4025,0.4025,False,False,False,1592,1136,788,6827,74,17236,0,0,0,198350
validation_0311,r2qr1k1/1ppb1pb1/3p1npp/p1n5/2PNPP2/2N3PP/PP4BK/1RBQR3 b - -,high_material_24_32+capture_rich,training/data/samples/lichess_validation_250k.csv,no_pvs,6,f6e4,119,61622,90906,4.1760909630102105,5.889830921019893,6,True,20.00777832401218,a5a4,-45,-163,-45,-163,0.446,0.0435,118.0,118.0,0.4025,0.4025,False,False,False,1592,1136,788,6827,74,17236,0,0,0,198350
validation_0311,r2qr1k1/1ppb1pb1/3p1npp/p1n5/2PNPP2/2N3PP/PP4BK/1RBQR3 b - -,high_material_24_32+capture_rich,training/data/samples/lichess_validation_250k.csv,no_null_no_lmr,1,f6e4,97,97,97,0.004869100986979902,0.0048702009953558445,5,True,20.017710968997562,a5a4,-45,-163,-45,-163,0.446,0.0435,118.0,118.0,0.4025,0.4025,False,False,False,3571,0,0,0,0,73318,0,0,0,182263
validation_0311,r2qr1k1/1ppb1pb1/3p1npp/p1n5/2PNPP2/2N3PP/PP4BK/1RBQR3 b - -,high_material_24_32+capture_rich,training/data/samples/lichess_validation_250k.csv,no_null_no_lmr,2,f6e4,119,508,605,0.038122817990370095,0.04299411899410188,5,True,20.017710968997562,a5a4,-45,-163,-45,-163,0.446,0.0435,118.0,118.0,0.4025,0.4025,False,False,False,3571,0,0,0,0,73318,0,0,0,182263
validation_0311,r2qr1k1/1ppb1pb1/3p1npp/p1n5/2PNPP2/2N3PP/PP4BK/1RBQR3 b - -,high_material_24_32+capture_rich,training/data/samples/lichess_validation_250k.csv,no_null_no_lmr,3,f6e4,100,4811,5416,0.2525758240080904,0.29557144301361404,5,True,20.017710968997562,a5a4,-45,-163,-45,-163,0.446,0.0435,118.0,118.0,0.4025,0.4025,False,False,False,3571,0,0,0,0,73318,0,0,0,182263
validation_0311,r2qr1k1/1ppb1pb1/3p1npp/p1n5/2PNPP2/2N3PP/PP4BK/1RBQR3 b - -,high_material_24_32+capture_rich,training/data/samples/lichess_validation_250k.csv,no_null_no_lmr,4,f6e4,119,19257,24673,1.3906098990119062,1.686183042009361,5,True,20.017710968997562,a5a4,-45,-163,-45,-163,0.446,0.0435,118.0,118.0,0.4025,0.4025,False,False,False,3571,0,0,0,0,73318,0,0,0,182263
validation_0311,r2qr1k1/1ppb1pb1/3p1npp/p1n5/2PNPP2/2N3PP/PP4BK/1RBQR3 b - -,high_material_24_32+capture_rich,training/data/samples/lichess_validation_250k.csv,no_null_no_lmr,5,f6e4,111,65387,90060,3.9237454640096985,5.609930306003662,5,True,20.017710968997562,a5a4,-45,-163,-45,-163,0.446,0.0435,118.0,118.0,0.4025,0.4025,False,False,False,3571,0,0,0,0,73318,0,0,0,182263
validation_0311,r2qr1k1/1ppb1pb1/3p1npp/p1n5/2PNPP2/2N3PP/PP4BK/1RBQR3 b - -,high_material_24_32+capture_rich,training/data/samples/lichess_validation_250k.csv,no_null_no_futility,1,f6e4,97,97,97,0.004801402013981715,0.004802602023119107,6,True,20.002460547024384,a5a4,-45,-163,-45,-163,0.446,0.0435,118.0,118.0,0.4025,0.4025,False,False,False,1801,0,0,4954,78,0,0,0,0,206316
validation_0311,r2qr1k1/1ppb1pb1/3p1npp/p1n5/2PNPP2/2N3PP/PP4BK/1RBQR3 b - -,high_material_24_32+capture_rich,training/data/samples/lichess_validation_250k.csv,no_null_no_futility,2,f6e4,119,508,605,0.03706514000077732,0.04186874200240709,6,True,20.002460547024384,a5a4,-45,-163,-45,-163,0.446,0.0435,118.0,118.0,0.4025,0.4025,False,False,False,1801,0,0,4954,78,0,0,0,0,206316
validation_0311,r2qr1k1/1ppb1pb1/3p1npp/p1n5/2PNPP2/2N3PP/PP4BK/1RBQR3 b - -,high_material_24_32+capture_rich,training/data/samples/lichess_validation_250k.csv,no_null_no_futility,3,f6e4,100,4811,5416,0.24571636100881733,0.2875861030188389,6,True,20.002460547024384,a5a4,-45,-163,-45,-163,0.446,0.0435,118.0,118.0,0.4025,0.4025,False,False,False,1801,0,0,4954,78,0,0,0,0,206316
validation_0311,r2qr1k1/1ppb1pb1/3p1npp/p1n5/2PNPP2/2N3PP/PP4BK/1RBQR3 b - -,high_material_24_32+capture_rich,training/data/samples/lichess_validation_250k.csv,no_null_no_futility,4,f6e4,119,16404,21820,1.232537327974569,1.5201249310048297,6,True,20.002460547024384,a5a4,-45,-163,-45,-163,0.446,0.0435,118.0,118.0,0.4025,0.4025,False,False,False,1801,0,0,4954,78,0,0,0,0,206316
validation_0311,r2qr1k1/1ppb1pb1/3p1npp/p1n5/2PNPP2/2N3PP/PP4BK/1RBQR3 b - -,high_material_24_32+capture_rich,training/data/samples/lichess_validation_250k.csv,no_null_no_futility,5,f6e4,111,36142,57962,1.8192246980033815,3.3393514290219173,6,True,20.002460547024384,a5a4,-45,-163,-45,-163,0.446,0.0435,118.0,118.0,0.4025,0.4025,False,False,False,1801,0,0,4954,78,0,0,0,0,206316
validation_0311,r2qr1k1/1ppb1pb1/3p1npp/p1n5/2PNPP2/2N3PP/PP4BK/1RBQR3 b - -,high_material_24_32+capture_rich,training/data/samples/lichess_validation_250k.csv,no_null_no_futility,6,f6e4,119,206329,264291,11.814942087017698,15.154295116022695,6,True,20.002460547024384,a5a4,-45,-163,-45,-163,0.446,0.0435,118.0,118.0,0.4025,0.4025,False,False,False,1801,0,0,4954,78,0,0,0,0,206316
validation_0311,r2qr1k1/1ppb1pb1/3p1npp/p1n5/2PNPP2/2N3PP/PP4BK/1RBQR3 b - -,high_material_24_32+capture_rich,training/data/samples/lichess_validation_250k.csv,no_lmr_no_futility,1,f6e4,97,97,97,0.004864499991526827,0.00486559999990277,6,True,20.010010675003286,a5a4,-45,-163,-45,-163,0.446,0.0435,118.0,118.0,0.4025,0.4025,False,False,False,1456,1241,850,0,0,0,0,0,0,224449
validation_0311,r2qr1k1/1ppb1pb1/3p1npp/p1n5/2PNPP2/2N3PP/PP4BK/1RBQR3 b - -,high_material_24_32+capture_rich,training/data/samples/lichess_validation_250k.csv,no_lmr_no_futility,2,f6e4,119,508,605,0.03694034300860949,0.0418070430168882,6,True,20.010010675003286,a5a4,-45,-163,-45,-163,0.446,0.0435,118.0,118.0,0.4025,0.4025,False,False,False,1456,1241,850,0,0,0,0,0,0,224449
validation_0311,r2qr1k1/1ppb1pb1/3p1npp/p1n5/2PNPP2/2N3PP/PP4BK/1RBQR3 b - -,high_material_24_32+capture_rich,training/data/samples/lichess_validation_250k.csv,no_lmr_no_futility,3,f6e4,100,4811,5416,0.24841560900676996,0.2902236520021688,6,True,20.010010675003286,a5a4,-45,-163,-45,-163,0.446,0.0435,118.0,118.0,0.4025,0.4025,False,False,False,1456,1241,850,0,0,0,0,0,0,224449
validation_0311,r2qr1k1/1ppb1pb1/3p1npp/p1n5/2PNPP2/2N3PP/PP4BK/1RBQR3 b - -,high_material_24_32+capture_rich,training/data/samples/lichess_validation_250k.csv,no_lmr_no_futility,4,f6e4,119,9265,14681,0.5534507560078055,0.8436756080191117,6,True,20.010010675003286,a5a4,-45,-163,-45,-163,0.446,0.0435,118.0,118.0,0.4025,0.4025,False,False,False,1456,1241,850,0,0,0,0,0,0,224449
validation_0311,r2qr1k1/1ppb1pb1/3p1npp/p1n5/2PNPP2/2N3PP/PP4BK/1RBQR3 b - -,high_material_24_32+capture_rich,training/data/samples/lichess_validation_250k.csv,no_lmr_no_futility,5,f6e4,111,53640,68321,2.789320823008893,3.6329979310103226,6,True,20.010010675003286,a5a4,-45,-163,-45,-163,0.446,0.0435,118.0,118.0,0.4025,0.4025,False,False,False,1456,1241,850,0,0,0,0,0,0,224449
validation_0311,r2qr1k1/1ppb1pb1/3p1npp/p1n5/2PNPP2/2N3PP/PP4BK/1RBQR3 b - -,high_material_24_32+capture_rich,training/data/samples/lichess_validation_250k.csv,no_lmr_no_futility,6,f6e4,119,100888,169209,5.279501970013371,8.912501701008296,6,True,20.010010675003286,a5a4,-45,-163,-45,-163,0.446,0.0435,118.0,118.0,0.4025,0.4025,False,False,False,1456,1241,850,0,0,0,0,0,0,224449
validation_0311,r2qr1k1/1ppb1pb1/3p1npp/p1n5/2PNPP2/2N3PP/PP4BK/1RBQR3 b - -,high_material_24_32+capture_rich,training/data/samples/lichess_validation_250k.csv,no_selectivity,1,f6e4,97,97,97,0.004815102001884952,0.004816401982679963,5,True,20.008643436973216,a5a4,-45,-163,-45,-163,0.446,0.0435,118.0,118.0,0.4025,0.4025,False,False,False,2374,0,0,0,0,0,0,0,0,217761
validation_0311,r2qr1k1/1ppb1pb1/3p1npp/p1n5/2PNPP2/2N3PP/PP4BK/1RBQR3 b - -,high_material_24_32+capture_rich,training/data/samples/lichess_validation_250k.csv,no_selectivity,2,f6e4,119,508,605,0.03736593300709501,0.042183234996628016,5,True,20.008643436973216,a5a4,-45,-163,-45,-163,0.446,0.0435,118.0,118.0,0.4025,0.4025,False,False,False,2374,0,0,0,0,0,0,0,0,217761
validation_0311,r2qr1k1/1ppb1pb1/3p1npp/p1n5/2PNPP2/2N3PP/PP4BK/1RBQR3 b - -,high_material_24_32+capture_rich,training/data/samples/lichess_validation_250k.csv,no_selectivity,3,f6e4,100,4811,5416,0.2487452980130911,0.29092973298975267,5,True,20.008643436973216,a5a4,-45,-163,-45,-163,0.446,0.0435,118.0,118.0,0.4025,0.4025,False,False,False,2374,0,0,0,0,0,0,0,0,217761
validation_0311,r2qr1k1/1ppb1pb1/3p1npp/p1n5/2PNPP2/2N3PP/PP4BK/1RBQR3 b - -,high_material_24_32+capture_rich,training/data/samples/lichess_validation_250k.csv,no_selectivity,4,f6e4,119,19671,25087,1.358521733985981,1.649452866986394,5,True,20.008643436973216,a5a4,-45,-163,-45,-163,0.446,0.0435,118.0,118.0,0.4025,0.4025,False,False,False,2374,0,0,0,0,0,0,0,0,217761
validation_0311,r2qr1k1/1ppb1pb1/3p1npp/p1n5/2PNPP2/2N3PP/PP4BK/1RBQR3 b - -,high_material_24_32+capture_rich,training/data/samples/lichess_validation_250k.csv,no_selectivity,5,f6e4,111,135595,160682,6.332471329980763,7.981925696978578,5,True,20.008643436973216,a5a4,-45,-163,-45,-163,0.446,0.0435,118.0,118.0,0.4025,0.4025,False,False,False,2374,0,0,0,0,0,0,0,0,217761
validation_0106,8/8/5rk1/PQ2p3/3q2p1/2p3P1/5P1P/5RK1 w - -,late_11_16+capture_available,training/data/samples/lichess_validation_250k.csv,baseline,1,b5e8,133,83,83,0.0031153360032476485,0.00311663601314649,7,False,3.4600415650056675,b5e2,+83,0,83,0,0.6365,0.5,83.0,83.0,0.13649999999999995,0.13649999999999995,False,False,False,1568,433,236,1938,17,7220,0,0,0,46402
validation_0106,8/8/5rk1/PQ2p3/3q2p1/2p3P1/5P1P/5RK1 w - -,late_11_16+capture_available,training/data/samples/lichess_validation_250k.csv,baseline,2,b5e8,133,266,349,0.012445745000150055,0.015563580993330106,7,False,3.4600415650056675,b5e2,+83,0,83,0,0.6365,0.5,83.0,83.0,0.13649999999999995,0.13649999999999995,False,False,False,1568,433,236,1938,17,7220,0,0,0,46402
validation_0106,8/8/5rk1/PQ2p3/3q2p1/2p3P1/5P1P/5RK1 w - -,late_11_16+capture_available,training/data/samples/lichess_validation_250k.csv,baseline,3,b5e8,135,1540,1889,0.06835339800454676,0.08391787900472991,7,False,3.4600415650056675,b5e2,+83,0,83,0,0.6365,0.5,83.0,83.0,0.13649999999999995,0.13649999999999995,False,False,False,1568,433,236,1938,17,7220,0,0,0,46402
validation_0106,8/8/5rk1/PQ2p3/3q2p1/2p3P1/5P1P/5RK1 w - -,late_11_16+capture_available,training/data/samples/lichess_validation_250k.csv,baseline,4,b5e8,127,2071,3960,0.10573503299383447,0.18965411200770177,7,False,3.4600415650056675,b5e2,+83,0,83,0,0.6365,0.5,83.0,83.0,0.13649999999999995,0.13649999999999995,False,False,False,1568,433,236,1938,17,7220,0,0,0,46402
validation_0106,8/8/5rk1/PQ2p3/3q2p1/2p3P1/5P1P/5RK1 w - -,late_11_16+capture_available,training/data/samples/lichess_validation_250k.csv,baseline,5,b5e8,123,8026,11986,0.3552506169944536,0.5449063290143386,7,False,3.4600415650056675,b5e2,+83,0,83,0,0.6365,0.5,83.0,83.0,0.13649999999999995,0.13649999999999995,False,False,False,1568,433,236,1938,17,7220,0,0,0,46402
validation_0106,8/8/5rk1/PQ2p3/3q2p1/2p3P1/5P1P/5RK1 w - -,late_11_16+capture_available,training/data/samples/lichess_validation_250k.csv,baseline,6,b5e8,133,20480,32466,1.018847112020012,1.5637549410166685,7,False,3.4600415650056675,b5e2,+83,0,83,0,0.6365,0.5,83.0,83.0,0.13649999999999995,0.13649999999999995,False,False,False,1568,433,236,1938,17,7220,0,0,0,46402
validation_0106,8/8/5rk1/PQ2p3/3q2p1/2p3P1/5P1P/5RK1 w - -,late_11_16+capture_available,training/data/samples/lichess_validation_250k.csv,baseline,7,a5a6,172,39500,71966,1.8962830239906907,3.4600396649912,7,False,3.4600415650056675,b5e2,+83,+82,83,82,0.6365,0.629,1.0,1.0,0.007499999999999951,0.007499999999999951,False,False,False,1568,433,236,1938,17,7220,0,0,0,46402
validation_0106,8/8/5rk1/PQ2p3/3q2p1/2p3P1/5P1P/5RK1 w - -,late_11_16+capture_available,training/data/samples/lichess_validation_250k.csv,no_null,1,b5e8,133,83,83,0.0031030359969008714,0.0031042360060382634,7,False,8.30011934999493,b5e2,+83,0,83,0,0.6365,0.5,83.0,83.0,0.13649999999999995,0.13649999999999995,False,False,False,5576,0,0,5544,113,15326,0,0,0,106438
validation_0106,8/8/5rk1/PQ2p3/3q2p1/2p3P1/5P1P/5RK1 w - -,late_11_16+capture_available,training/data/samples/lichess_validation_250k.csv,no_null,2,b5e8,133,266,349,0.012741638987790793,0.01584687500144355,7,False,8.30011934999493,b5e2,+83,0,83,0,0.6365,0.5,83.0,83.0,0.13649999999999995,0.13649999999999995,False,False,False,5576,0,0,5544,113,15326,0,0,0,106438
validation_0106,8/8/5rk1/PQ2p3/3q2p1/2p3P1/5P1P/5RK1 w - -,late_11_16+capture_available,training/data/samples/lichess_validation_250k.csv,no_null,3,b5e8,135,1540,1889,0.06871009099995717,0.08455786600825377,7,False,8.30011934999493,b5e2,+83,0,83,0,0.6365,0.5,83.0,83.0,0.13649999999999995,0.13649999999999995,False,False,False,5576,0,0,5544,113,15326,0,0,0,106438
validation_0106,8/8/5rk1/PQ2p3/3q2p1/2p3P1/5P1P/5RK1 w - -,late_11_16+capture_available,training/data/samples/lichess_validation_250k.csv,no_null,4,b5e8,127,4661,6550,0.24122085500857793,0.32578012099838816,7,False,8.30011934999493,b5e2,+83,0,83,0,0.6365,0.5,83.0,83.0,0.13649999999999995,0.13649999999999995,False,False,False,5576,0,0,5544,113,15326,0,0,0,106438
validation_0106,8/8/5rk1/PQ2p3/3q2p1/2p3P1/5P1P/5RK1 w - -,late_11_16+capture_available,training/data/samples/lichess_validation_250k.csv,no_null,5,b5e8,123,7566,14116,0.33797867098473944,0.6637604919960722,7,False,8.30011934999493,b5e2,+83,0,83,0,0.6365,0.5,83.0,83.0,0.13649999999999995,0.13649999999999995,False,False,False,5576,0,0,5544,113,15326,0,0,0,106438
validation_0106,8/8/5rk1/PQ2p3/3q2p1/2p3P1/5P1P/5RK1 w - -,late_11_16+capture_available,training/data/samples/lichess_validation_250k.csv,no_null,6,b5e8,133,33705,47821,1.6600915679882746,2.3238537599972915,7,False,8.30011934999493,b5e2,+83,0,83,0,0.6365,0.5,83.0,83.0,0.13649999999999995,0.13649999999999995,False,False,False,5576,0,0,5544,113,15326,0,0,0,106438
validation_0106,8/8/5rk1/PQ2p3/3q2p1/2p3P1/5P1P/5RK1 w - -,late_11_16+capture_available,training/data/samples/lichess_validation_250k.csv,no_null,7,b5e2,118,124857,172678,5.97626198999933,8.300117350008804,7,False,8.30011934999493,b5e2,+83,+83,83,83,0.6365,0.6365,0.0,0.0,0.0,0.0,False,False,False,5576,0,0,5544,113,15326,0,0,0,106438
validation_0106,8/8/5rk1/PQ2p3/3q2p1/2p3P1/5P1P/5RK1 w - -,late_11_16+capture_available,training/data/samples/lichess_validation_250k.csv,null_safe,1,b5e8,133,83,83,0.0033585309865884483,0.003359630994964391,7,False,3.808990799007006,b5e2,+83,0,83,0,0.6365,0.5,83.0,83.0,0.13649999999999995,0.13649999999999995,False,False,False,2332,114,49,1874,18,7150,0,0,0,47950
validation_0106,8/8/5rk1/PQ2p3/3q2p1/2p3P1/5P1P/5RK1 w - -,late_11_16+capture_available,training/data/samples/lichess_validation_250k.csv,null_safe,2,b5e8,133,266,349,0.012706039007753134,0.016066769981989637,7,False,3.808990799007006,b5e2,+83,0,83,0,0.6365,0.5,83.0,83.0,0.13649999999999995,0.13649999999999995,False,False,False,2332,114,49,1874,18,7150,0,0,0,47950
validation_0106,8/8/5rk1/PQ2p3/3q2p1/2p3P1/5P1P/5RK1 w - -,late_11_16+capture_available,training/data/samples/lichess_validation_250k.csv,null_safe,3,b5e8,135,1540,1889,0.06835679901996627,0.08442446900880896,7,False,3.808990799007006,b5e2,+83,0,83,0,0.6365,0.5,83.0,83.0,0.13649999999999995,0.13649999999999995,False,False,False,2332,114,49,1874,18,7150,0,0,0,47950
validation_0106,8/8/5rk1/PQ2p3/3q2p1/2p3P1/5P1P/5RK1 w - -,late_11_16+capture_available,training/data/samples/lichess_validation_250k.csv,null_safe,4,b5e8,127,4661,6550,0.24153914902126417,0.32596471800934523,7,False,3.808990799007006,b5e2,+83,0,83,0,0.6365,0.5,83.0,83.0,0.13649999999999995,0.13649999999999995,False,False,False,2332,114,49,1874,18,7150,0,0,0,47950
validation_0106,8/8/5rk1/PQ2p3/3q2p1/2p3P1/5P1P/5RK1 w - -,late_11_16+capture_available,training/data/samples/lichess_validation_250k.csv,null_safe,5,b5e8,123,7600,14150,0.33573061699280515,0.6616969349852297,7,False,3.808990799007006,b5e2,+83,0,83,0,0.6365,0.5,83.0,83.0,0.13649999999999995,0.13649999999999995,False,False,False,2332,114,49,1874,18,7150,0,0,0,47950
validation_0106,8/8/5rk1/PQ2p3/3q2p1/2p3P1/5P1P/5RK1 w - -,late_11_16+capture_available,training/data/samples/lichess_validation_250k.csv,null_safe,6,b5e8,133,19774,33924,0.9858604870096315,1.6475590220070444,7,False,3.808990799007006,b5e2,+83,0,83,0,0.6365,0.5,83.0,83.0,0.13649999999999995,0.13649999999999995,False,False,False,2332,114,49,1874,18,7150,0,0,0,47950
validation_0106,8/8/5rk1/PQ2p3/3q2p1/2p3P1/5P1P/5RK1 w - -,late_11_16+capture_available,training/data/samples/lichess_validation_250k.csv,null_safe,7,a5a6,172,43549,77473,2.161428077000892,3.808988598990254,7,False,3.808990799007006,b5e2,+83,+82,83,82,0.6365,0.629,1.0,1.0,0.007499999999999951,0.007499999999999951,False,False,False,2332,114,49,1874,18,7150,0,0,0,47950
validation_0106,8/8/5rk1/PQ2p3/3q2p1/2p3P1/5P1P/5RK1 w - -,late_11_16+capture_available,training/data/samples/lichess_validation_250k.csv,no_lmr,1,b5e8,133,83,83,0.0031725349836051464,0.003173834993503988,7,False,8.196380940004019,b5e2,+83,0,83,0,0.6365,0.5,83.0,83.0,0.13649999999999995,0.13649999999999995,False,False,False,3568,1356,820,0,0,44601,0,1,0,101467
validation_0106,8/8/5rk1/PQ2p3/3q2p1/2p3P1/5P1P/5RK1 w - -,late_11_16+capture_available,training/data/samples/lichess_validation_250k.csv,no_lmr,2,b5e8,133,266,349,0.012526842998340726,0.015701677999459207,7,False,8.196380940004019,b5e2,+83,0,83,0,0.6365,0.5,83.0,83.0,0.13649999999999995,0.13649999999999995,False,False,False,3568,1356,820,0,0,44601,0,1,0,101467
validation_0106,8/8/5rk1/PQ2p3/3q2p1/2p3P1/5P1P/5RK1 w - -,late_11_16+capture_available,training/data/samples/lichess_validation_250k.csv,no_lmr,3,b5e8,135,1540,1889,0.06763221300207078,0.08333509101066738,7,False,8.196380940004019,b5e2,+83,0,83,0,0.6365,0.5,83.0,83.0,0.13649999999999995,0.13649999999999995,False,False,False,3568,1356,820,0,0,44601,0,1,0,101467
validation_0106,8/8/5rk1/PQ2p3/3q2p1/2p3P1/5P1P/5RK1 w - -,late_11_16+capture_available,training/data/samples/lichess_validation_250k.csv,no_lmr,4,b5e8,127,2071,3960,0.10543623799458146,0.1887724290136248,7,False,8.196380940004019,b5e2,+83,0,83,0,0.6365,0.5,83.0,83.0,0.13649999999999995,0.13649999999999995,False,False,False,3568,1356,820,0,0,44601,0,1,0,101467
validation_0106,8/8/5rk1/PQ2p3/3q2p1/2p3P1/5P1P/5RK1 w - -,late_11_16+capture_available,training/data/samples/lichess_validation_250k.csv,no_lmr,5,b5e8,140,10010,13970,0.42248253599973395,0.6112562649941538,7,False,8.196380940004019,b5e2,+83,0,83,0,0.6365,0.5,83.0,83.0,0.13649999999999995,0.13649999999999995,False,False,False,3568,1356,820,0,0,44601,0,1,0,101467
validation_0106,8/8/5rk1/PQ2p3/3q2p1/2p3P1/5P1P/5RK1 w - -,late_11_16+capture_available,training/data/samples/lichess_validation_250k.csv,no_lmr,6,a5a6,164,41903,55873,2.067270108993398,2.678528174001258,7,False,8.196380940004019,b5e2,+83,+82,83,82,0.6365,0.629,1.0,1.0,0.007499999999999951,0.007499999999999951,False,False,False,3568,1356,820,0,0,44601,0,1,0,101467
validation_0106,8/8/5rk1/PQ2p3/3q2p1/2p3P1/5P1P/5RK1 w - -,late_11_16+capture_available,training/data/samples/lichess_validation_250k.csv,no_lmr,7,a5a6,114,113842,169715,5.517849466006737,8.196379140019417,7,False,8.196380940004019,b5e2,+83,+82,83,82,0.6365,0.629,1.0,1.0,0.007499999999999951,0.007499999999999951,False,False,False,3568,1356,820,0,0,44601,0,1,0,101467
validation_0106,8/8/5rk1/PQ2p3/3q2p1/2p3P1/5P1P/5RK1 w - -,late_11_16+capture_available,training/data/samples/lichess_validation_250k.csv,lmr_safe,1,b5e8,133,83,83,0.0031801350123714656,0.0031812350207474083,7,False,4.342450977012049,b5e2,+83,0,83,0,0.6365,0.5,83.0,83.0,0.13649999999999995,0.13649999999999995,False,False,False,1640,445,253,726,6,26453,0,0,0,54150
validation_0106,8/8/5rk1/PQ2p3/3q2p1/2p3P1/5P1P/5RK1 w - -,late_11_16+capture_available,training/data/samples/lichess_validation_250k.csv,lmr_safe,2,b5e8,133,266,349,0.01243314502062276,0.015615380019880831,7,False,4.342450977012049,b5e2,+83,0,83,0,0.6365,0.5,83.0,83.0,0.13649999999999995,0.13649999999999995,False,False,False,1640,445,253,726,6,26453,0,0,0,54150
validation_0106,8/8/5rk1/PQ2p3/3q2p1/2p3P1/5P1P/5RK1 w - -,late_11_16+capture_available,training/data/samples/lichess_validation_250k.csv,lmr_safe,3,b5e8,135,1540,1889,0.06811730298795737,0.0837336830154527,7,False,4.342450977012049,b5e2,+83,0,83,0,0.6365,0.5,83.0,83.0,0.13649999999999995,0.13649999999999995,False,False,False,1640,445,253,726,6,26453,0,0,0,54150
validation_0106,8/8/5rk1/PQ2p3/3q2p1/2p3P1/5P1P/5RK1 w - -,late_11_16+capture_available,training/data/samples/lichess_validation_250k.csv,lmr_safe,4,b5e8,127,2071,3960,0.10441185999661684,0.18814664302044548,7,False,4.342450977012049,b5e2,+83,0,83,0,0.6365,0.5,83.0,83.0,0.13649999999999995,0.13649999999999995,False,False,False,1640,445,253,726,6,26453,0,0,0,54150
validation_0106,8/8/5rk1/PQ2p3/3q2p1/2p3P1/5P1P/5RK1 w - -,late_11_16+capture_available,training/data/samples/lichess_validation_250k.csv,lmr_safe,5,b5e8,140,10010,13970,0.42591596802230924,0.6140637110220268,7,False,4.342450977012049,b5e2,+83,0,83,0,0.6365,0.5,83.0,83.0,0.13649999999999995,0.13649999999999995,False,False,False,1640,445,253,726,6,26453,0,0,0,54150
validation_0106,8/8/5rk1/PQ2p3/3q2p1/2p3P1/5P1P/5RK1 w - -,late_11_16+capture_available,training/data/samples/lichess_validation_250k.csv,lmr_safe,6,b5e8,133,21052,35022,1.0452447720163036,1.6593102830229327,7,False,4.342450977012049,b5e2,+83,0,83,0,0.6365,0.5,83.0,83.0,0.13649999999999995,0.13649999999999995,False,False,False,1640,445,253,726,6,26453,0,0,0,54150
validation_0106,8/8/5rk1/PQ2p3/3q2p1/2p3P1/5P1P/5RK1 w - -,late_11_16+capture_available,training/data/samples/lichess_validation_250k.csv,lmr_safe,7,a5a6,172,55519,90541,2.6831368940183893,4.342448777024401,7,False,4.342450977012049,b5e2,+83,+82,83,82,0.6365,0.629,1.0,1.0,0.007499999999999951,0.007499999999999951,False,False,False,1640,445,253,726,6,26453,0,0,0,54150
validation_0106,8/8/5rk1/PQ2p3/3q2p1/2p3P1/5P1P/5RK1 w - -,late_11_16+capture_available,training/data/samples/lichess_validation_250k.csv,no_futility,1,b5e8,133,83,83,0.003164736001053825,0.0031658360094297677,7,False,3.753138478001347,b5e2,+83,0,83,0,0.6365,0.5,83.0,83.0,0.13649999999999995,0.13649999999999995,False,False,False,1567,433,236,1938,17,0,0,0,0,53631
validation_0106,8/8/5rk1/PQ2p3/3q2p1/2p3P1/5P1P/5RK1 w - -,late_11_16+capture_available,training/data/samples/lichess_validation_250k.csv,no_futility,2,b5e8,133,266,349,0.012821337004425004,0.015988172992365435,7,False,3.753138478001347,b5e2,+83,0,83,0,0.6365,0.5,83.0,83.0,0.13649999999999995,0.13649999999999995,False,False,False,1567,433,236,1938,17,0,0,0,0,53631
validation_0106,8/8/5rk1/PQ2p3/3q2p1/2p3P1/5P1P/5RK1 w - -,late_11_16+capture_available,training/data/samples/lichess_validation_250k.csv,no_futility,3,b5e8,135,2056,2405,0.08159292698837817,0.09758249999140389,7,False,3.753138478001347,b5e2,+83,0,83,0,0.6365,0.5,83.0,83.0,0.13649999999999995,0.13649999999999995,False,False,False,1567,433,236,1938,17,0,0,0,0,53631
validation_0106,8/8/5rk1/PQ2p3/3q2p1/2p3P1/5P1P/5RK1 w - -,late_11_16+capture_available,training/data/samples/lichess_validation_250k.csv,no_futility,4,b5e8,127,2071,4476,0.10174431398627348,0.19932821398833767,7,False,3.753138478001347,b5e2,+83,0,83,0,0.6365,0.5,83.0,83.0,0.13649999999999995,0.13649999999999995,False,False,False,1567,433,236,1938,17,0,0,0,0,53631
validation_0106,8/8/5rk1/PQ2p3/3q2p1/2p3P1/5P1P/5RK1 w - -,late_11_16+capture_available,training/data/samples/lichess_validation_250k.csv,no_futility,5,b5e8,123,10124,14600,0.4012466740095988,0.6005763880093582,7,False,3.753138478001347,b5e2,+83,0,83,0,0.6365,0.5,83.0,83.0,0.13649999999999995,0.13649999999999995,False,False,False,1567,433,236,1938,17,0,0,0,0,53631
validation_0106,8/8/5rk1/PQ2p3/3q2p1/2p3P1/5P1P/5RK1 w - -,late_11_16+capture_available,training/data/samples/lichess_validation_250k.csv,no_futility,6,b5e8,133,26420,41020,1.1425738830002956,1.743152070994256,7,False,3.753138478001347,b5e2,+83,0,83,0,0.6365,0.5,83.0,83.0,0.13649999999999995,0.13649999999999995,False,False,False,1567,433,236,1938,17,0,0,0,0,53631
validation_0106,8/8/5rk1/PQ2p3/3q2p1/2p3P1/5P1P/5RK1 w - -,late_11_16+capture_available,training/data/samples/lichess_validation_250k.csv,no_futility,7,a5a6,172,45406,86426,2.009982907009544,3.753136477986118,7,False,3.753138478001347,b5e2,+83,+82,83,82,0.6365,0.629,1.0,1.0,0.007499999999999951,0.007499999999999951,False,False,False,1567,433,236,1938,17,0,0,0,0,53631
validation_0106,8/8/5rk1/PQ2p3/3q2p1/2p3P1/5P1P/5RK1 w - -,late_11_16+capture_available,training/data/samples/lichess_validation_250k.csv,capture_material_order,1,b5e8,133,83,83,0.0031501360062975436,0.003151136013912037,7,False,5.8826339340012055,b5e2,+83,0,83,0,0.6365,0.5,83.0,83.0,0.13649999999999995,0.13649999999999995,False,False,False,2346,767,367,3631,52,10258,0,0,42650,76947
validation_0106,8/8/5rk1/PQ2p3/3q2p1/2p3P1/5P1P/5RK1 w - -,late_11_16+capture_available,training/data/samples/lichess_validation_250k.csv,capture_material_order,2,b5e8,133,252,335,0.01189195699407719,0.015044191997731104,7,False,5.8826339340012055,b5e2,+83,0,83,0,0.6365,0.5,83.0,83.0,0.13649999999999995,0.13649999999999995,False,False,False,2346,767,367,3631,52,10258,0,0,42650,76947
validation_0106,8/8/5rk1/PQ2p3/3q2p1/2p3P1/5P1P/5RK1 w - -,late_11_16+capture_available,training/data/samples/lichess_validation_250k.csv,capture_material_order,3,b5e8,135,1665,2000,0.07004276401130483,0.08508765601436608,7,False,5.8826339340012055,b5e2,+83,0,83,0,0.6365,0.5,83.0,83.0,0.13649999999999995,0.13649999999999995,False,False,False,2346,767,367,3631,52,10258,0,0,42650,76947
validation_0106,8/8/5rk1/PQ2p3/3q2p1/2p3P1/5P1P/5RK1 w - -,late_11_16+capture_available,training/data/samples/lichess_validation_250k.csv,capture_material_order,4,b5e8,127,1907,3907,0.10114612700999714,0.18623508300515823,7,False,5.8826339340012055,b5e2,+83,0,83,0,0.6365,0.5,83.0,83.0,0.13649999999999995,0.13649999999999995,False,False,False,2346,767,367,3631,52,10258,0,0,42650,76947
validation_0106,8/8/5rk1/PQ2p3/3q2p1/2p3P1/5P1P/5RK1 w - -,late_11_16+capture_available,training/data/samples/lichess_validation_250k.csv,capture_material_order,5,b5e8,123,8062,11969,0.35211588398669846,0.5383528670063242,7,False,5.8826339340012055,b5e2,+83,0,83,0,0.6365,0.5,83.0,83.0,0.13649999999999995,0.13649999999999995,False,False,False,2346,767,367,3631,52,10258,0,0,42650,76947
validation_0106,8/8/5rk1/PQ2p3/3q2p1/2p3P1/5P1P/5RK1 w - -,late_11_16+capture_available,training/data/samples/lichess_validation_250k.csv,capture_material_order,6,b5e8,133,24169,36138,1.1723665729805361,1.7107209399982821,7,False,5.8826339340012055,b5e2,+83,0,83,0,0.6365,0.5,83.0,83.0,0.13649999999999995,0.13649999999999995,False,False,False,2346,767,367,3631,52,10258,0,0,42650,76947
validation_0106,8/8/5rk1/PQ2p3/3q2p1/2p3P1/5P1P/5RK1 w - -,late_11_16+capture_available,training/data/samples/lichess_validation_250k.csv,capture_material_order,7,a5a6,114,84593,120731,4.171909694006899,5.882632134016603,7,False,5.8826339340012055,b5e2,+83,+82,83,82,0.6365,0.629,1.0,1.0,0.007499999999999951,0.007499999999999951,False,False,False,2346,767,367,3631,52,10258,0,0,42650,76947
validation_0106,8/8/5rk1/PQ2p3/3q2p1/2p3P1/5P1P/5RK1 w - -,late_11_16+capture_available,training/data/samples/lichess_validation_250k.csv,no_aspiration,1,b5e8,133,83,83,0.0031221359968185425,0.0031233360059559345,7,False,3.734948738012463,b5e2,+83,0,83,0,0.6365,0.5,83.0,83.0,0.13649999999999995,0.13649999999999995,False,False,False,1658,433,235,2009,21,7544,0,0,0,50835
validation_0106,8/8/5rk1/PQ2p3/3q2p1/2p3P1/5P1P/5RK1 w - -,late_11_16+capture_available,training/data/samples/lichess_validation_250k.csv,no_aspiration,2,b5e8,133,266,349,0.012314447987591848,0.015438884001923725,7,False,3.734948738012463,b5e2,+83,0,83,0,0.6365,0.5,83.0,83.0,0.13649999999999995,0.13649999999999995,False,False,False,1658,433,235,2009,21,7544,0,0,0,50835
validation_0106,8/8/5rk1/PQ2p3/3q2p1/2p3P1/5P1P/5RK1 w - -,late_11_16+capture_available,training/data/samples/lichess_validation_250k.csv,no_aspiration,3,b5e8,135,1540,1889,0.0682149019849021,0.08365498599596322,7,False,3.734948738012463,b5e2,+83,0,83,0,0.6365,0.5,83.0,83.0,0.13649999999999995,0.13649999999999995,False,False,False,1658,433,235,2009,21,7544,0,0,0,50835
validation_0106,8/8/5rk1/PQ2p3/3q2p1/2p3P1/5P1P/5RK1 w - -,late_11_16+capture_available,training/data/samples/lichess_validation_250k.csv,no_aspiration,4,b5e8,127,2151,4040,0.10716230300022289,0.1908184890053235,7,False,3.734948738012463,b5e2,+83,0,83,0,0.6365,0.5,83.0,83.0,0.13649999999999995,0.13649999999999995,False,False,False,1658,433,235,2009,21,7544,0,0,0,50835
validation_0106,8/8/5rk1/PQ2p3/3q2p1/2p3P1/5P1P/5RK1 w - -,late_11_16+capture_available,training/data/samples/lichess_validation_250k.csv,no_aspiration,5,b5e8,123,8064,12104,0.3569094839913305,0.5477292730065528,7,False,3.734948738012463,b5e2,+83,0,83,0,0.6365,0.5,83.0,83.0,0.13649999999999995,0.13649999999999995,False,False,False,1658,433,235,2009,21,7544,0,0,0,50835
validation_0106,8/8/5rk1/PQ2p3/3q2p1/2p3P1/5P1P/5RK1 w - -,late_11_16+capture_available,training/data/samples/lichess_validation_250k.csv,no_aspiration,6,b5e8,133,26256,38360,1.2843526719952933,1.8320835450140294,7,False,3.734948738012463,b5e2,+83,0,83,0,0.6365,0.5,83.0,83.0,0.13649999999999995,0.13649999999999995,False,False,False,1658,433,235,2009,21,7544,0,0,0,50835
validation_0106,8/8/5rk1/PQ2p3/3q2p1/2p3P1/5P1P/5RK1 w - -,late_11_16+capture_available,training/data/samples/lichess_validation_250k.csv,no_aspiration,7,a5a6,172,39534,77894,1.9028613940172363,3.734946539014345,7,False,3.734948738012463,b5e2,+83,+82,83,82,0.6365,0.629,1.0,1.0,0.007499999999999951,0.007499999999999951,False,False,False,1658,433,235,2009,21,7544,0,0,0,50835
validation_0106,8/8/5rk1/PQ2p3/3q2p1/2p3P1/5P1P/5RK1 w - -,late_11_16+capture_available,training/data/samples/lichess_validation_250k.csv,no_pvs,1,b5e8,133,75,75,0.0029769389948341995,0.0029781390039715916,7,False,3.217280048993416,b5e2,+83,0,83,0,0.6365,0.5,83.0,83.0,0.13649999999999995,0.13649999999999995,False,False,False,1268,367,211,1652,19,6417,0,0,0,42805
validation_0106,8/8/5rk1/PQ2p3/3q2p1/2p3P1/5P1P/5RK1 w - -,late_11_16+capture_available,training/data/samples/lichess_validation_250k.csv,no_pvs,2,b5e8,133,280,355,0.013324226980330423,0.016303265991155058,7,False,3.217280048993416,b5e2,+83,0,83,0,0.6365,0.5,83.0,83.0,0.13649999999999995,0.13649999999999995,False,False,False,1268,367,211,1652,19,6417,0,0,0,42805
validation_0106,8/8/5rk1/PQ2p3/3q2p1/2p3P1/5P1P/5RK1 w - -,late_11_16+capture_available,training/data/samples/lichess_validation_250k.csv,no_pvs,3,b5e8,135,1665,2020,0.07392178400186822,0.09022605000063777,7,False,3.217280048993416,b5e2,+83,0,83,0,0.6365,0.5,83.0,83.0,0.13649999999999995,0.13649999999999995,False,False,False,1268,367,211,1652,19,6417,0,0,0,42805
validation_0106,8/8/5rk1/PQ2p3/3q2p1/2p3P1/5P1P/5RK1 w - -,late_11_16+capture_available,training/data/samples/lichess_validation_250k.csv,no_pvs,4,b5e8,127,2314,4334,0.11417325999354944,0.2044005100033246,7,False,3.217280048993416,b5e2,+83,0,83,0,0.6365,0.5,83.0,83.0,0.13649999999999995,0.13649999999999995,False,False,False,1268,367,211,1652,19,6417,0,0,0,42805
validation_0106,8/8/5rk1/PQ2p3/3q2p1/2p3P1/5P1P/5RK1 w - -,late_11_16+capture_available,training/data/samples/lichess_validation_250k.csv,no_pvs,5,b5e8,123,7529,11863,0.34765907301334664,0.5520613830012735,7,False,3.217280048993416,b5e2,+83,0,83,0,0.6365,0.5,83.0,83.0,0.13649999999999995,0.13649999999999995,False,False,False,1268,367,211,1652,19,6417,0,0,0,42805
validation_0106,8/8/5rk1/PQ2p3/3q2p1/2p3P1/5P1P/5RK1 w - -,late_11_16+capture_available,training/data/samples/lichess_validation_250k.csv,no_pvs,6,b5e8,133,21530,33393,1.0740546829765663,1.6261175659892615,7,False,3.217280048993416,b5e2,+83,0,83,0,0.6365,0.5,83.0,83.0,0.13649999999999995,0.13649999999999995,False,False,False,1268,367,211,1652,19,6417,0,0,0,42805
validation_0106,8/8/5rk1/PQ2p3/3q2p1/2p3P1/5P1P/5RK1 w - -,late_11_16+capture_available,training/data/samples/lichess_validation_250k.csv,no_pvs,7,a5a6,172,32614,66007,1.5911588839953765,3.217278049996821,7,False,3.217280048993416,b5e2,+83,+82,83,82,0.6365,0.629,1.0,1.0,0.007499999999999951,0.007499999999999951,False,False,False,1268,367,211,1652,19,6417,0,0,0,42805
validation_0106,8/8/5rk1/PQ2p3/3q2p1/2p3P1/5P1P/5RK1 w - -,late_11_16+capture_available,training/data/samples/lichess_validation_250k.csv,no_null_no_lmr,1,b5e8,133,83,83,0.0030942359881009907,0.0030954359972383827,7,False,13.053331053000875,b5e2,+83,0,83,0,0.6365,0.5,83.0,83.0,0.13649999999999995,0.13649999999999995,False,False,False,9931,0,0,0,0,56949,0,1,0,151903
validation_0106,8/8/5rk1/PQ2p3/3q2p1/2p3P1/5P1P/5RK1 w - -,late_11_16+capture_available,training/data/samples/lichess_validation_250k.csv,no_null_no_lmr,2,b5e8,133,266,349,0.012313848012126982,0.015410484018502757,7,False,13.053331053000875,b5e2,+83,0,83,0,0.6365,0.5,83.0,83.0,0.13649999999999995,0.13649999999999995,False,False,False,9931,0,0,0,0,56949,0,1,0,151903
validation_0106,8/8/5rk1/PQ2p3/3q2p1/2p3P1/5P1P/5RK1 w - -,late_11_16+capture_available,training/data/samples/lichess_validation_250k.csv,no_null_no_lmr,3,b5e8,135,1540,1889,0.06848849597736262,0.08389978000195697,7,False,13.053331053000875,b5e2,+83,0,83,0,0.6365,0.5,83.0,83.0,0.13649999999999995,0.13649999999999995,False,False,False,9931,0,0,0,0,56949,0,1,0,151903
validation_0106,8/8/5rk1/PQ2p3/3q2p1/2p3P1/5P1P/5RK1 w - -,late_11_16+capture_available,training/data/samples/lichess_validation_250k.csv,no_null_no_lmr,4,b5e8,127,4504,6393,0.23620526000740938,0.320106740022311,7,False,13.053331053000875,b5e2,+83,0,83,0,0.6365,0.5,83.0,83.0,0.13649999999999995,0.13649999999999995,False,False,False,9931,0,0,0,0,56949,0,1,0,151903
validation_0106,8/8/5rk1/PQ2p3/3q2p1/2p3P1/5P1P/5RK1 w - -,late_11_16+capture_available,training/data/samples/lichess_validation_250k.csv,no_null_no_lmr,5,b5e8,140,10644,17037,0.4756150540197268,0.7957230940228328,7,False,13.053331053000875,b5e2,+83,0,83,0,0.6365,0.5,83.0,83.0,0.13649999999999995,0.13649999999999995,False,False,False,9931,0,0,0,0,56949,0,1,0,151903
validation_0106,8/8/5rk1/PQ2p3/3q2p1/2p3P1/5P1P/5RK1 w - -,late_11_16+capture_available,training/data/samples/lichess_validation_250k.csv,no_null_no_lmr,6,a5a6,164,66134,83171,3.396428299980471,4.192153092997614,7,False,13.053331053000875,b5e2,+83,+82,83,82,0.6365,0.629,1.0,1.0,0.007499999999999951,0.007499999999999951,False,False,False,9931,0,0,0,0,56949,0,1,0,151903
validation_0106,8/8/5rk1/PQ2p3/3q2p1/2p3P1/5P1P/5RK1 w - -,late_11_16+capture_available,training/data/samples/lichess_validation_250k.csv,no_null_no_lmr,7,a5a6,114,173416,256587,8.861174760007998,13.05332905301475,7,False,13.053331053000875,b5e2,+83,+82,83,82,0.6365,0.629,1.0,1.0,0.007499999999999951,0.007499999999999951,False,False,False,9931,0,0,0,0,56949,0,1,0,151903
validation_0106,8/8/5rk1/PQ2p3/3q2p1/2p3P1/5P1P/5RK1 w - -,late_11_16+capture_available,training/data/samples/lichess_validation_250k.csv,no_null_no_futility,1,b5e8,133,83,83,0.003073136991588399,0.0030745370022486895,7,False,8.812704142008442,b5e2,+83,0,83,0,0.6365,0.5,83.0,83.0,0.13649999999999995,0.13649999999999995,False,False,False,5558,0,0,5552,113,0,0,0,0,121717
validation_0106,8/8/5rk1/PQ2p3/3q2p1/2p3P1/5P1P/5RK1 w - -,late_11_16+capture_available,training/data/samples/lichess_validation_250k.csv,no_null_no_futility,2,b5e8,133,266,349,0.012225949001731351,0.015301486011594534,7,False,8.812704142008442,b5e2,+83,0,83,0,0.6365,0.5,83.0,83.0,0.13649999999999995,0.13649999999999995,False,False,False,5558,0,0,5552,113,0,0,0,0,121717
validation_0106,8/8/5rk1/PQ2p3/3q2p1/2p3P1/5P1P/5RK1 w - -,late_11_16+capture_available,training/data/samples/lichess_validation_250k.csv,no_null_no_futility,3,b5e8,135,2056,2405,0.08180372300557792,0.0971065090270713,7,False,8.812704142008442,b5e2,+83,0,83,0,0.6365,0.5,83.0,83.0,0.13649999999999995,0.13649999999999995,False,False,False,5558,0,0,5552,113,0,0,0,0,121717
validation_0106,8/8/5rk1/PQ2p3/3q2p1/2p3P1/5P1P/5RK1 w - -,late_11_16+capture_available,training/data/samples/lichess_validation_250k.csv,no_null_no_futility,4,b5e8,127,4859,7264,0.2350168809934985,0.3321246900013648,7,False,8.812704142008442,b5e2,+83,0,83,0,0.6365,0.5,83.0,83.0,0.13649999999999995,0.13649999999999995,False,False,False,5558,0,0,5552,113,0,0,0,0,121717
validation_0106,8/8/5rk1/PQ2p3/3q2p1/2p3P1/5P1P/5RK1 w - -,late_11_16+capture_available,training/data/samples/lichess_validation_250k.csv,no_null_no_futility,5,b5e8,123,10092,17356,0.39852092901128344,0.73064711902407,7,False,8.812704142008442,b5e2,+83,0,83,0,0.6365,0.5,83.0,83.0,0.13649999999999995,0.13649999999999995,False,False,False,5558,0,0,5552,113,0,0,0,0,121717
validation_0106,8/8/5rk1/PQ2p3/3q2p1/2p3P1/5P1P/5RK1 w - -,late_11_16+capture_available,training/data/samples/lichess_validation_250k.csv,no_null_no_futility,6,b5e8,133,41090,58446,1.7854293940181378,2.5160784129984677,7,False,8.812704142008442,b5e2,+83,0,83,0,0.6365,0.5,83.0,83.0,0.13649999999999995,0.13649999999999995,False,False,False,5558,0,0,5552,113,0,0,0,0,121717
validation_0106,8/8/5rk1/PQ2p3/3q2p1/2p3P1/5P1P/5RK1 w - -,late_11_16+capture_available,training/data/samples/lichess_validation_250k.csv,no_null_no_futility,7,b5e2,118,144799,203245,6.2966219290101435,8.812702042021556,7,False,8.812704142008442,b5e2,+83,+83,83,83,0.6365,0.6365,0.0,0.0,0.0,0.0,False,False,False,5558,0,0,5552,113,0,0,0,0,121717
validation_0106,8/8/5rk1/PQ2p3/3q2p1/2p3P1/5P1P/5RK1 w - -,late_11_16+capture_available,training/data/samples/lichess_validation_250k.csv,no_lmr_no_futility,1,b5e8,133,83,83,0.003073436993872747,0.003074637003010139,7,False,10.198141711007338,b5e2,+83,0,83,0,0.6365,0.5,83.0,83.0,0.13649999999999995,0.13649999999999995,False,False,False,3568,1356,820,0,0,0,0,1,0,146068
validation_0106,8/8/5rk1/PQ2p3/3q2p1/2p3P1/5P1P/5RK1 w - -,late_11_16+capture_available,training/data/samples/lichess_validation_250k.csv,no_lmr_no_futility,2,b5e8,133,266,349,0.012268548976862803,0.015344585990533233,7,False,10.198141711007338,b5e2,+83,0,83,0,0.6365,0.5,83.0,83.0,0.13649999999999995,0.13649999999999995,False,False,False,3568,1356,820,0,0,0,0,1,0,146068
validation_0106,8/8/5rk1/PQ2p3/3q2p1/2p3P1/5P1P/5RK1 w - -,late_11_16+capture_available,training/data/samples/lichess_validation_250k.csv,no_lmr_no_futility,3,b5e8,135,2056,2405,0.08100823900895193,0.09635352500481531,7,False,10.198141711007338,b5e2,+83,0,83,0,0.6365,0.5,83.0,83.0,0.13649999999999995,0.13649999999999995,False,False,False,3568,1356,820,0,0,0,0,1,0,146068
validation_0106,8/8/5rk1/PQ2p3/3q2p1/2p3P1/5P1P/5RK1 w - -,late_11_16+capture_available,training/data/samples/lichess_validation_250k.csv,no_lmr_no_futility,4,b5e8,127,2071,4476,0.10230540300835855,0.19866032799473032,7,False,10.198141711007338,b5e2,+83,0,83,0,0.6365,0.5,83.0,83.0,0.13649999999999995,0.13649999999999995,False,False,False,3568,1356,820,0,0,0,0,1,0,146068
validation_0106,8/8/5rk1/PQ2p3/3q2p1/2p3P1/5P1P/5RK1 w - -,late_11_16+capture_available,training/data/samples/lichess_validation_250k.csv,no_lmr_no_futility,5,b5e8,140,15978,20454,0.5788559349894058,0.777517562994035,7,False,10.198141711007338,b5e2,+83,0,83,0,0.6365,0.5,83.0,83.0,0.13649999999999995,0.13649999999999995,False,False,False,3568,1356,820,0,0,0,0,1,0,146068
validation_0106,8/8/5rk1/PQ2p3/3q2p1/2p3P1/5P1P/5RK1 w - -,late_11_16+capture_available,training/data/samples/lichess_validation_250k.csv,no_lmr_no_futility,6,a5a6,164,70443,90897,2.702733307000017,3.4802525700069964,7,False,10.198141711007338,b5e2,+83,+82,83,82,0.6365,0.629,1.0,1.0,0.007499999999999951,0.007499999999999951,False,False,False,3568,1356,820,0,0,0,0,1,0,146068
validation_0106,8/8/5rk1/PQ2p3/3q2p1/2p3P1/5P1P/5RK1 w - -,late_11_16+capture_available,training/data/samples/lichess_validation_250k.csv,no_lmr_no_futility,7,a5a6,114,168020,258917,6.717885741003556,10.19813981099287,7,False,10.198141711007338,b5e2,+83,+82,83,82,0.6365,0.629,1.0,1.0,0.007499999999999951,0.007499999999999951,False,False,False,3568,1356,820,0,0,0,0,1,0,146068
validation_0106,8/8/5rk1/PQ2p3/3q2p1/2p3P1/5P1P/5RK1 w - -,late_11_16+capture_available,training/data/samples/lichess_validation_250k.csv,no_selectivity,1,b5e8,133,83,83,0.003100436006207019,0.0031015359854791313,7,False,15.465271039982326,b5e2,+83,0,83,0,0.6365,0.5,83.0,83.0,0.13649999999999995,0.13649999999999995,False,False,False,9931,0,0,0,0,0,0,1,0,208855
validation_0106,8/8/5rk1/PQ2p3/3q2p1/2p3P1/5P1P/5RK1 w - -,late_11_16+capture_available,training/data/samples/lichess_validation_250k.csv,no_selectivity,2,b5e8,133,266,349,0.012439245008863509,0.015541881002718583,7,False,15.465271039982326,b5e2,+83,0,83,0,0.6365,0.5,83.0,83.0,0.13649999999999995,0.13649999999999995,False,False,False,9931,0,0,0,0,0,0,1,0,208855
validation_0106,8/8/5rk1/PQ2p3/3q2p1/2p3P1/5P1P/5RK1 w - -,late_11_16+capture_available,training/data/samples/lichess_validation_250k.csv,no_selectivity,3,b5e8,135,2056,2405,0.08150802901946008,0.09705091000068933,7,False,15.465271039982326,b5e2,+83,0,83,0,0.6365,0.5,83.0,83.0,0.13649999999999995,0.13649999999999995,False,False,False,9931,0,0,0,0,0,0,1,0,208855
validation_0106,8/8/5rk1/PQ2p3/3q2p1/2p3P1/5P1P/5RK1 w - -,late_11_16+capture_available,training/data/samples/lichess_validation_250k.csv,no_selectivity,4,b5e8,127,4652,7057,0.22765553201315925,0.32470784199540503,7,False,15.465271039982326,b5e2,+83,0,83,0,0.6365,0.5,83.0,83.0,0.13649999999999995,0.13649999999999995,False,False,False,9931,0,0,0,0,0,0,1,0,208855
validation_0106,8/8/5rk1/PQ2p3/3q2p1/2p3P1/5P1P/5RK1 w - -,late_11_16+capture_available,training/data/samples/lichess_validation_250k.csv,no_selectivity,5,b5e8,140,19292,26349,0.697670896013733,1.022380037989933,7,False,15.465271039982326,b5e2,+83,0,83,0,0.6365,0.5,83.0,83.0,0.13649999999999995,0.13649999999999995,False,False,False,9931,0,0,0,0,0,0,1,0,208855
validation_0106,8/8/5rk1/PQ2p3/3q2p1/2p3P1/5P1P/5RK1 w - -,late_11_16+capture_available,training/data/samples/lichess_validation_250k.csv,no_selectivity,6,a5a6,164,96298,122647,3.9715148719842546,4.993896509986371,7,False,15.465271039982326,b5e2,+83,+82,83,82,0.6365,0.629,1.0,1.0,0.007499999999999951,0.007499999999999951,False,False,False,9931,0,0,0,0,0,0,1,0,208855
validation_0106,8/8/5rk1/PQ2p3/3q2p1/2p3P1/5P1P/5RK1 w - -,late_11_16+capture_available,training/data/samples/lichess_validation_250k.csv,no_selectivity,7,a5a6,114,247841,370488,10.471371029998409,15.465269139996963,7,False,15.465271039982326,b5e2,+83,+82,83,82,0.6365,0.629,1.0,1.0,0.007499999999999951,0.007499999999999951,False,False,False,9931,0,0,0,0,0,0,1,0,208855
validation_0392,2kr1b1r/1pp1qppp/p1p2n2/8/4P1b1/2NP1N2/PPP2PPP/R1BQ1RK1 b - -,high_material_24_32+capture_rich,training/data/samples/lichess_validation_250k.csv,baseline,1,h7h5,-71,120,120,0.0066864630207419395,0.006687862973194569,6,True,20.007888520980487,h7h6,-59,-170,-59,-170,0.4265,0.024,111.0,111.0,0.40249999999999997,0.40249999999999997,False,False,False,3316,952,481,6322,184,18388,0,0,0,210152
validation_0392,2kr1b1r/1pp1qppp/p1p2n2/8/4P1b1/2NP1N2/PPP2PPP/R1BQ1RK1 b - -,high_material_24_32+capture_rich,training/data/samples/lichess_validation_250k.csv,baseline,2,h7h5,-23,698,818,0.04957038300926797,0.05625934599083848,6,True,20.007888520980487,h7h6,-59,-170,-59,-170,0.4265,0.024,111.0,111.0,0.40249999999999997,0.40249999999999997,False,False,False,3316,952,481,6322,184,18388,0,0,0,210152
validation_0392,2kr1b1r/1pp1qppp/p1p2n2/8/4P1b1/2NP1N2/PPP2PPP/R1BQ1RK1 b - -,high_material_24_32+capture_rich,training/data/samples/lichess_validation_250k.csv,baseline,3,h7h5,-72,4259,5077,0.22923519898904487,0.28549554498749785,6,True,20.007888520980487,h7h6,-59,-170,-59,-170,0.4265,0.024,111.0,111.0,0.40249999999999997,0.40249999999999997,False,False,False,3316,952,481,6322,184,18388,0,0,0,210152
validation_0392,2kr1b1r/1pp1qppp/p1p2n2/8/4P1b1/2NP1N2/PPP2PPP/R1BQ1RK1 b - -,high_material_24_32+capture_rich,training/data/samples/lichess_validation_250k.csv,baseline,4,h8g8,-28,16581,21658,1.0563701369974297,1.3418671819963492,6,True,20.007888520980487,h7h6,-59,-84,-59,-84,0.4265,0.3325,25.0,25.0,0.09399999999999997,0.09399999999999997,False,False,False,3316,952,481,6322,184,18388,0,0,0,210152
validation_0392,2kr1b1r/1pp1qppp/p1p2n2/8/4P1b1/2NP1N2/PPP2PPP/R1BQ1RK1 b - -,high_material_24_32+capture_rich,training/data/samples/lichess_validation_250k.csv,baseline,5,h7h5,-54,20336,41994,1.161208888021065,2.503077569999732,6,True,20.007888520980487,h7h6,-59,-170,-59,-170,0.4265,0.024,111.0,111.0,0.40249999999999997,0.40249999999999997,False,False,False,3316,952,481,6322,184,18388,0,0,0,210152
validation_0392,2kr1b1r/1pp1qppp/p1p2n2/8/4P1b1/2NP1N2/PPP2PPP/R1BQ1RK1 b - -,high_material_24_32+capture_rich,training/data/samples/lichess_validation_250k.csv,baseline,6,h7h5,-54,112445,154439,6.500608514994383,9.003687784977956,6,True,20.007888520980487,h7h6,-59,-170,-59,-170,0.4265,0.024,111.0,111.0,0.40249999999999997,0.40249999999999997,False,False,False,3316,952,481,6322,184,18388,0,0,0,210152
validation_0392,2kr1b1r/1pp1qppp/p1p2n2/8/4P1b1/2NP1N2/PPP2PPP/R1BQ1RK1 b - -,high_material_24_32+capture_rich,training/data/samples/lichess_validation_250k.csv,no_null,1,h7h5,-71,120,120,0.006560365000041202,0.006561465008417144,6,True,20.009967492020223,h7h6,-59,-170,-59,-170,0.4265,0.024,111.0,111.0,0.40249999999999997,0.40249999999999997,False,False,False,3010,0,0,5776,143,22100,0,0,0,208181
validation_0392,2kr1b1r/1pp1qppp/p1p2n2/8/4P1b1/2NP1N2/PPP2PPP/R1BQ1RK1 b - -,high_material_24_32+capture_rich,training/data/samples/lichess_validation_250k.csv,no_null,2,h7h5,-23,698,818,0.04946508599095978,0.056027751008514315,6,True,20.009967492020223,h7h6,-59,-170,-59,-170,0.4265,0.024,111.0,111.0,0.40249999999999997,0.40249999999999997,False,False,False,3010,0,0,5776,143,22100,0,0,0,208181
validation_0392,2kr1b1r/1pp1qppp/p1p2n2/8/4P1b1/2NP1N2/PPP2PPP/R1BQ1RK1 b - -,high_material_24_32+capture_rich,training/data/samples/lichess_validation_250k.csv,no_null,3,h7h5,-72,4259,5077,0.22851611499208957,0.2845454660127871,6,True,20.009967492020223,h7h6,-59,-170,-59,-170,0.4265,0.024,111.0,111.0,0.40249999999999997,0.40249999999999997,False,False,False,3010,0,0,5776,143,22100,0,0,0,208181
validation_0392,2kr1b1r/1pp1qppp/p1p2n2/8/4P1b1/2NP1N2/PPP2PPP/R1BQ1RK1 b - -,high_material_24_32+capture_rich,training/data/samples/lichess_validation_250k.csv,no_null,4,h8g8,-28,24746,29823,1.632272736984305,1.916819503006991,6,True,20.009967492020223,h7h6,-59,-84,-59,-84,0.4265,0.3325,25.0,25.0,0.09399999999999997,0.09399999999999997,False,False,False,3010,0,0,5776,143,22100,0,0,0,208181
validation_0392,2kr1b1r/1pp1qppp/p1p2n2/8/4P1b1/2NP1N2/PPP2PPP/R1BQ1RK1 b - -,high_material_24_32+capture_rich,training/data/samples/lichess_validation_250k.csv,no_null,5,h7h5,-54,28409,58232,1.6056472829950508,3.5224680860119406,6,True,20.009967492020223,h7h6,-59,-170,-59,-170,0.4265,0.024,111.0,111.0,0.40249999999999997,0.40249999999999997,False,False,False,3010,0,0,5776,143,22100,0,0,0,208181
validation_0392,2kr1b1r/1pp1qppp/p1p2n2/8/4P1b1/2NP1N2/PPP2PPP/R1BQ1RK1 b - -,high_material_24_32+capture_rich,training/data/samples/lichess_validation_250k.csv,no_null,6,e7c5,-29,147771,206003,8.63663500000257,12.159104586025933,6,True,20.009967492020223,h7h6,-59,-175,-59,-175,0.4265,0.02,116.0,116.0,0.4065,0.4065,False,False,False,3010,0,0,5776,143,22100,0,0,0,208181
validation_0392,2kr1b1r/1pp1qppp/p1p2n2/8/4P1b1/2NP1N2/PPP2PPP/R1BQ1RK1 b - -,high_material_24_32+capture_rich,training/data/samples/lichess_validation_250k.csv,null_safe,1,h7h5,-71,120,120,0.006665763008641079,0.0066670630185399204,6,True,20.019394883012865,h7h6,-59,-170,-59,-170,0.4265,0.024,111.0,111.0,0.40249999999999997,0.40249999999999997,False,False,False,2757,122,50,5060,164,18462,0,0,0,207775
validation_0392,2kr1b1r/1pp1qppp/p1p2n2/8/4P1b1/2NP1N2/PPP2PPP/R1BQ1RK1 b - -,high_material_24_32+capture_rich,training/data/samples/lichess_validation_250k.csv,null_safe,2,h7h5,-23,698,818,0.04892139698495157,0.05558966001262888,6,True,20.019394883012865,h7h6,-59,-170,-59,-170,0.4265,0.024,111.0,111.0,0.40249999999999997,0.40249999999999997,False,False,False,2757,122,50,5060,164,18462,0,0,0,207775
validation_0392,2kr1b1r/1pp1qppp/p1p2n2/8/4P1b1/2NP1N2/PPP2PPP/R1BQ1RK1 b - -,high_material_24_32+capture_rich,training/data/samples/lichess_validation_250k.csv,null_safe,3,h7h5,-72,4259,5077,0.22856441399198957,0.28415527401375584,6,True,20.019394883012865,h7h6,-59,-170,-59,-170,0.4265,0.024,111.0,111.0,0.40249999999999997,0.40249999999999997,False,False,False,2757,122,50,5060,164,18462,0,0,0,207775
validation_0392,2kr1b1r/1pp1qppp/p1p2n2/8/4P1b1/2NP1N2/PPP2PPP/R1BQ1RK1 b - -,high_material_24_32+capture_rich,training/data/samples/lichess_validation_250k.csv,null_safe,4,h8g8,-28,24746,29823,1.6302264779806137,1.9143830520042684,6,True,20.019394883012865,h7h6,-59,-84,-59,-84,0.4265,0.3325,25.0,25.0,0.09399999999999997,0.09399999999999997,False,False,False,2757,122,50,5060,164,18462,0,0,0,207775
validation_0392,2kr1b1r/1pp1qppp/p1p2n2/8/4P1b1/2NP1N2/PPP2PPP/R1BQ1RK1 b - -,high_material_24_32+capture_rich,training/data/samples/lichess_validation_250k.csv,null_safe,5,h7h5,-54,19805,49628,1.1303048290137667,3.0446894810011145,6,True,20.019394883012865,h7h6,-59,-170,-59,-170,0.4265,0.024,111.0,111.0,0.40249999999999997,0.40249999999999997,False,False,False,2757,122,50,5060,164,18462,0,0,0,207775
validation_0392,2kr1b1r/1pp1qppp/p1p2n2/8/4P1b1/2NP1N2/PPP2PPP/R1BQ1RK1 b - -,high_material_24_32+capture_rich,training/data/samples/lichess_validation_250k.csv,null_safe,6,e7c5,-29,131790,181418,7.968238866014872,11.01293004702893,6,True,20.019394883012865,h7h6,-59,-175,-59,-175,0.4265,0.02,116.0,116.0,0.4065,0.4065,False,False,False,2757,122,50,5060,164,18462,0,0,0,207775
validation_0392,2kr1b1r/1pp1qppp/p1p2n2/8/4P1b1/2NP1N2/PPP2PPP/R1BQ1RK1 b - -,high_material_24_32+capture_rich,training/data/samples/lichess_validation_250k.csv,no_lmr,1,h7h5,-71,120,120,0.00680196299799718,0.00680336300865747,6,True,20.004215669003315,h7h6,-59,-170,-59,-170,0.4265,0.024,111.0,111.0,0.40249999999999997,0.40249999999999997,False,False,False,2145,1163,703,0,0,39888,0,0,0,197092
validation_0392,2kr1b1r/1pp1qppp/p1p2n2/8/4P1b1/2NP1N2/PPP2PPP/R1BQ1RK1 b - -,high_material_24_32+capture_rich,training/data/samples/lichess_validation_250k.csv,no_lmr,2,h7h5,-23,698,818,0.049148406978929415,0.05595296999672428,6,True,20.004215669003315,h7h6,-59,-170,-59,-170,0.4265,0.024,111.0,111.0,0.40249999999999997,0.40249999999999997,False,False,False,2145,1163,703,0,0,39888,0,0,0,197092
validation_0392,2kr1b1r/1pp1qppp/p1p2n2/8/4P1b1/2NP1N2/PPP2PPP/R1BQ1RK1 b - -,high_material_24_32+capture_rich,training/data/samples/lichess_validation_250k.csv,no_lmr,3,h7h5,-72,4259,5077,0.22999585600337014,0.28595032601151615,6,True,20.004215669003315,h7h6,-59,-170,-59,-170,0.4265,0.024,111.0,111.0,0.40249999999999997,0.40249999999999997,False,False,False,2145,1163,703,0,0,39888,0,0,0,197092
validation_0392,2kr1b1r/1pp1qppp/p1p2n2/8/4P1b1/2NP1N2/PPP2PPP/R1BQ1RK1 b - -,high_material_24_32+capture_rich,training/data/samples/lichess_validation_250k.csv,no_lmr,4,h8g8,-28,16102,21179,1.0450211959832814,1.3309728220046964,6,True,20.004215669003315,h7h6,-59,-84,-59,-84,0.4265,0.3325,25.0,25.0,0.09399999999999997,0.09399999999999997,False,False,False,2145,1163,703,0,0,39888,0,0,0,197092
validation_0392,2kr1b1r/1pp1qppp/p1p2n2/8/4P1b1/2NP1N2/PPP2PPP/R1BQ1RK1 b - -,high_material_24_32+capture_rich,training/data/samples/lichess_validation_250k.csv,no_lmr,5,h7h5,-58,68161,89340,3.935134631989058,5.266108954005176,6,True,20.004215669003315,h7h6,-59,-170,-59,-170,0.4265,0.024,111.0,111.0,0.40249999999999997,0.40249999999999997,False,False,False,2145,1163,703,0,0,39888,0,0,0,197092
validation_0392,2kr1b1r/1pp1qppp/p1p2n2/8/4P1b1/2NP1N2/PPP2PPP/R1BQ1RK1 b - -,high_material_24_32+capture_rich,training/data/samples/lichess_validation_250k.csv,no_lmr,6,e7c5,-10,207534,296874,14.16236771500553,19.428478169022128,6,True,20.004215669003315,h7h6,-59,-175,-59,-175,0.4265,0.02,116.0,116.0,0.4065,0.4065,False,False,False,2145,1163,703,0,0,39888,0,0,0,197092
validation_0392,2kr1b1r/1pp1qppp/p1p2n2/8/4P1b1/2NP1N2/PPP2PPP/R1BQ1RK1 b - -,high_material_24_32+capture_rich,training/data/samples/lichess_validation_250k.csv,lmr_safe,1,h7h5,-71,120,120,0.006644564011367038,0.006645863992162049,6,True,20.000327952991938,h7h6,-59,-170,-59,-170,0.4265,0.024,111.0,111.0,0.40249999999999997,0.40249999999999997,False,False,False,2317,689,304,1984,13,40630,0,0,0,206903
validation_0392,2kr1b1r/1pp1qppp/p1p2n2/8/4P1b1/2NP1N2/PPP2PPP/R1BQ1RK1 b - -,high_material_24_32+capture_rich,training/data/samples/lichess_validation_250k.csv,lmr_safe,2,h7h5,-23,698,818,0.049309588997857645,0.05595655299839564,6,True,20.000327952991938,h7h6,-59,-170,-59,-170,0.4265,0.024,111.0,111.0,0.40249999999999997,0.40249999999999997,False,False,False,2317,689,304,1984,13,40630,0,0,0,206903
validation_0392,2kr1b1r/1pp1qppp/p1p2n2/8/4P1b1/2NP1N2/PPP2PPP/R1BQ1RK1 b - -,high_material_24_32+capture_rich,training/data/samples/lichess_validation_250k.csv,lmr_safe,3,h7h5,-72,4259,5077,0.22868681300315075,0.28464456598157994,6,True,20.000327952991938,h7h6,-59,-170,-59,-170,0.4265,0.024,111.0,111.0,0.40249999999999997,0.40249999999999997,False,False,False,2317,689,304,1984,13,40630,0,0,0,206903
validation_0392,2kr1b1r/1pp1qppp/p1p2n2/8/4P1b1/2NP1N2/PPP2PPP/R1BQ1RK1 b - -,high_material_24_32+capture_rich,training/data/samples/lichess_validation_250k.csv,lmr_safe,4,h8g8,-28,16102,21179,1.0481284190027509,1.332774584996514,6,True,20.000327952991938,h7h6,-59,-84,-59,-84,0.4265,0.3325,25.0,25.0,0.09399999999999997,0.09399999999999997,False,False,False,2317,689,304,1984,13,40630,0,0,0,206903
validation_0392,2kr1b1r/1pp1qppp/p1p2n2/8/4P1b1/2NP1N2/PPP2PPP/R1BQ1RK1 b - -,high_material_24_32+capture_rich,training/data/samples/lichess_validation_250k.csv,lmr_safe,5,h7h5,-58,41857,63036,2.1344308289990295,3.4672071139793843,6,True,20.000327952991938,h7h6,-59,-170,-59,-170,0.4265,0.024,111.0,111.0,0.40249999999999997,0.40249999999999997,False,False,False,2317,689,304,1984,13,40630,0,0,0,206903
validation_0392,2kr1b1r/1pp1qppp/p1p2n2/8/4P1b1/2NP1N2/PPP2PPP/R1BQ1RK1 b - -,high_material_24_32+capture_rich,training/data/samples/lichess_validation_250k.csv,lmr_safe,6,h7h5,-54,94958,157994,5.709698485996341,9.17690729998867,6,True,20.000327952991938,h7h6,-59,-170,-59,-170,0.4265,0.024,111.0,111.0,0.40249999999999997,0.40249999999999997,False,False,False,2317,689,304,1984,13,40630,0,0,0,206903
validation_0392,2kr1b1r/1pp1qppp/p1p2n2/8/4P1b1/2NP1N2/PPP2PPP/R1BQ1RK1 b - -,high_material_24_32+capture_rich,training/data/samples/lichess_validation_250k.csv,no_futility,1,h7h5,-71,120,120,0.006763598008546978,0.0067649979901034385,6,True,20.00982397198095,h7h6,-59,-170,-59,-170,0.4265,0.024,111.0,111.0,0.40249999999999997,0.40249999999999997,False,False,False,2884,775,335,5799,183,0,0,0,0,220282
validation_0392,2kr1b1r/1pp1qppp/p1p2n2/8/4P1b1/2NP1N2/PPP2PPP/R1BQ1RK1 b - -,high_material_24_32+capture_rich,training/data/samples/lichess_validation_250k.csv,no_futility,2,h7h5,-23,698,818,0.04959404899273068,0.05636024699197151,6,True,20.00982397198095,h7h6,-59,-170,-59,-170,0.4265,0.024,111.0,111.0,0.40249999999999997,0.40249999999999997,False,False,False,2884,775,335,5799,183,0,0,0,0,220282
validation_0392,2kr1b1r/1pp1qppp/p1p2n2/8/4P1b1/2NP1N2/PPP2PPP/R1BQ1RK1 b - -,high_material_24_32+capture_rich,training/data/samples/lichess_validation_250k.csv,no_futility,3,h7h5,-72,4517,5335,0.23444835399277508,0.290809800993884,6,True,20.00982397198095,h7h6,-59,-170,-59,-170,0.4265,0.024,111.0,111.0,0.40249999999999997,0.40249999999999997,False,False,False,2884,775,335,5799,183,0,0,0,0,220282
validation_0392,2kr1b1r/1pp1qppp/p1p2n2/8/4P1b1/2NP1N2/PPP2PPP/R1BQ1RK1 b - -,high_material_24_32+capture_rich,training/data/samples/lichess_validation_250k.csv,no_futility,4,h8g8,-28,16581,21916,1.0318772899918258,1.3226887909986544,6,True,20.00982397198095,h7h6,-59,-84,-59,-84,0.4265,0.3325,25.0,25.0,0.09399999999999997,0.09399999999999997,False,False,False,2884,775,335,5799,183,0,0,0,0,220282
validation_0392,2kr1b1r/1pp1qppp/p1p2n2/8/4P1b1/2NP1N2/PPP2PPP/R1BQ1RK1 b - -,high_material_24_32+capture_rich,training/data/samples/lichess_validation_250k.csv,no_futility,5,h7h5,-54,22682,44598,1.236228599009337,2.5589188899903093,6,True,20.00982397198095,h7h6,-59,-170,-59,-170,0.4265,0.024,111.0,111.0,0.40249999999999997,0.40249999999999997,False,False,False,2884,775,335,5799,183,0,0,0,0,220282
validation_0392,2kr1b1r/1pp1qppp/p1p2n2/8/4P1b1/2NP1N2/PPP2PPP/R1BQ1RK1 b - -,high_material_24_32+capture_rich,training/data/samples/lichess_validation_250k.csv,no_futility,6,h7h5,-54,133635,178233,7.023655045981286,9.582575435983017,6,True,20.00982397198095,h7h6,-59,-170,-59,-170,0.4265,0.024,111.0,111.0,0.40249999999999997,0.40249999999999997,False,False,False,2884,775,335,5799,183,0,0,0,0,220282
validation_0392,2kr1b1r/1pp1qppp/p1p2n2/8/4P1b1/2NP1N2/PPP2PPP/R1BQ1RK1 b - -,high_material_24_32+capture_rich,training/data/samples/lichess_validation_250k.csv,capture_material_order,1,h7h5,-71,120,120,0.006703705992549658,0.00670490600168705,6,True,20.006883989000926,h7h6,-59,-170,-59,-170,0.4265,0.024,111.0,111.0,0.40249999999999997,0.40249999999999997,False,False,False,2949,938,418,6810,152,23347,0,0,153842,202648
validation_0392,2kr1b1r/1pp1qppp/p1p2n2/8/4P1b1/2NP1N2/PPP2PPP/R1BQ1RK1 b - -,high_material_24_32+capture_rich,training/data/samples/lichess_validation_250k.csv,capture_material_order,2,h7h5,-23,692,812,0.04901451099431142,0.055720417003612965,6,True,20.006883989000926,h7h6,-59,-170,-59,-170,0.4265,0.024,111.0,111.0,0.40249999999999997,0.40249999999999997,False,False,False,2949,938,418,6810,152,23347,0,0,153842,202648
validation_0392,2kr1b1r/1pp1qppp/p1p2n2/8/4P1b1/2NP1N2/PPP2PPP/R1BQ1RK1 b - -,high_material_24_32+capture_rich,training/data/samples/lichess_validation_250k.csv,capture_material_order,3,h7h5,-72,3844,4656,0.1960655449947808,0.25178716200753115,6,True,20.006883989000926,h7h6,-59,-170,-59,-170,0.4265,0.024,111.0,111.0,0.40249999999999997,0.40249999999999997,False,False,False,2949,938,418,6810,152,23347,0,0,153842,202648
validation_0392,2kr1b1r/1pp1qppp/p1p2n2/8/4P1b1/2NP1N2/PPP2PPP/R1BQ1RK1 b - -,high_material_24_32+capture_rich,training/data/samples/lichess_validation_250k.csv,capture_material_order,4,h8g8,-28,15616,20272,1.007149051001761,1.258937713020714,6,True,20.006883989000926,h7h6,-59,-84,-59,-84,0.4265,0.3325,25.0,25.0,0.09399999999999997,0.09399999999999997,False,False,False,2949,938,418,6810,152,23347,0,0,153842,202648
validation_0392,2kr1b1r/1pp1qppp/p1p2n2/8/4P1b1/2NP1N2/PPP2PPP/R1BQ1RK1 b - -,high_material_24_32+capture_rich,training/data/samples/lichess_validation_250k.csv,capture_material_order,5,h7h5,-54,24457,44729,1.3518639000249095,2.610803212999599,6,True,20.006883989000926,h7h6,-59,-170,-59,-170,0.4265,0.024,111.0,111.0,0.40249999999999997,0.40249999999999997,False,False,False,2949,938,418,6810,152,23347,0,0,153842,202648
validation_0392,2kr1b1r/1pp1qppp/p1p2n2/8/4P1b1/2NP1N2/PPP2PPP/R1BQ1RK1 b - -,high_material_24_32+capture_rich,training/data/samples/lichess_validation_250k.csv,capture_material_order,6,e7c5,-10,126497,171226,7.869098218012368,10.479903331026435,6,True,20.006883989000926,h7h6,-59,-175,-59,-175,0.4265,0.02,116.0,116.0,0.4065,0.4065,False,False,False,2949,938,418,6810,152,23347,0,0,153842,202648
validation_0392,2kr1b1r/1pp1qppp/p1p2n2/8/4P1b1/2NP1N2/PPP2PPP/R1BQ1RK1 b - -,high_material_24_32+capture_rich,training/data/samples/lichess_validation_250k.csv,no_aspiration,1,h7h5,-71,120,120,0.006839304987806827,0.006840604997705668,6,True,20.016252127999905,h7h6,-59,-170,-59,-170,0.4265,0.024,111.0,111.0,0.40249999999999997,0.40249999999999997,False,False,False,3023,827,372,6019,187,20100,0,0,0,210940
validation_0392,2kr1b1r/1pp1qppp/p1p2n2/8/4P1b1/2NP1N2/PPP2PPP/R1BQ1RK1 b - -,high_material_24_32+capture_rich,training/data/samples/lichess_validation_250k.csv,no_aspiration,2,h7h5,-23,698,818,0.04951941399485804,0.05636131900246255,6,True,20.016252127999905,h7h6,-59,-170,-59,-170,0.4265,0.024,111.0,111.0,0.40249999999999997,0.40249999999999997,False,False,False,3023,827,372,6019,187,20100,0,0,0,210940
validation_0392,2kr1b1r/1pp1qppp/p1p2n2/8/4P1b1/2NP1N2/PPP2PPP/R1BQ1RK1 b - -,high_material_24_32+capture_rich,training/data/samples/lichess_validation_250k.csv,no_aspiration,3,h7h5,-72,4259,5077,0.2297042199934367,0.28606673900503665,6,True,20.016252127999905,h7h6,-59,-170,-59,-170,0.4265,0.024,111.0,111.0,0.40249999999999997,0.40249999999999997,False,False,False,3023,827,372,6019,187,20100,0,0,0,210940
validation_0392,2kr1b1r/1pp1qppp/p1p2n2/8/4P1b1/2NP1N2/PPP2PPP/R1BQ1RK1 b - -,high_material_24_32+capture_rich,training/data/samples/lichess_validation_250k.csv,no_aspiration,4,h8g8,-28,17364,22441,1.1191869030008093,1.405255242018029,6,True,20.016252127999905,h7h6,-59,-84,-59,-84,0.4265,0.3325,25.0,25.0,0.09399999999999997,0.09399999999999997,False,False,False,3023,827,372,6019,187,20100,0,0,0,210940
validation_0392,2kr1b1r/1pp1qppp/p1p2n2/8/4P1b1/2NP1N2/PPP2PPP/R1BQ1RK1 b - -,high_material_24_32+capture_rich,training/data/samples/lichess_validation_250k.csv,no_aspiration,5,h7h5,-54,19834,42275,1.11496296201949,2.520219504018314,6,True,20.016252127999905,h7h6,-59,-170,-59,-170,0.4265,0.024,111.0,111.0,0.40249999999999997,0.40249999999999997,False,False,False,3023,827,372,6019,187,20100,0,0,0,210940
validation_0392,2kr1b1r/1pp1qppp/p1p2n2/8/4P1b1/2NP1N2/PPP2PPP/R1BQ1RK1 b - -,high_material_24_32+capture_rich,training/data/samples/lichess_validation_250k.csv,no_aspiration,6,h7h5,-54,112410,154685,6.420660111005418,8.940881215006812,6,True,20.016252127999905,h7h6,-59,-170,-59,-170,0.4265,0.024,111.0,111.0,0.40249999999999997,0.40249999999999997,False,False,False,3023,827,372,6019,187,20100,0,0,0,210940
validation_0392,2kr1b1r/1pp1qppp/p1p2n2/8/4P1b1/2NP1N2/PPP2PPP/R1BQ1RK1 b - -,high_material_24_32+capture_rich,training/data/samples/lichess_validation_250k.csv,no_pvs,1,h7h5,-71,112,112,0.006586807023268193,0.006587907002540305,6,True,20.018317880982067,h7h6,-59,-170,-59,-170,0.4265,0.024,111.0,111.0,0.40249999999999997,0.40249999999999997,False,False,False,2449,727,350,5319,171,16503,0,0,0,208758
validation_0392,2kr1b1r/1pp1qppp/p1p2n2/8/4P1b1/2NP1N2/PPP2PPP/R1BQ1RK1 b - -,high_material_24_32+capture_rich,training/data/samples/lichess_validation_250k.csv,no_pvs,2,h7h5,-23,775,887,0.0580228780163452,0.06461178499739617,6,True,20.018317880982067,h7h6,-59,-170,-59,-170,0.4265,0.024,111.0,111.0,0.40249999999999997,0.40249999999999997,False,False,False,2449,727,350,5319,171,16503,0,0,0,208758
validation_0392,2kr1b1r/1pp1qppp/p1p2n2/8/4P1b1/2NP1N2/PPP2PPP/R1BQ1RK1 b - -,high_material_24_32+capture_rich,training/data/samples/lichess_validation_250k.csv,no_pvs,3,h7h5,-72,4707,5594,0.24907537098624744,0.313688355992781,6,True,20.018317880982067,h7h6,-59,-170,-59,-170,0.4265,0.024,111.0,111.0,0.40249999999999997,0.40249999999999997,False,False,False,2449,727,350,5319,171,16503,0,0,0,208758
validation_0392,2kr1b1r/1pp1qppp/p1p2n2/8/4P1b1/2NP1N2/PPP2PPP/R1BQ1RK1 b - -,high_material_24_32+capture_rich,training/data/samples/lichess_validation_250k.csv,no_pvs,4,h8g8,-28,13905,19499,0.9291033379849978,1.2427931939892005,6,True,20.018317880982067,h7h6,-59,-84,-59,-84,0.4265,0.3325,25.0,25.0,0.09399999999999997,0.09399999999999997,False,False,False,2449,727,350,5319,171,16503,0,0,0,208758
validation_0392,2kr1b1r/1pp1qppp/p1p2n2/8/4P1b1/2NP1N2/PPP2PPP/R1BQ1RK1 b - -,high_material_24_32+capture_rich,training/data/samples/lichess_validation_250k.csv,no_pvs,5,h7h5,-58,32324,51823,1.853387760987971,3.096182354987832,6,True,20.018317880982067,h7h6,-59,-170,-59,-170,0.4265,0.024,111.0,111.0,0.40249999999999997,0.40249999999999997,False,False,False,2449,727,350,5319,171,16503,0,0,0,208758
validation_0392,2kr1b1r/1pp1qppp/p1p2n2/8/4P1b1/2NP1N2/PPP2PPP/R1BQ1RK1 b - -,high_material_24_32+capture_rich,training/data/samples/lichess_validation_250k.csv,no_pvs,6,h7h5,-54,111914,163737,6.553704091988038,9.649888146988815,6,True,20.018317880982067,h7h6,-59,-170,-59,-170,0.4265,0.024,111.0,111.0,0.40249999999999997,0.40249999999999997,False,False,False,2449,727,350,5319,171,16503,0,0,0,208758
validation_0392,2kr1b1r/1pp1qppp/p1p2n2/8/4P1b1/2NP1N2/PPP2PPP/R1BQ1RK1 b - -,high_material_24_32+capture_rich,training/data/samples/lichess_validation_250k.csv,no_null_no_lmr,1,h7h5,-71,120,120,0.006651906995102763,0.006653006974374875,5,True,20.015434899978573,h7h6,-59,-170,-59,-170,0.4265,0.024,111.0,111.0,0.40249999999999997,0.40249999999999997,False,False,False,2263,0,0,0,0,30821,0,0,0,197971
validation_0392,2kr1b1r/1pp1qppp/p1p2n2/8/4P1b1/2NP1N2/PPP2PPP/R1BQ1RK1 b - -,high_material_24_32+capture_rich,training/data/samples/lichess_validation_250k.csv,no_null_no_lmr,2,h7h5,-23,698,818,0.04918800899758935,0.05584211598034017,5,True,20.015434899978573,h7h6,-59,-170,-59,-170,0.4265,0.024,111.0,111.0,0.40249999999999997,0.40249999999999997,False,False,False,2263,0,0,0,0,30821,0,0,0,197971
validation_0392,2kr1b1r/1pp1qppp/p1p2n2/8/4P1b1/2NP1N2/PPP2PPP/R1BQ1RK1 b - -,high_material_24_32+capture_rich,training/data/samples/lichess_validation_250k.csv,no_null_no_lmr,3,h7h5,-72,4259,5077,0.22832509499858133,0.284168210986536,5,True,20.015434899978573,h7h6,-59,-170,-59,-170,0.4265,0.024,111.0,111.0,0.40249999999999997,0.40249999999999997,False,False,False,2263,0,0,0,0,30821,0,0,0,197971
validation_0392,2kr1b1r/1pp1qppp/p1p2n2/8/4P1b1/2NP1N2/PPP2PPP/R1BQ1RK1 b - -,high_material_24_32+capture_rich,training/data/samples/lichess_validation_250k.csv,no_null_no_lmr,4,h8g8,-28,24195,29272,1.6116208729799837,1.8957906839787029,5,True,20.015434899978573,h7h6,-59,-84,-59,-84,0.4265,0.3325,25.0,25.0,0.09399999999999997,0.09399999999999997,False,False,False,2263,0,0,0,0,30821,0,0,0,197971
validation_0392,2kr1b1r/1pp1qppp/p1p2n2/8/4P1b1/2NP1N2/PPP2PPP/R1BQ1RK1 b - -,high_material_24_32+capture_rich,training/data/samples/lichess_validation_250k.csv,no_null_no_lmr,5,h7h5,-58,113679,142951,6.171046317991568,8.066838601982454,5,True,20.015434899978573,h7h6,-59,-170,-59,-170,0.4265,0.024,111.0,111.0,0.40249999999999997,0.40249999999999997,False,False,False,2263,0,0,0,0,30821,0,0,0,197971
validation_0392,2kr1b1r/1pp1qppp/p1p2n2/8/4P1b1/2NP1N2/PPP2PPP/R1BQ1RK1 b - -,high_material_24_32+capture_rich,training/data/samples/lichess_validation_250k.csv,no_null_no_futility,1,h7h5,-71,120,120,0.006570507015567273,0.006571807025466114,6,True,20.015489793004235,h7h6,-59,-170,-59,-170,0.4265,0.024,111.0,111.0,0.40249999999999997,0.40249999999999997,False,False,False,2747,0,0,5495,126,0,0,0,0,220487
validation_0392,2kr1b1r/1pp1qppp/p1p2n2/8/4P1b1/2NP1N2/PPP2PPP/R1BQ1RK1 b - -,high_material_24_32+capture_rich,training/data/samples/lichess_validation_250k.csv,no_null_no_futility,2,h7h5,-23,698,818,0.048491415014723316,0.05506462202174589,6,True,20.015489793004235,h7h6,-59,-170,-59,-170,0.4265,0.024,111.0,111.0,0.40249999999999997,0.40249999999999997,False,False,False,2747,0,0,5495,126,0,0,0,0,220487
validation_0392,2kr1b1r/1pp1qppp/p1p2n2/8/4P1b1/2NP1N2/PPP2PPP/R1BQ1RK1 b - -,high_material_24_32+capture_rich,training/data/samples/lichess_validation_250k.csv,no_null_no_futility,3,h7h5,-72,4517,5335,0.23427649002405815,0.28934241202659905,6,True,20.015489793004235,h7h6,-59,-170,-59,-170,0.4265,0.024,111.0,111.0,0.40249999999999997,0.40249999999999997,False,False,False,2747,0,0,5495,126,0,0,0,0,220487
validation_0392,2kr1b1r/1pp1qppp/p1p2n2/8/4P1b1/2NP1N2/PPP2PPP/R1BQ1RK1 b - -,high_material_24_32+capture_rich,training/data/samples/lichess_validation_250k.csv,no_null_no_futility,4,h8g8,-28,24746,30081,1.5922564050124492,1.8816003170213662,6,True,20.015489793004235,h7h6,-59,-84,-59,-84,0.4265,0.3325,25.0,25.0,0.09399999999999997,0.09399999999999997,False,False,False,2747,0,0,5495,126,0,0,0,0,220487
validation_0392,2kr1b1r/1pp1qppp/p1p2n2/8/4P1b1/2NP1N2/PPP2PPP/R1BQ1RK1 b - -,high_material_24_32+capture_rich,training/data/samples/lichess_validation_250k.csv,no_null_no_futility,5,h7h5,-54,33493,63574,1.7594335210160352,3.641035438020481,6,True,20.015489793004235,h7h6,-59,-170,-59,-170,0.4265,0.024,111.0,111.0,0.40249999999999997,0.40249999999999997,False,False,False,2747,0,0,5495,126,0,0,0,0,220487
validation_0392,2kr1b1r/1pp1qppp/p1p2n2/8/4P1b1/2NP1N2/PPP2PPP/R1BQ1RK1 b - -,high_material_24_32+capture_rich,training/data/samples/lichess_validation_250k.csv,no_null_no_futility,6,e7c5,-29,179593,243167,9.496782875008648,13.137820113013731,6,True,20.015489793004235,h7h6,-59,-175,-59,-175,0.4265,0.02,116.0,116.0,0.4065,0.4065,False,False,False,2747,0,0,5495,126,0,0,0,0,220487
validation_0392,2kr1b1r/1pp1qppp/p1p2n2/8/4P1b1/2NP1N2/PPP2PPP/R1BQ1RK1 b - -,high_material_24_32+capture_rich,training/data/samples/lichess_validation_250k.csv,no_lmr_no_futility,1,h7h5,-71,120,120,0.006677906989352778,0.00667900699772872,5,True,20.000174146989593,h7h6,-59,-170,-59,-170,0.4265,0.024,111.0,111.0,0.40249999999999997,0.40249999999999997,False,False,False,1356,1028,613,0,0,0,0,0,0,212821
validation_0392,2kr1b1r/1pp1qppp/p1p2n2/8/4P1b1/2NP1N2/PPP2PPP/R1BQ1RK1 b - -,high_material_24_32+capture_rich,training/data/samples/lichess_validation_250k.csv,no_lmr_no_futility,2,h7h5,-23,698,818,0.04806642601033673,0.05474683298962191,5,True,20.000174146989593,h7h6,-59,-170,-59,-170,0.4265,0.024,111.0,111.0,0.40249999999999997,0.40249999999999997,False,False,False,1356,1028,613,0,0,0,0,0,0,212821
validation_0392,2kr1b1r/1pp1qppp/p1p2n2/8/4P1b1/2NP1N2/PPP2PPP/R1BQ1RK1 b - -,high_material_24_32+capture_rich,training/data/samples/lichess_validation_250k.csv,no_lmr_no_futility,3,h7h5,-72,4517,5335,0.23409362099482678,0.2888416539935861,5,True,20.000174146989593,h7h6,-59,-170,-59,-170,0.4265,0.024,111.0,111.0,0.40249999999999997,0.40249999999999997,False,False,False,1356,1028,613,0,0,0,0,0,0,212821
validation_0392,2kr1b1r/1pp1qppp/p1p2n2/8/4P1b1/2NP1N2/PPP2PPP/R1BQ1RK1 b - -,high_material_24_32+capture_rich,training/data/samples/lichess_validation_250k.csv,no_lmr_no_futility,4,h8g8,-28,16518,21853,1.026635718997568,1.3154787730018143,5,True,20.000174146989593,h7h6,-59,-84,-59,-84,0.4265,0.3325,25.0,25.0,0.09399999999999997,0.09399999999999997,False,False,False,1356,1028,613,0,0,0,0,0,0,212821
validation_0392,2kr1b1r/1pp1qppp/p1p2n2/8/4P1b1/2NP1N2/PPP2PPP/R1BQ1RK1 b - -,high_material_24_32+capture_rich,training/data/samples/lichess_validation_250k.csv,no_lmr_no_futility,5,h7h5,-58,83253,105106,4.403060520999134,5.718540894013131,5,True,20.000174146989593,h7h6,-59,-170,-59,-170,0.4265,0.024,111.0,111.0,0.40249999999999997,0.40249999999999997,False,False,False,1356,1028,613,0,0,0,0,0,0,212821
validation_0392,2kr1b1r/1pp1qppp/p1p2n2/8/4P1b1/2NP1N2/PPP2PPP/R1BQ1RK1 b - -,high_material_24_32+capture_rich,training/data/samples/lichess_validation_250k.csv,no_selectivity,1,h7h5,-71,120,120,0.006858403008664027,0.006859803019324318,5,True,20.007944726006826,h7h6,-59,-170,-59,-170,0.4265,0.024,111.0,111.0,0.40249999999999997,0.40249999999999997,False,False,False,2118,0,0,0,0,0,0,0,0,213622
validation_0392,2kr1b1r/1pp1qppp/p1p2n2/8/4P1b1/2NP1N2/PPP2PPP/R1BQ1RK1 b - -,high_material_24_32+capture_rich,training/data/samples/lichess_validation_250k.csv,no_selectivity,2,h7h5,-23,698,818,0.048829111008672044,0.05569021400879137,5,True,20.007944726006826,h7h6,-59,-170,-59,-170,0.4265,0.024,111.0,111.0,0.40249999999999997,0.40249999999999997,False,False,False,2118,0,0,0,0,0,0,0,0,213622
validation_0392,2kr1b1r/1pp1qppp/p1p2n2/8/4P1b1/2NP1N2/PPP2PPP/R1BQ1RK1 b - -,high_material_24_32+capture_rich,training/data/samples/lichess_validation_250k.csv,no_selectivity,3,h7h5,-72,4517,5335,0.2333373040019069,0.2890288180205971,5,True,20.007944726006826,h7h6,-59,-170,-59,-170,0.4265,0.024,111.0,111.0,0.40249999999999997,0.40249999999999997,False,False,False,2118,0,0,0,0,0,0,0,0,213622
validation_0392,2kr1b1r/1pp1qppp/p1p2n2/8/4P1b1/2NP1N2/PPP2PPP/R1BQ1RK1 b - -,high_material_24_32+capture_rich,training/data/samples/lichess_validation_250k.csv,no_selectivity,4,h8g8,-28,24657,29992,1.5789326039957814,1.8679629219986964,5,True,20.007944726006826,h7h6,-59,-84,-59,-84,0.4265,0.3325,25.0,25.0,0.09399999999999997,0.09399999999999997,False,False,False,2118,0,0,0,0,0,0,0,0,213622
validation_0392,2kr1b1r/1pp1qppp/p1p2n2/8/4P1b1/2NP1N2/PPP2PPP/R1BQ1RK1 b - -,high_material_24_32+capture_rich,training/data/samples/lichess_validation_250k.csv,no_selectivity,5,h7h5,-58,145759,175751,7.165914106008131,9.033878728019772,5,True,20.007944726006826,h7h6,-59,-170,-59,-170,0.4265,0.024,111.0,111.0,0.40249999999999997,0.40249999999999997,False,False,False,2118,0,0,0,0,0,0,0,0,213622
pgn_nn_vs_stockfish_2000_g9_p45,r1k4r/2pn2bp/b1p3q1/N4pB1/PP2p3/2P2N1Q/5PPP/R3R1K1 w - - 0 23,high_material_24_32+capture_rich,/home/rohanhs568/code/aichessathon-starter/nn_vs_stockfish_2000.pgn,baseline,1,a1d1,255,309,309,0.019166429992765188,0.01916783000342548,6,True,20.00748261300032,g5f4,+116,+31,116,31,0.8405,0.5185,85.0,85.0,0.32200000000000006,0.32200000000000006,False,False,True,2712,1392,798,7238,65,35079,0,0,0,210112
pgn_nn_vs_stockfish_2000_g9_p45,r1k4r/2pn2bp/b1p3q1/N4pB1/PP2p3/2P2N1Q/5PPP/R3R1K1 w - - 0 23,high_material_24_32+capture_rich,/home/rohanhs568/code/aichessathon-starter/nn_vs_stockfish_2000.pgn,baseline,2,a1d1,262,533,842,0.03542940199258737,0.054598432005150244,6,True,20.00748261300032,g5f4,+116,+31,116,31,0.8405,0.5185,85.0,85.0,0.32200000000000006,0.32200000000000006,False,False,True,2712,1392,798,7238,65,35079,0,0,0,210112
pgn_nn_vs_stockfish_2000_g9_p45,r1k4r/2pn2bp/b1p3q1/N4pB1/PP2p3/2P2N1Q/5PPP/R3R1K1 w - - 0 23,high_material_24_32+capture_rich,/home/rohanhs568/code/aichessathon-starter/nn_vs_stockfish_2000.pgn,baseline,3,a1d1,250,3065,3907,0.15001218899851665,0.20461172101204284,6,True,20.00748261300032,g5f4,+116,+31,116,31,0.8405,0.5185,85.0,85.0,0.32200000000000006,0.32200000000000006,False,False,True,2712,1392,798,7238,65,35079,0,0,0,210112
pgn_nn_vs_stockfish_2000_g9_p45,r1k4r/2pn2bp/b1p3q1/N4pB1/PP2p3/2P2N1Q/5PPP/R3R1K1 w - - 0 23,high_material_24_32+capture_rich,/home/rohanhs568/code/aichessathon-starter/nn_vs_stockfish_2000.pgn,baseline,4,a1d1,250,9246,13153,0.6834775820025243,0.888090603024466,6,True,20.00748261300032,g5f4,+116,+31,116,31,0.8405,0.5185,85.0,85.0,0.32200000000000006,0.32200000000000006,False,False,True,2712,1392,798,7238,65,35079,0,0,0,210112
pgn_nn_vs_stockfish_2000_g9_p45,r1k4r/2pn2bp/b1p3q1/N4pB1/PP2p3/2P2N1Q/5PPP/R3R1K1 w - - 0 23,high_material_24_32+capture_rich,/home/rohanhs568/code/aichessathon-starter/nn_vs_stockfish_2000.pgn,baseline,5,a1d1,212,15504,28657,0.8203420370118693,1.7084341400186531,6,True,20.00748261300032,g5f4,+116,+31,116,31,0.8405,0.5185,85.0,85.0,0.32200000000000006,0.32200000000000006,False,False,True,2712,1392,798,7238,65,35079,0,0,0,210112
pgn_nn_vs_stockfish_2000_g9_p45,r1k4r/2pn2bp/b1p3q1/N4pB1/PP2p3/2P2N1Q/5PPP/R3R1K1 w - - 0 23,high_material_24_32+capture_rich,/home/rohanhs568/code/aichessathon-starter/nn_vs_stockfish_2000.pgn,baseline,6,b4b5,196,98019,126676,6.046865181007888,7.755300921009621,6,True,20.00748261300032,g5f4,+116,0,116,0,0.8405,0.5,116.0,116.0,0.3405,0.3405,False,False,True,2712,1392,798,7238,65,35079,0,0,0,210112
pgn_nn_vs_stockfish_2000_g9_p45,r1k4r/2pn2bp/b1p3q1/N4pB1/PP2p3/2P2N1Q/5PPP/R3R1K1 w - - 0 23,high_material_24_32+capture_rich,/home/rohanhs568/code/aichessathon-starter/nn_vs_stockfish_2000.pgn,no_null,1,a1d1,255,309,309,0.018976132007082924,0.018977332016220316,6,True,20.003548300010152,g5f4,+116,+31,116,31,0.8405,0.5185,85.0,85.0,0.32200000000000006,0.32200000000000006,False,False,True,4456,0,0,6578,54,32147,0,0,0,201604
pgn_nn_vs_stockfish_2000_g9_p45,r1k4r/2pn2bp/b1p3q1/N4pB1/PP2p3/2P2N1Q/5PPP/R3R1K1 w - - 0 23,high_material_24_32+capture_rich,/home/rohanhs568/code/aichessathon-starter/nn_vs_stockfish_2000.pgn,no_null,2,a1d1,262,533,842,0.0351889030134771,0.05416743500973098,6,True,20.003548300010152,g5f4,+116,+31,116,31,0.8405,0.5185,85.0,85.0,0.32200000000000006,0.32200000000000006,False,False,True,4456,0,0,6578,54,32147,0,0,0,201604
pgn_nn_vs_stockfish_2000_g9_p45,r1k4r/2pn2bp/b1p3q1/N4pB1/PP2p3/2P2N1Q/5PPP/R3R1K1 w - - 0 23,high_material_24_32+capture_rich,/home/rohanhs568/code/aichessathon-starter/nn_vs_stockfish_2000.pgn,no_null,3,a1d1,250,3065,3907,0.14982948498800397,0.20399812000687234,6,True,20.003548300010152,g5f4,+116,+31,116,31,0.8405,0.5185,85.0,85.0,0.32200000000000006,0.32200000000000006,False,False,True,4456,0,0,6578,54,32147,0,0,0,201604
pgn_nn_vs_stockfish_2000_g9_p45,r1k4r/2pn2bp/b1p3q1/N4pB1/PP2p3/2P2N1Q/5PPP/R3R1K1 w - - 0 23,high_material_24_32+capture_rich,/home/rohanhs568/code/aichessathon-starter/nn_vs_stockfish_2000.pgn,no_null,4,a1d1,250,11484,15391,0.8403477359970566,1.0443475560168736,6,True,20.003548300010152,g5f4,+116,+31,116,31,0.8405,0.5185,85.0,85.0,0.32200000000000006,0.32200000000000006,False,False,True,4456,0,0,6578,54,32147,0,0,0,201604
pgn_nn_vs_stockfish_2000_g9_p45,r1k4r/2pn2bp/b1p3q1/N4pB1/PP2p3/2P2N1Q/5PPP/R3R1K1 w - - 0 23,high_material_24_32+capture_rich,/home/rohanhs568/code/aichessathon-starter/nn_vs_stockfish_2000.pgn,no_null,5,a1d1,212,19715,35106,1.073562044010032,2.1179113000107463,6,True,20.003548300010152,g5f4,+116,+31,116,31,0.8405,0.5185,85.0,85.0,0.32200000000000006,0.32200000000000006,False,False,True,4456,0,0,6578,54,32147,0,0,0,201604
pgn_nn_vs_stockfish_2000_g9_p45,r1k4r/2pn2bp/b1p3q1/N4pB1/PP2p3/2P2N1Q/5PPP/R3R1K1 w - - 0 23,high_material_24_32+capture_rich,/home/rohanhs568/code/aichessathon-starter/nn_vs_stockfish_2000.pgn,no_null,6,b4b5,196,137416,172522,8.636291349015664,10.754204549011774,6,True,20.003548300010152,g5f4,+116,0,116,0,0.8405,0.5,116.0,116.0,0.3405,0.3405,False,False,True,4456,0,0,6578,54,32147,0,0,0,201604
pgn_nn_vs_stockfish_2000_g9_p45,r1k4r/2pn2bp/b1p3q1/N4pB1/PP2p3/2P2N1Q/5PPP/R3R1K1 w - - 0 23,high_material_24_32+capture_rich,/home/rohanhs568/code/aichessathon-starter/nn_vs_stockfish_2000.pgn,null_safe,1,a1d1,255,309,309,0.019003531022462994,0.019005031004780903,6,True,20.016583507996984,g5f4,+116,+31,116,31,0.8405,0.5185,85.0,85.0,0.32200000000000006,0.32200000000000006,False,False,True,4314,146,50,5140,56,27860,0,0,0,201907
pgn_nn_vs_stockfish_2000_g9_p45,r1k4r/2pn2bp/b1p3q1/N4pB1/PP2p3/2P2N1Q/5PPP/R3R1K1 w - - 0 23,high_material_24_32+capture_rich,/home/rohanhs568/code/aichessathon-starter/nn_vs_stockfish_2000.pgn,null_safe,2,a1d1,262,533,842,0.035187704022973776,0.05419383497792296,6,True,20.016583507996984,g5f4,+116,+31,116,31,0.8405,0.5185,85.0,85.0,0.32200000000000006,0.32200000000000006,False,False,True,4314,146,50,5140,56,27860,0,0,0,201907
pgn_nn_vs_stockfish_2000_g9_p45,r1k4r/2pn2bp/b1p3q1/N4pB1/PP2p3/2P2N1Q/5PPP/R3R1K1 w - - 0 23,high_material_24_32+capture_rich,/home/rohanhs568/code/aichessathon-starter/nn_vs_stockfish_2000.pgn,null_safe,3,a1d1,250,3065,3907,0.15031147899571806,0.20450621398049407,6,True,20.016583507996984,g5f4,+116,+31,116,31,0.8405,0.5185,85.0,85.0,0.32200000000000006,0.32200000000000006,False,False,True,4314,146,50,5140,56,27860,0,0,0,201907
pgn_nn_vs_stockfish_2000_g9_p45,r1k4r/2pn2bp/b1p3q1/N4pB1/PP2p3/2P2N1Q/5PPP/R3R1K1 w - - 0 23,high_material_24_32+capture_rich,/home/rohanhs568/code/aichessathon-starter/nn_vs_stockfish_2000.pgn,null_safe,4,a1d1,250,11484,15391,0.8394597540027462,1.043967267993139,6,True,20.016583507996984,g5f4,+116,+31,116,31,0.8405,0.5185,85.0,85.0,0.32200000000000006,0.32200000000000006,False,False,True,4314,146,50,5140,56,27860,0,0,0,201907
pgn_nn_vs_stockfish_2000_g9_p45,r1k4r/2pn2bp/b1p3q1/N4pB1/PP2p3/2P2N1Q/5PPP/R3R1K1 w - - 0 23,high_material_24_32+capture_rich,/home/rohanhs568/code/aichessathon-starter/nn_vs_stockfish_2000.pgn,null_safe,5,a1d1,212,15492,30883,0.8234697800071444,1.8674387469945941,6,True,20.016583507996984,g5f4,+116,+31,116,31,0.8405,0.5185,85.0,85.0,0.32200000000000006,0.32200000000000006,False,False,True,4314,146,50,5140,56,27860,0,0,0,201907
pgn_nn_vs_stockfish_2000_g9_p45,r1k4r/2pn2bp/b1p3q1/N4pB1/PP2p3/2P2N1Q/5PPP/R3R1K1 w - - 0 23,high_material_24_32+capture_rich,/home/rohanhs568/code/aichessathon-starter/nn_vs_stockfish_2000.pgn,null_safe,6,b4b5,196,117009,147892,7.359658456000034,9.22709870300605,6,True,20.016583507996984,g5f4,+116,0,116,0,0.8405,0.5,116.0,116.0,0.3405,0.3405,False,False,True,4314,146,50,5140,56,27860,0,0,0,201907
pgn_nn_vs_stockfish_2000_g9_p45,r1k4r/2pn2bp/b1p3q1/N4pB1/PP2p3/2P2N1Q/5PPP/R3R1K1 w - - 0 23,high_material_24_32+capture_rich,/home/rohanhs568/code/aichessathon-starter/nn_vs_stockfish_2000.pgn,no_lmr,1,a1d1,255,309,309,0.01920972901280038,0.019211828999686986,6,True,20.006538123008795,g5f4,+116,+31,116,31,0.8405,0.5185,85.0,85.0,0.32200000000000006,0.32200000000000006,False,False,True,3090,1600,967,0,0,75468,0,1,0,204715
pgn_nn_vs_stockfish_2000_g9_p45,r1k4r/2pn2bp/b1p3q1/N4pB1/PP2p3/2P2N1Q/5PPP/R3R1K1 w - - 0 23,high_material_24_32+capture_rich,/home/rohanhs568/code/aichessathon-starter/nn_vs_stockfish_2000.pgn,no_lmr,2,a1d1,262,533,842,0.03576169500593096,0.054975224018562585,6,True,20.006538123008795,g5f4,+116,+31,116,31,0.8405,0.5185,85.0,85.0,0.32200000000000006,0.32200000000000006,False,False,True,3090,1600,967,0,0,75468,0,1,0,204715
pgn_nn_vs_stockfish_2000_g9_p45,r1k4r/2pn2bp/b1p3q1/N4pB1/PP2p3/2P2N1Q/5PPP/R3R1K1 w - - 0 23,high_material_24_32+capture_rich,/home/rohanhs568/code/aichessathon-starter/nn_vs_stockfish_2000.pgn,no_lmr,3,a1d1,250,3065,3907,0.15033457899698988,0.2053109030239284,6,True,20.006538123008795,g5f4,+116,+31,116,31,0.8405,0.5185,85.0,85.0,0.32200000000000006,0.32200000000000006,False,False,True,3090,1600,967,0,0,75468,0,1,0,204715
pgn_nn_vs_stockfish_2000_g9_p45,r1k4r/2pn2bp/b1p3q1/N4pB1/PP2p3/2P2N1Q/5PPP/R3R1K1 w - - 0 23,high_material_24_32+capture_rich,/home/rohanhs568/code/aichessathon-starter/nn_vs_stockfish_2000.pgn,no_lmr,4,a1d1,250,11208,15115,0.7689855500066187,0.9742977530113421,6,True,20.006538123008795,g5f4,+116,+31,116,31,0.8405,0.5185,85.0,85.0,0.32200000000000006,0.32200000000000006,False,False,True,3090,1600,967,0,0,75468,0,1,0,204715
pgn_nn_vs_stockfish_2000_g9_p45,r1k4r/2pn2bp/b1p3q1/N4pB1/PP2p3/2P2N1Q/5PPP/R3R1K1 w - - 0 23,high_material_24_32+capture_rich,/home/rohanhs568/code/aichessathon-starter/nn_vs_stockfish_2000.pgn,no_lmr,5,a5c6,158,114411,129526,5.995774203998735,6.970073457021499,6,True,20.006538123008795,g5f4,+116,-120,116,-120,0.8405,0.144,236.0,236.0,0.6965,0.6965,False,True,True,3090,1600,967,0,0,75468,0,1,0,204715
pgn_nn_vs_stockfish_2000_g9_p45,r1k4r/2pn2bp/b1p3q1/N4pB1/PP2p3/2P2N1Q/5PPP/R3R1K1 w - - 0 23,high_material_24_32+capture_rich,/home/rohanhs568/code/aichessathon-starter/nn_vs_stockfish_2000.pgn,no_lmr,6,b4b5,196,162961,292487,11.112383498024428,18.08245845499914,6,True,20.006538123008795,g5f4,+116,0,116,0,0.8405,0.5,116.0,116.0,0.3405,0.3405,False,False,True,3090,1600,967,0,0,75468,0,1,0,204715
pgn_nn_vs_stockfish_2000_g9_p45,r1k4r/2pn2bp/b1p3q1/N4pB1/PP2p3/2P2N1Q/5PPP/R3R1K1 w - - 0 23,high_material_24_32+capture_rich,/home/rohanhs568/code/aichessathon-starter/nn_vs_stockfish_2000.pgn,lmr_safe,1,a1d1,255,309,309,0.018569538020528853,0.018570838001323864,6,True,20.000690700981067,g5f4,+116,+31,116,31,0.8405,0.5185,85.0,85.0,0.32200000000000006,0.32200000000000006,False,False,True,2477,1018,518,2131,12,101541,0,0,0,204978
pgn_nn_vs_stockfish_2000_g9_p45,r1k4r/2pn2bp/b1p3q1/N4pB1/PP2p3/2P2N1Q/5PPP/R3R1K1 w - - 0 23,high_material_24_32+capture_rich,/home/rohanhs568/code/aichessathon-starter/nn_vs_stockfish_2000.pgn,lmr_safe,2,a1d1,262,533,842,0.035739696002565324,0.05431193398544565,6,True,20.000690700981067,g5f4,+116,+31,116,31,0.8405,0.5185,85.0,85.0,0.32200000000000006,0.32200000000000006,False,False,True,2477,1018,518,2131,12,101541,0,0,0,204978
pgn_nn_vs_stockfish_2000_g9_p45,r1k4r/2pn2bp/b1p3q1/N4pB1/PP2p3/2P2N1Q/5PPP/R3R1K1 w - - 0 23,high_material_24_32+capture_rich,/home/rohanhs568/code/aichessathon-starter/nn_vs_stockfish_2000.pgn,lmr_safe,3,a1d1,250,3065,3907,0.1501843819860369,0.20449771598214284,6,True,20.000690700981067,g5f4,+116,+31,116,31,0.8405,0.5185,85.0,85.0,0.32200000000000006,0.32200000000000006,False,False,True,2477,1018,518,2131,12,101541,0,0,0,204978
pgn_nn_vs_stockfish_2000_g9_p45,r1k4r/2pn2bp/b1p3q1/N4pB1/PP2p3/2P2N1Q/5PPP/R3R1K1 w - - 0 23,high_material_24_32+capture_rich,/home/rohanhs568/code/aichessathon-starter/nn_vs_stockfish_2000.pgn,lmr_safe,4,a1d1,250,11208,15115,0.7695793480088469,0.9740783640008885,6,True,20.000690700981067,g5f4,+116,+31,116,31,0.8405,0.5185,85.0,85.0,0.32200000000000006,0.32200000000000006,False,False,True,2477,1018,518,2131,12,101541,0,0,0,204978
pgn_nn_vs_stockfish_2000_g9_p45,r1k4r/2pn2bp/b1p3q1/N4pB1/PP2p3/2P2N1Q/5PPP/R3R1K1 w - - 0 23,high_material_24_32+capture_rich,/home/rohanhs568/code/aichessathon-starter/nn_vs_stockfish_2000.pgn,lmr_safe,5,a1d1,212,28629,43744,1.4759334870032035,2.45001335098641,6,True,20.000690700981067,g5f4,+116,+31,116,31,0.8405,0.5185,85.0,85.0,0.32200000000000006,0.32200000000000006,False,False,True,2477,1018,518,2131,12,101541,0,0,0,204978
pgn_nn_vs_stockfish_2000_g9_p45,r1k4r/2pn2bp/b1p3q1/N4pB1/PP2p3/2P2N1Q/5PPP/R3R1K1 w - - 0 23,high_material_24_32+capture_rich,/home/rohanhs568/code/aichessathon-starter/nn_vs_stockfish_2000.pgn,lmr_safe,6,b4b5,196,97092,140836,5.855190230999142,8.305205281998497,6,True,20.000690700981067,g5f4,+116,0,116,0,0.8405,0.5,116.0,116.0,0.3405,0.3405,False,False,True,2477,1018,518,2131,12,101541,0,0,0,204978
pgn_nn_vs_stockfish_2000_g9_p45,r1k4r/2pn2bp/b1p3q1/N4pB1/PP2p3/2P2N1Q/5PPP/R3R1K1 w - - 0 23,high_material_24_32+capture_rich,/home/rohanhs568/code/aichessathon-starter/nn_vs_stockfish_2000.pgn,no_futility,1,a1d1,255,309,309,0.01897523200022988,0.01897663201089017,6,True,20.00410707600531,g5f4,+116,+31,116,31,0.8405,0.5185,85.0,85.0,0.32200000000000006,0.32200000000000006,False,False,True,2556,1050,511,6600,61,0,0,0,0,228772
pgn_nn_vs_stockfish_2000_g9_p45,r1k4r/2pn2bp/b1p3q1/N4pB1/PP2p3/2P2N1Q/5PPP/R3R1K1 w - - 0 23,high_material_24_32+capture_rich,/home/rohanhs568/code/aichessathon-starter/nn_vs_stockfish_2000.pgn,no_futility,2,a1d1,262,533,842,0.03441301398561336,0.05339114600792527,6,True,20.00410707600531,g5f4,+116,+31,116,31,0.8405,0.5185,85.0,85.0,0.32200000000000006,0.32200000000000006,False,False,True,2556,1050,511,6600,61,0,0,0,0,228772
pgn_nn_vs_stockfish_2000_g9_p45,r1k4r/2pn2bp/b1p3q1/N4pB1/PP2p3/2P2N1Q/5PPP/R3R1K1 w - - 0 23,high_material_24_32+capture_rich,/home/rohanhs568/code/aichessathon-starter/nn_vs_stockfish_2000.pgn,no_futility,3,a1d1,250,4215,5057,0.1905455109954346,0.24393765701097436,6,True,20.00410707600531,g5f4,+116,+31,116,31,0.8405,0.5185,85.0,85.0,0.32200000000000006,0.32200000000000006,False,False,True,2556,1050,511,6600,61,0,0,0,0,228772
pgn_nn_vs_stockfish_2000_g9_p45,r1k4r/2pn2bp/b1p3q1/N4pB1/PP2p3/2P2N1Q/5PPP/R3R1K1 w - - 0 23,high_material_24_32+capture_rich,/home/rohanhs568/code/aichessathon-starter/nn_vs_stockfish_2000.pgn,no_futility,4,a1d1,250,9304,14361,0.6571288269769866,0.9010678839986213,6,True,20.00410707600531,g5f4,+116,+31,116,31,0.8405,0.5185,85.0,85.0,0.32200000000000006,0.32200000000000006,False,False,True,2556,1050,511,6600,61,0,0,0,0,228772
pgn_nn_vs_stockfish_2000_g9_p45,r1k4r/2pn2bp/b1p3q1/N4pB1/PP2p3/2P2N1Q/5PPP/R3R1K1 w - - 0 23,high_material_24_32+capture_rich,/home/rohanhs568/code/aichessathon-starter/nn_vs_stockfish_2000.pgn,no_futility,5,a1d1,212,19789,34150,0.9732229660148732,1.8742923499958124,6,True,20.00410707600531,g5f4,+116,+31,116,31,0.8405,0.5185,85.0,85.0,0.32200000000000006,0.32200000000000006,False,False,True,2556,1050,511,6600,61,0,0,0,0,228772
pgn_nn_vs_stockfish_2000_g9_p45,r1k4r/2pn2bp/b1p3q1/N4pB1/PP2p3/2P2N1Q/5PPP/R3R1K1 w - - 0 23,high_material_24_32+capture_rich,/home/rohanhs568/code/aichessathon-starter/nn_vs_stockfish_2000.pgn,no_futility,6,b4b5,196,134051,168201,7.086236703005852,8.960530553013086,6,True,20.00410707600531,g5f4,+116,0,116,0,0.8405,0.5,116.0,116.0,0.3405,0.3405,False,False,True,2556,1050,511,6600,61,0,0,0,0,228772
pgn_nn_vs_stockfish_2000_g9_p45,r1k4r/2pn2bp/b1p3q1/N4pB1/PP2p3/2P2N1Q/5PPP/R3R1K1 w - - 0 23,high_material_24_32+capture_rich,/home/rohanhs568/code/aichessathon-starter/nn_vs_stockfish_2000.pgn,capture_material_order,1,a1d1,255,310,310,0.019004131987458095,0.019005231995834038,6,True,20.0122480620048,g5f4,+116,+31,116,31,0.8405,0.5185,85.0,85.0,0.32200000000000006,0.32200000000000006,False,False,True,2240,1049,524,5961,46,29051,0,0,187008,209699
pgn_nn_vs_stockfish_2000_g9_p45,r1k4r/2pn2bp/b1p3q1/N4pB1/PP2p3/2P2N1Q/5PPP/R3R1K1 w - - 0 23,high_material_24_32+capture_rich,/home/rohanhs568/code/aichessathon-starter/nn_vs_stockfish_2000.pgn,capture_material_order,2,a1d1,262,527,837,0.035608097998192534,0.054614530003163964,6,True,20.0122480620048,g5f4,+116,+31,116,31,0.8405,0.5185,85.0,85.0,0.32200000000000006,0.32200000000000006,False,False,True,2240,1049,524,5961,46,29051,0,0,187008,209699
pgn_nn_vs_stockfish_2000_g9_p45,r1k4r/2pn2bp/b1p3q1/N4pB1/PP2p3/2P2N1Q/5PPP/R3R1K1 w - - 0 23,high_material_24_32+capture_rich,/home/rohanhs568/code/aichessathon-starter/nn_vs_stockfish_2000.pgn,capture_material_order,3,a1d1,250,3071,3908,0.1508871719997842,0.2055033019860275,6,True,20.0122480620048,g5f4,+116,+31,116,31,0.8405,0.5185,85.0,85.0,0.32200000000000006,0.32200000000000006,False,False,True,2240,1049,524,5961,46,29051,0,0,187008,209699
pgn_nn_vs_stockfish_2000_g9_p45,r1k4r/2pn2bp/b1p3q1/N4pB1/PP2p3/2P2N1Q/5PPP/R3R1K1 w - - 0 23,high_material_24_32+capture_rich,/home/rohanhs568/code/aichessathon-starter/nn_vs_stockfish_2000.pgn,capture_material_order,4,a1d1,250,9836,13744,0.7342096460051835,0.9397143480018713,6,True,20.0122480620048,g5f4,+116,+31,116,31,0.8405,0.5185,85.0,85.0,0.32200000000000006,0.32200000000000006,False,False,True,2240,1049,524,5961,46,29051,0,0,187008,209699
pgn_nn_vs_stockfish_2000_g9_p45,r1k4r/2pn2bp/b1p3q1/N4pB1/PP2p3/2P2N1Q/5PPP/R3R1K1 w - - 0 23,high_material_24_32+capture_rich,/home/rohanhs568/code/aichessathon-starter/nn_vs_stockfish_2000.pgn,capture_material_order,5,a1d1,212,17218,30962,0.950225599022815,1.8899415470077656,6,True,20.0122480620048,g5f4,+116,+31,116,31,0.8405,0.5185,85.0,85.0,0.32200000000000006,0.32200000000000006,False,False,True,2240,1049,524,5961,46,29051,0,0,187008,209699
pgn_nn_vs_stockfish_2000_g9_p45,r1k4r/2pn2bp/b1p3q1/N4pB1/PP2p3/2P2N1Q/5PPP/R3R1K1 w - - 0 23,high_material_24_32+capture_rich,/home/rohanhs568/code/aichessathon-starter/nn_vs_stockfish_2000.pgn,capture_material_order,6,b4b5,196,120815,151777,7.514842430013232,9.404785577004077,6,True,20.0122480620048,g5f4,+116,0,116,0,0.8405,0.5,116.0,116.0,0.3405,0.3405,False,False,True,2240,1049,524,5961,46,29051,0,0,187008,209699
pgn_nn_vs_stockfish_2000_g9_p45,r1k4r/2pn2bp/b1p3q1/N4pB1/PP2p3/2P2N1Q/5PPP/R3R1K1 w - - 0 23,high_material_24_32+capture_rich,/home/rohanhs568/code/aichessathon-starter/nn_vs_stockfish_2000.pgn,no_aspiration,1,a1d1,255,309,309,0.01869443600298837,0.01869573598378338,6,True,20.006879473978188,g5f4,+116,+31,116,31,0.8405,0.5185,85.0,85.0,0.32200000000000006,0.32200000000000006,False,False,True,2520,1120,529,6614,67,34041,0,0,0,212446
pgn_nn_vs_stockfish_2000_g9_p45,r1k4r/2pn2bp/b1p3q1/N4pB1/PP2p3/2P2N1Q/5PPP/R3R1K1 w - - 0 23,high_material_24_32+capture_rich,/home/rohanhs568/code/aichessathon-starter/nn_vs_stockfish_2000.pgn,no_aspiration,2,a1d1,262,533,842,0.03536550101125613,0.05406233700341545,6,True,20.006879473978188,g5f4,+116,+31,116,31,0.8405,0.5185,85.0,85.0,0.32200000000000006,0.32200000000000006,False,False,True,2520,1120,529,6614,67,34041,0,0,0,212446
pgn_nn_vs_stockfish_2000_g9_p45,r1k4r/2pn2bp/b1p3q1/N4pB1/PP2p3/2P2N1Q/5PPP/R3R1K1 w - - 0 23,high_material_24_32+capture_rich,/home/rohanhs568/code/aichessathon-starter/nn_vs_stockfish_2000.pgn,no_aspiration,3,a1d1,250,3065,3907,0.15129796499968506,0.20536160198389553,6,True,20.006879473978188,g5f4,+116,+31,116,31,0.8405,0.5185,85.0,85.0,0.32200000000000006,0.32200000000000006,False,False,True,2520,1120,529,6614,67,34041,0,0,0,212446
pgn_nn_vs_stockfish_2000_g9_p45,r1k4r/2pn2bp/b1p3q1/N4pB1/PP2p3/2P2N1Q/5PPP/R3R1K1 w - - 0 23,high_material_24_32+capture_rich,/home/rohanhs568/code/aichessathon-starter/nn_vs_stockfish_2000.pgn,no_aspiration,4,a1d1,250,9246,13153,0.6810360889940057,0.886399190989323,6,True,20.006879473978188,g5f4,+116,+31,116,31,0.8405,0.5185,85.0,85.0,0.32200000000000006,0.32200000000000006,False,False,True,2520,1120,529,6614,67,34041,0,0,0,212446
pgn_nn_vs_stockfish_2000_g9_p45,r1k4r/2pn2bp/b1p3q1/N4pB1/PP2p3/2P2N1Q/5PPP/R3R1K1 w - - 0 23,high_material_24_32+capture_rich,/home/rohanhs568/code/aichessathon-starter/nn_vs_stockfish_2000.pgn,no_aspiration,5,a1d1,212,15843,28996,0.8489428189932369,1.7353433099924587,6,True,20.006879473978188,g5f4,+116,+31,116,31,0.8405,0.5185,85.0,85.0,0.32200000000000006,0.32200000000000006,False,False,True,2520,1120,529,6614,67,34041,0,0,0,212446
pgn_nn_vs_stockfish_2000_g9_p45,r1k4r/2pn2bp/b1p3q1/N4pB1/PP2p3/2P2N1Q/5PPP/R3R1K1 w - - 0 23,high_material_24_32+capture_rich,/home/rohanhs568/code/aichessathon-starter/nn_vs_stockfish_2000.pgn,no_aspiration,6,b4b5,196,124454,153450,7.767926245986018,9.503271055989899,6,True,20.006879473978188,g5f4,+116,0,116,0,0.8405,0.5,116.0,116.0,0.3405,0.3405,False,False,True,2520,1120,529,6614,67,34041,0,0,0,212446
pgn_nn_vs_stockfish_2000_g9_p45,r1k4r/2pn2bp/b1p3q1/N4pB1/PP2p3/2P2N1Q/5PPP/R3R1K1 w - - 0 23,high_material_24_32+capture_rich,/home/rohanhs568/code/aichessathon-starter/nn_vs_stockfish_2000.pgn,no_pvs,1,a1d1,255,255,255,0.017090159002691507,0.01709125901106745,6,True,20.012753485993017,g5f4,+116,+31,116,31,0.8405,0.5185,85.0,85.0,0.32200000000000006,0.32200000000000006,False,False,True,2342,959,484,6142,81,30764,0,0,0,210803
pgn_nn_vs_stockfish_2000_g9_p45,r1k4r/2pn2bp/b1p3q1/N4pB1/PP2p3/2P2N1Q/5PPP/R3R1K1 w - - 0 23,high_material_24_32+capture_rich,/home/rohanhs568/code/aichessathon-starter/nn_vs_stockfish_2000.pgn,no_pvs,2,a1d1,262,525,780,0.03466731097432785,0.05175976999453269,6,True,20.012753485993017,g5f4,+116,+31,116,31,0.8405,0.5185,85.0,85.0,0.32200000000000006,0.32200000000000006,False,False,True,2342,959,484,6142,81,30764,0,0,0,210803
pgn_nn_vs_stockfish_2000_g9_p45,r1k4r/2pn2bp/b1p3q1/N4pB1/PP2p3/2P2N1Q/5PPP/R3R1K1 w - - 0 23,high_material_24_32+capture_rich,/home/rohanhs568/code/aichessathon-starter/nn_vs_stockfish_2000.pgn,no_pvs,3,a1d1,250,3149,3929,0.15785117199993692,0.20961184200132266,6,True,20.012753485993017,g5f4,+116,+31,116,31,0.8405,0.5185,85.0,85.0,0.32200000000000006,0.32200000000000006,False,False,True,2342,959,484,6142,81,30764,0,0,0,210803
pgn_nn_vs_stockfish_2000_g9_p45,r1k4r/2pn2bp/b1p3q1/N4pB1/PP2p3/2P2N1Q/5PPP/R3R1K1 w - - 0 23,high_material_24_32+capture_rich,/home/rohanhs568/code/aichessathon-starter/nn_vs_stockfish_2000.pgn,no_pvs,4,a1d1,250,9839,13768,0.7258915560087189,0.9355048979923595,6,True,20.012753485993017,g5f4,+116,+31,116,31,0.8405,0.5185,85.0,85.0,0.32200000000000006,0.32200000000000006,False,False,True,2342,959,484,6142,81,30764,0,0,0,210803
pgn_nn_vs_stockfish_2000_g9_p45,r1k4r/2pn2bp/b1p3q1/N4pB1/PP2p3/2P2N1Q/5PPP/R3R1K1 w - - 0 23,high_material_24_32+capture_rich,/home/rohanhs568/code/aichessathon-starter/nn_vs_stockfish_2000.pgn,no_pvs,5,a1d1,212,16071,29839,0.8518270819913596,1.7873334799951408,6,True,20.012753485993017,g5f4,+116,+31,116,31,0.8405,0.5185,85.0,85.0,0.32200000000000006,0.32200000000000006,False,False,True,2342,959,484,6142,81,30764,0,0,0,210803
pgn_nn_vs_stockfish_2000_g9_p45,r1k4r/2pn2bp/b1p3q1/N4pB1/PP2p3/2P2N1Q/5PPP/R3R1K1 w - - 0 23,high_material_24_32+capture_rich,/home/rohanhs568/code/aichessathon-starter/nn_vs_stockfish_2000.pgn,no_pvs,6,b4b5,196,108009,137848,6.722767250990728,8.510102330998052,6,True,20.012753485993017,g5f4,+116,0,116,0,0.8405,0.5,116.0,116.0,0.3405,0.3405,False,False,True,2342,959,484,6142,81,30764,0,0,0,210803
pgn_nn_vs_stockfish_2000_g9_p45,r1k4r/2pn2bp/b1p3q1/N4pB1/PP2p3/2P2N1Q/5PPP/R3R1K1 w - - 0 23,high_material_24_32+capture_rich,/home/rohanhs568/code/aichessathon-starter/nn_vs_stockfish_2000.pgn,no_null_no_lmr,1,a1d1,255,309,309,0.01903673098422587,0.01903803099412471,5,True,20.00981130299624,g5f4,+116,+31,116,31,0.8405,0.5185,85.0,85.0,0.32200000000000006,0.32200000000000006,False,False,True,5433,0,0,0,0,77952,0,1,0,199956
pgn_nn_vs_stockfish_2000_g9_p45,r1k4r/2pn2bp/b1p3q1/N4pB1/PP2p3/2P2N1Q/5PPP/R3R1K1 w - - 0 23,high_material_24_32+capture_rich,/home/rohanhs568/code/aichessathon-starter/nn_vs_stockfish_2000.pgn,no_null_no_lmr,2,a1d1,262,533,842,0.03491260699229315,0.05395203799707815,5,True,20.00981130299624,g5f4,+116,+31,116,31,0.8405,0.5185,85.0,85.0,0.32200000000000006,0.32200000000000006,False,False,True,5433,0,0,0,0,77952,0,1,0,199956
pgn_nn_vs_stockfish_2000_g9_p45,r1k4r/2pn2bp/b1p3q1/N4pB1/PP2p3/2P2N1Q/5PPP/R3R1K1 w - - 0 23,high_material_24_32+capture_rich,/home/rohanhs568/code/aichessathon-starter/nn_vs_stockfish_2000.pgn,no_null_no_lmr,3,a1d1,250,3065,3907,0.15117596500203945,0.2051290030067321,5,True,20.00981130299624,g5f4,+116,+31,116,31,0.8405,0.5185,85.0,85.0,0.32200000000000006,0.32200000000000006,False,False,True,5433,0,0,0,0,77952,0,1,0,199956
pgn_nn_vs_stockfish_2000_g9_p45,r1k4r/2pn2bp/b1p3q1/N4pB1/PP2p3/2P2N1Q/5PPP/R3R1K1 w - - 0 23,high_material_24_32+capture_rich,/home/rohanhs568/code/aichessathon-starter/nn_vs_stockfish_2000.pgn,no_null_no_lmr,4,a1d1,250,13446,17353,0.9242828459828161,1.1294135490024928,5,True,20.00981130299624,g5f4,+116,+31,116,31,0.8405,0.5185,85.0,85.0,0.32200000000000006,0.32200000000000006,False,False,True,5433,0,0,0,0,77952,0,1,0,199956
pgn_nn_vs_stockfish_2000_g9_p45,r1k4r/2pn2bp/b1p3q1/N4pB1/PP2p3/2P2N1Q/5PPP/R3R1K1 w - - 0 23,high_material_24_32+capture_rich,/home/rohanhs568/code/aichessathon-starter/nn_vs_stockfish_2000.pgn,no_null_no_lmr,5,a5c6,158,123867,141220,6.476307999982964,7.605722848995356,5,True,20.00981130299624,g5f4,+116,-120,116,-120,0.8405,0.144,236.0,236.0,0.6965,0.6965,False,True,True,5433,0,0,0,0,77952,0,1,0,199956
pgn_nn_vs_stockfish_2000_g9_p45,r1k4r/2pn2bp/b1p3q1/N4pB1/PP2p3/2P2N1Q/5PPP/R3R1K1 w - - 0 23,high_material_24_32+capture_rich,/home/rohanhs568/code/aichessathon-starter/nn_vs_stockfish_2000.pgn,no_null_no_futility,1,a1d1,255,309,309,0.019117030984489247,0.01911823099362664,6,True,20.011525928013725,g5f4,+116,+31,116,31,0.8405,0.5185,85.0,85.0,0.32200000000000006,0.32200000000000006,False,False,True,4089,0,0,6085,47,0,0,0,0,219573
pgn_nn_vs_stockfish_2000_g9_p45,r1k4r/2pn2bp/b1p3q1/N4pB1/PP2p3/2P2N1Q/5PPP/R3R1K1 w - - 0 23,high_material_24_32+capture_rich,/home/rohanhs568/code/aichessathon-starter/nn_vs_stockfish_2000.pgn,no_null_no_futility,2,a1d1,262,533,842,0.03489000798435882,0.05400943799759261,6,True,20.011525928013725,g5f4,+116,+31,116,31,0.8405,0.5185,85.0,85.0,0.32200000000000006,0.32200000000000006,False,False,True,4089,0,0,6085,47,0,0,0,0,219573
pgn_nn_vs_stockfish_2000_g9_p45,r1k4r/2pn2bp/b1p3q1/N4pB1/PP2p3/2P2N1Q/5PPP/R3R1K1 w - - 0 23,high_material_24_32+capture_rich,/home/rohanhs568/code/aichessathon-starter/nn_vs_stockfish_2000.pgn,no_null_no_futility,3,a1d1,250,4215,5057,0.19168009600252844,0.245690634008497,6,True,20.011525928013725,g5f4,+116,+31,116,31,0.8405,0.5185,85.0,85.0,0.32200000000000006,0.32200000000000006,False,False,True,4089,0,0,6085,47,0,0,0,0,219573
pgn_nn_vs_stockfish_2000_g9_p45,r1k4r/2pn2bp/b1p3q1/N4pB1/PP2p3/2P2N1Q/5PPP/R3R1K1 w - - 0 23,high_material_24_32+capture_rich,/home/rohanhs568/code/aichessathon-starter/nn_vs_stockfish_2000.pgn,no_null_no_futility,4,a1d1,250,11542,16599,0.8048183470091317,1.0505108810029924,6,True,20.011525928013725,g5f4,+116,+31,116,31,0.8405,0.5185,85.0,85.0,0.32200000000000006,0.32200000000000006,False,False,True,4089,0,0,6085,47,0,0,0,0,219573
pgn_nn_vs_stockfish_2000_g9_p45,r1k4r/2pn2bp/b1p3q1/N4pB1/PP2p3/2P2N1Q/5PPP/R3R1K1 w - - 0 23,high_material_24_32+capture_rich,/home/rohanhs568/code/aichessathon-starter/nn_vs_stockfish_2000.pgn,no_null_no_futility,5,a1d1,212,28577,45176,1.354306296998402,2.404819078015862,6,True,20.011525928013725,g5f4,+116,+31,116,31,0.8405,0.5185,85.0,85.0,0.32200000000000006,0.32200000000000006,False,False,True,4089,0,0,6085,47,0,0,0,0,219573
pgn_nn_vs_stockfish_2000_g9_p45,r1k4r/2pn2bp/b1p3q1/N4pB1/PP2p3/2P2N1Q/5PPP/R3R1K1 w - - 0 23,high_material_24_32+capture_rich,/home/rohanhs568/code/aichessathon-starter/nn_vs_stockfish_2000.pgn,no_null_no_futility,6,b4b5,196,178431,223607,9.649163333000615,12.05398421100108,6,True,20.011525928013725,g5f4,+116,0,116,0,0.8405,0.5,116.0,116.0,0.3405,0.3405,False,False,True,4089,0,0,6085,47,0,0,0,0,219573
pgn_nn_vs_stockfish_2000_g9_p45,r1k4r/2pn2bp/b1p3q1/N4pB1/PP2p3/2P2N1Q/5PPP/R3R1K1 w - - 0 23,high_material_24_32+capture_rich,/home/rohanhs568/code/aichessathon-starter/nn_vs_stockfish_2000.pgn,no_lmr_no_futility,1,a1d1,255,309,309,0.019008631992619485,0.019009932002518326,5,True,20.006432210007915,g5f4,+116,+31,116,31,0.8405,0.5185,85.0,85.0,0.32200000000000006,0.32200000000000006,False,False,True,2587,1282,775,0,0,0,0,1,0,233842
pgn_nn_vs_stockfish_2000_g9_p45,r1k4r/2pn2bp/b1p3q1/N4pB1/PP2p3/2P2N1Q/5PPP/R3R1K1 w - - 0 23,high_material_24_32+capture_rich,/home/rohanhs568/code/aichessathon-starter/nn_vs_stockfish_2000.pgn,no_lmr_no_futility,2,a1d1,262,533,842,0.034301315987249836,0.05331264800042845,5,True,20.006432210007915,g5f4,+116,+31,116,31,0.8405,0.5185,85.0,85.0,0.32200000000000006,0.32200000000000006,False,False,True,2587,1282,775,0,0,0,0,1,0,233842
pgn_nn_vs_stockfish_2000_g9_p45,r1k4r/2pn2bp/b1p3q1/N4pB1/PP2p3/2P2N1Q/5PPP/R3R1K1 w - - 0 23,high_material_24_32+capture_rich,/home/rohanhs568/code/aichessathon-starter/nn_vs_stockfish_2000.pgn,no_lmr_no_futility,3,a1d1,250,4215,5057,0.1895723259949591,0.2428860740037635,5,True,20.006432210007915,g5f4,+116,+31,116,31,0.8405,0.5185,85.0,85.0,0.32200000000000006,0.32200000000000006,False,False,True,2587,1282,775,0,0,0,0,1,0,233842
pgn_nn_vs_stockfish_2000_g9_p45,r1k4r/2pn2bp/b1p3q1/N4pB1/PP2p3/2P2N1Q/5PPP/R3R1K1 w - - 0 23,high_material_24_32+capture_rich,/home/rohanhs568/code/aichessathon-starter/nn_vs_stockfish_2000.pgn,no_lmr_no_futility,4,a1d1,250,11808,16865,0.7638947250088677,1.0067823990248144,5,True,20.006432210007915,g5f4,+116,+31,116,31,0.8405,0.5185,85.0,85.0,0.32200000000000006,0.32200000000000006,False,False,True,2587,1282,775,0,0,0,0,1,0,233842
pgn_nn_vs_stockfish_2000_g9_p45,r1k4r/2pn2bp/b1p3q1/N4pB1/PP2p3/2P2N1Q/5PPP/R3R1K1 w - - 0 23,high_material_24_32+capture_rich,/home/rohanhs568/code/aichessathon-starter/nn_vs_stockfish_2000.pgn,no_lmr_no_futility,5,a5c6,158,173573,190438,7.664670130005106,8.671454329014523,5,True,20.006432210007915,g5f4,+116,-120,116,-120,0.8405,0.144,236.0,236.0,0.6965,0.6965,False,True,True,2587,1282,775,0,0,0,0,1,0,233842
pgn_nn_vs_stockfish_2000_g9_p45,r1k4r/2pn2bp/b1p3q1/N4pB1/PP2p3/2P2N1Q/5PPP/R3R1K1 w - - 0 23,high_material_24_32+capture_rich,/home/rohanhs568/code/aichessathon-starter/nn_vs_stockfish_2000.pgn,no_selectivity,1,a1d1,255,309,309,0.018622238014359027,0.01862333802273497,5,True,20.00014716302394,g5f4,+116,+31,116,31,0.8405,0.5185,85.0,85.0,0.32200000000000006,0.32200000000000006,False,False,True,4615,0,0,0,0,0,0,1,0,234014
pgn_nn_vs_stockfish_2000_g9_p45,r1k4r/2pn2bp/b1p3q1/N4pB1/PP2p3/2P2N1Q/5PPP/R3R1K1 w - - 0 23,high_material_24_32+capture_rich,/home/rohanhs568/code/aichessathon-starter/nn_vs_stockfish_2000.pgn,no_selectivity,2,a1d1,262,533,842,0.034442314004991204,0.053066952008521184,5,True,20.00014716302394,g5f4,+116,+31,116,31,0.8405,0.5185,85.0,85.0,0.32200000000000006,0.32200000000000006,False,False,True,4615,0,0,0,0,0,0,1,0,234014
pgn_nn_vs_stockfish_2000_g9_p45,r1k4r/2pn2bp/b1p3q1/N4pB1/PP2p3/2P2N1Q/5PPP/R3R1K1 w - - 0 23,high_material_24_32+capture_rich,/home/rohanhs568/code/aichessathon-starter/nn_vs_stockfish_2000.pgn,no_selectivity,3,a1d1,250,4215,5057,0.1898947219888214,0.24296277400571853,5,True,20.00014716302394,g5f4,+116,+31,116,31,0.8405,0.5185,85.0,85.0,0.32200000000000006,0.32200000000000006,False,False,True,4615,0,0,0,0,0,0,1,0,234014
pgn_nn_vs_stockfish_2000_g9_p45,r1k4r/2pn2bp/b1p3q1/N4pB1/PP2p3/2P2N1Q/5PPP/R3R1K1 w - - 0 23,high_material_24_32+capture_rich,/home/rohanhs568/code/aichessathon-starter/nn_vs_stockfish_2000.pgn,no_selectivity,4,a1d1,250,14046,19103,0.9084162889921572,1.1513805630092975,5,True,20.00014716302394,g5f4,+116,+31,116,31,0.8405,0.5185,85.0,85.0,0.32200000000000006,0.32200000000000006,False,False,True,4615,0,0,0,0,0,0,1,0,234014
pgn_nn_vs_stockfish_2000_g9_p45,r1k4r/2pn2bp/b1p3q1/N4pB1/PP2p3/2P2N1Q/5PPP/R3R1K1 w - - 0 23,high_material_24_32+capture_rich,/home/rohanhs568/code/aichessathon-starter/nn_vs_stockfish_2000.pgn,no_selectivity,5,a5c6,158,191923,211026,8.368071598990355,9.51945406201412,5,True,20.00014716302394,g5f4,+116,-120,116,-120,0.8405,0.144,236.0,236.0,0.6965,0.6965,False,True,True,4615,0,0,0,0,0,0,1,0,234014
pgn_v1_1_vs_v1_g12_p5,8/1b4k1/p2p4/Pp1P2p1/1P1r4/1R4KP/8/3B4 w - - 1 3,late_11_16+quiet,/home/rohanhs568/code/aichessathon-starter/v1_1_vs_v1.pgn,baseline,1,d1g4,-32,144,144,0.006476909009506926,0.006478109018644318,7,False,1.3748813109996263,d1f3,-78,-70,-78,-70,0.3925,0.4235,-8.0,0.0,-0.030999999999999972,0.0,False,False,False,1040,331,179,1313,14,3513,0,0,0,15219
pgn_v1_1_vs_v1_g12_p5,8/1b4k1/p2p4/Pp1P2p1/1P1r4/1R4KP/8/3B4 w - - 1 3,late_11_16+quiet,/home/rohanhs568/code/aichessathon-starter/v1_1_vs_v1.pgn,baseline,2,d1g4,-32,119,263,0.004554636019747704,0.011033945018425584,7,False,1.3748813109996263,d1f3,-78,-70,-78,-70,0.3925,0.4235,-8.0,0.0,-0.030999999999999972,0.0,False,False,False,1040,331,179,1313,14,3513,0,0,0,15219
pgn_v1_1_vs_v1_g12_p5,8/1b4k1/p2p4/Pp1P2p1/1P1r4/1R4KP/8/3B4 w - - 1 3,late_11_16+quiet,/home/rohanhs568/code/aichessathon-starter/v1_1_vs_v1.pgn,baseline,3,d1g4,-59,754,1017,0.032034848001785576,0.043069692997960374,7,False,1.3748813109996263,d1f3,-78,-70,-78,-70,0.3925,0.4235,-8.0,0.0,-0.030999999999999972,0.0,False,False,False,1040,331,179,1313,14,3513,0,0,0,15219
pgn_v1_1_vs_v1_g12_p5,8/1b4k1/p2p4/Pp1P2p1/1P1r4/1R4KP/8/3B4 w - - 1 3,late_11_16+quiet,/home/rohanhs568/code/aichessathon-starter/v1_1_vs_v1.pgn,baseline,4,d1f3,-65,2835,3852,0.13408920899382792,0.17716000200016424,7,False,1.3748813109996263,d1f3,-78,-78,-78,-78,0.3925,0.3925,0.0,0.0,0.0,0.0,False,False,False,1040,331,179,1313,14,3513,0,0,0,15219
pgn_v1_1_vs_v1_g12_p5,8/1b4k1/p2p4/Pp1P2p1/1P1r4/1R4KP/8/3B4 w - - 1 3,late_11_16+quiet,/home/rohanhs568/code/aichessathon-starter/v1_1_vs_v1.pgn,baseline,5,d1c2,-65,6417,10269,0.261478812986752,0.4386401149968151,7,False,1.3748813109996263,d1f3,-78,-396,-78,-396,0.3925,0.0,318.0,318.0,0.3925,0.3925,False,False,False,1040,331,179,1313,14,3513,0,0,0,15219
pgn_v1_1_vs_v1_g12_p5,8/1b4k1/p2p4/Pp1P2p1/1P1r4/1R4KP/8/3B4 w - - 1 3,late_11_16+quiet,/home/rohanhs568/code/aichessathon-starter/v1_1_vs_v1.pgn,baseline,6,d1c2,-38,8441,18710,0.39322995400289074,0.8318718690134119,7,False,1.3748813109996263,d1f3,-78,-396,-78,-396,0.3925,0.0,318.0,318.0,0.3925,0.3925,False,False,False,1040,331,179,1313,14,3513,0,0,0,15219
pgn_v1_1_vs_v1_g12_p5,8/1b4k1/p2p4/Pp1P2p1/1P1r4/1R4KP/8/3B4 w - - 1 3,late_11_16+quiet,/home/rohanhs568/code/aichessathon-starter/v1_1_vs_v1.pgn,baseline,7,d1c2,-85,10918,29628,0.5430060420185328,1.374879511015024,7,False,1.3748813109996263,d1f3,-78,-396,-78,-396,0.3925,0.0,318.0,318.0,0.3925,0.3925,False,False,False,1040,331,179,1313,14,3513,0,0,0,15219
pgn_v1_1_vs_v1_g12_p5,8/1b4k1/p2p4/Pp1P2p1/1P1r4/1R4KP/8/3B4 w - - 1 3,late_11_16+quiet,/home/rohanhs568/code/aichessathon-starter/v1_1_vs_v1.pgn,no_null,1,d1g4,-32,144,144,0.006548308010678738,0.006549407989950851,7,False,1.5770402719790582,d1f3,-78,-70,-78,-70,0.3925,0.4235,-8.0,0.0,-0.030999999999999972,0.0,False,False,False,1724,0,0,1575,14,3843,0,0,0,16288
pgn_v1_1_vs_v1_g12_p5,8/1b4k1/p2p4/Pp1P2p1/1P1r4/1R4KP/8/3B4 w - - 1 3,late_11_16+quiet,/home/rohanhs568/code/aichessathon-starter/v1_1_vs_v1.pgn,no_null,2,d1g4,-32,119,263,0.004570734978187829,0.011121242976514623,7,False,1.5770402719790582,d1f3,-78,-70,-78,-70,0.3925,0.4235,-8.0,0.0,-0.030999999999999972,0.0,False,False,False,1724,0,0,1575,14,3843,0,0,0,16288
pgn_v1_1_vs_v1_g12_p5,8/1b4k1/p2p4/Pp1P2p1/1P1r4/1R4KP/8/3B4 w - - 1 3,late_11_16+quiet,/home/rohanhs568/code/aichessathon-starter/v1_1_vs_v1.pgn,no_null,3,d1g4,-59,754,1017,0.031572955020237714,0.04269509797450155,7,False,1.5770402719790582,d1f3,-78,-70,-78,-70,0.3925,0.4235,-8.0,0.0,-0.030999999999999972,0.0,False,False,False,1724,0,0,1575,14,3843,0,0,0,16288
pgn_v1_1_vs_v1_g12_p5,8/1b4k1/p2p4/Pp1P2p1/1P1r4/1R4KP/8/3B4 w - - 1 3,late_11_16+quiet,/home/rohanhs568/code/aichessathon-starter/v1_1_vs_v1.pgn,no_null,4,d1f3,-65,2835,3852,0.1342429080104921,0.17693880599108525,7,False,1.5770402719790582,d1f3,-78,-78,-78,-78,0.3925,0.3925,0.0,0.0,0.0,0.0,False,False,False,1724,0,0,1575,14,3843,0,0,0,16288
pgn_v1_1_vs_v1_g12_p5,8/1b4k1/p2p4/Pp1P2p1/1P1r4/1R4KP/8/3B4 w - - 1 3,late_11_16+quiet,/home/rohanhs568/code/aichessathon-starter/v1_1_vs_v1.pgn,no_null,5,d1c2,-65,6404,10256,0.2615213139797561,0.4384614199807402,7,False,1.5770402719790582,d1f3,-78,-396,-78,-396,0.3925,0.0,318.0,318.0,0.3925,0.3925,False,False,False,1724,0,0,1575,14,3843,0,0,0,16288
pgn_v1_1_vs_v1_g12_p5,8/1b4k1/p2p4/Pp1P2p1/1P1r4/1R4KP/8/3B4 w - - 1 3,late_11_16+quiet,/home/rohanhs568/code/aichessathon-starter/v1_1_vs_v1.pgn,no_null,6,d1c2,-38,9522,19778,0.4594017250055913,0.8978651450015604,7,False,1.5770402719790582,d1f3,-78,-396,-78,-396,0.3925,0.0,318.0,318.0,0.3925,0.3925,False,False,False,1724,0,0,1575,14,3843,0,0,0,16288
pgn_v1_1_vs_v1_g12_p5,8/1b4k1/p2p4/Pp1P2p1/1P1r4/1R4KP/8/3B4 w - - 1 3,late_11_16+quiet,/home/rohanhs568/code/aichessathon-starter/v1_1_vs_v1.pgn,no_null,7,d1c2,-85,13266,33044,0.6791715270082932,1.5770381719921716,7,False,1.5770402719790582,d1f3,-78,-396,-78,-396,0.3925,0.0,318.0,318.0,0.3925,0.3925,False,False,False,1724,0,0,1575,14,3843,0,0,0,16288
pgn_v1_1_vs_v1_g12_p5,8/1b4k1/p2p4/Pp1P2p1/1P1r4/1R4KP/8/3B4 w - - 1 3,late_11_16+quiet,/home/rohanhs568/code/aichessathon-starter/v1_1_vs_v1.pgn,null_safe,1,d1g4,-32,144,144,0.006421809986932203,0.006422909995308146,7,False,1.5650400419835933,d1f3,-78,-70,-78,-70,0.3925,0.4235,-8.0,0.0,-0.030999999999999972,0.0,False,False,False,1539,62,34,1312,14,3529,0,0,0,16579
pgn_v1_1_vs_v1_g12_p5,8/1b4k1/p2p4/Pp1P2p1/1P1r4/1R4KP/8/3B4 w - - 1 3,late_11_16+quiet,/home/rohanhs568/code/aichessathon-starter/v1_1_vs_v1.pgn,null_safe,2,d1g4,-32,119,263,0.004586234979797155,0.011010044981958345,7,False,1.5650400419835933,d1f3,-78,-70,-78,-70,0.3925,0.4235,-8.0,0.0,-0.030999999999999972,0.0,False,False,False,1539,62,34,1312,14,3529,0,0,0,16579
pgn_v1_1_vs_v1_g12_p5,8/1b4k1/p2p4/Pp1P2p1/1P1r4/1R4KP/8/3B4 w - - 1 3,late_11_16+quiet,/home/rohanhs568/code/aichessathon-starter/v1_1_vs_v1.pgn,null_safe,3,d1g4,-59,754,1017,0.0318784510018304,0.04288939599064179,7,False,1.5650400419835933,d1f3,-78,-70,-78,-70,0.3925,0.4235,-8.0,0.0,-0.030999999999999972,0.0,False,False,False,1539,62,34,1312,14,3529,0,0,0,16579
pgn_v1_1_vs_v1_g12_p5,8/1b4k1/p2p4/Pp1P2p1/1P1r4/1R4KP/8/3B4 w - - 1 3,late_11_16+quiet,/home/rohanhs568/code/aichessathon-starter/v1_1_vs_v1.pgn,null_safe,4,d1f3,-65,2835,3852,0.13381391399889253,0.17670440999791026,7,False,1.5650400419835933,d1f3,-78,-78,-78,-78,0.3925,0.3925,0.0,0.0,0.0,0.0,False,False,False,1539,62,34,1312,14,3529,0,0,0,16579
pgn_v1_1_vs_v1_g12_p5,8/1b4k1/p2p4/Pp1P2p1/1P1r4/1R4KP/8/3B4 w - - 1 3,late_11_16+quiet,/home/rohanhs568/code/aichessathon-starter/v1_1_vs_v1.pgn,null_safe,5,d1c2,-65,6404,10256,0.2605707269976847,0.43727653700625524,7,False,1.5650400419835933,d1f3,-78,-396,-78,-396,0.3925,0.0,318.0,318.0,0.3925,0.3925,False,False,False,1539,62,34,1312,14,3529,0,0,0,16579
pgn_v1_1_vs_v1_g12_p5,8/1b4k1/p2p4/Pp1P2p1/1P1r4/1R4KP/8/3B4 w - - 1 3,late_11_16+quiet,/home/rohanhs568/code/aichessathon-starter/v1_1_vs_v1.pgn,null_safe,6,d1c2,-38,9601,19857,0.4644650540139992,0.9017432910040952,7,False,1.5650400419835933,d1f3,-78,-396,-78,-396,0.3925,0.0,318.0,318.0,0.3925,0.3925,False,False,False,1539,62,34,1312,14,3529,0,0,0,16579
pgn_v1_1_vs_v1_g12_p5,8/1b4k1/p2p4/Pp1P2p1/1P1r4/1R4KP/8/3B4 w - - 1 3,late_11_16+quiet,/home/rohanhs568/code/aichessathon-starter/v1_1_vs_v1.pgn,null_safe,7,d1c2,-85,13194,33051,0.6632928510080092,1.5650375419936609,7,False,1.5650400419835933,d1f3,-78,-396,-78,-396,0.3925,0.0,318.0,318.0,0.3925,0.3925,False,False,False,1539,62,34,1312,14,3529,0,0,0,16579
pgn_v1_1_vs_v1_g12_p5,8/1b4k1/p2p4/Pp1P2p1/1P1r4/1R4KP/8/3B4 w - - 1 3,late_11_16+quiet,/home/rohanhs568/code/aichessathon-starter/v1_1_vs_v1.pgn,no_lmr,1,d1g4,-32,144,144,0.006611007003812119,0.006612207012949511,7,False,2.409303542022826,d1f3,-78,-70,-78,-70,0.3925,0.4235,-8.0,0.0,-0.030999999999999972,0.0,False,False,False,1217,794,526,0,0,11601,0,0,0,27625
pgn_v1_1_vs_v1_g12_p5,8/1b4k1/p2p4/Pp1P2p1/1P1r4/1R4KP/8/3B4 w - - 1 3,late_11_16+quiet,/home/rohanhs568/code/aichessathon-starter/v1_1_vs_v1.pgn,no_lmr,2,d1g4,-32,119,263,0.004498736991081387,0.011112444015452638,7,False,2.409303542022826,d1f3,-78,-70,-78,-70,0.3925,0.4235,-8.0,0.0,-0.030999999999999972,0.0,False,False,False,1217,794,526,0,0,11601,0,0,0,27625
pgn_v1_1_vs_v1_g12_p5,8/1b4k1/p2p4/Pp1P2p1/1P1r4/1R4KP/8/3B4 w - - 1 3,late_11_16+quiet,/home/rohanhs568/code/aichessathon-starter/v1_1_vs_v1.pgn,no_lmr,3,d1g4,-59,754,1017,0.031217159994412214,0.042330504016717896,7,False,2.409303542022826,d1f3,-78,-70,-78,-70,0.3925,0.4235,-8.0,0.0,-0.030999999999999972,0.0,False,False,False,1217,794,526,0,0,11601,0,0,0,27625
pgn_v1_1_vs_v1_g12_p5,8/1b4k1/p2p4/Pp1P2p1/1P1r4/1R4KP/8/3B4 w - - 1 3,late_11_16+quiet,/home/rohanhs568/code/aichessathon-starter/v1_1_vs_v1.pgn,no_lmr,4,d1f3,-65,5019,6036,0.2047473139828071,0.2470788180071395,7,False,2.409303542022826,d1f3,-78,-78,-78,-78,0.3925,0.3925,0.0,0.0,0.0,0.0,False,False,False,1217,794,526,0,0,11601,0,0,0,27625
pgn_v1_1_vs_v1_g12_p5,8/1b4k1/p2p4/Pp1P2p1/1P1r4/1R4KP/8/3B4 w - - 1 3,late_11_16+quiet,/home/rohanhs568/code/aichessathon-starter/v1_1_vs_v1.pgn,no_lmr,5,d1c2,-65,8825,14861,0.4029520199983381,0.6500324380176608,7,False,2.409303542022826,d1f3,-78,-396,-78,-396,0.3925,0.0,318.0,318.0,0.3925,0.3925,False,False,False,1217,794,526,0,0,11601,0,0,0,27625
pgn_v1_1_vs_v1_g12_p5,8/1b4k1/p2p4/Pp1P2p1/1P1r4/1R4KP/8/3B4 w - - 1 3,late_11_16+quiet,/home/rohanhs568/code/aichessathon-starter/v1_1_vs_v1.pgn,no_lmr,6,d1c2,-38,12346,27207,0.6028428040153813,1.2528770420176443,7,False,2.409303542022826,d1f3,-78,-396,-78,-396,0.3925,0.0,318.0,318.0,0.3925,0.3925,False,False,False,1217,794,526,0,0,11601,0,0,0,27625
pgn_v1_1_vs_v1_g12_p5,8/1b4k1/p2p4/Pp1P2p1/1P1r4/1R4KP/8/3B4 w - - 1 3,late_11_16+quiet,/home/rohanhs568/code/aichessathon-starter/v1_1_vs_v1.pgn,no_lmr,7,d1c2,-85,26940,54147,1.1564230999792926,2.4093016420083586,7,False,2.409303542022826,d1f3,-78,-396,-78,-396,0.3925,0.0,318.0,318.0,0.3925,0.3925,False,False,False,1217,794,526,0,0,11601,0,0,0,27625
pgn_v1_1_vs_v1_g12_p5,8/1b4k1/p2p4/Pp1P2p1/1P1r4/1R4KP/8/3B4 w - - 1 3,late_11_16+quiet,/home/rohanhs568/code/aichessathon-starter/v1_1_vs_v1.pgn,lmr_safe,1,d1g4,-32,144,144,0.0064543090120423585,0.0064555090211797506,7,False,1.6145348340214696,d1f3,-78,-70,-78,-70,0.3925,0.4235,-8.0,0.0,-0.030999999999999972,0.0,False,False,False,1108,365,206,590,1,6136,0,0,0,18132
pgn_v1_1_vs_v1_g12_p5,8/1b4k1/p2p4/Pp1P2p1/1P1r4/1R4KP/8/3B4 w - - 1 3,late_11_16+quiet,/home/rohanhs568/code/aichessathon-starter/v1_1_vs_v1.pgn,lmr_safe,2,d1g4,-32,119,263,0.0045433360210154206,0.010999845020705834,7,False,1.6145348340214696,d1f3,-78,-70,-78,-70,0.3925,0.4235,-8.0,0.0,-0.030999999999999972,0.0,False,False,False,1108,365,206,590,1,6136,0,0,0,18132
pgn_v1_1_vs_v1_g12_p5,8/1b4k1/p2p4/Pp1P2p1/1P1r4/1R4KP/8/3B4 w - - 1 3,late_11_16+quiet,/home/rohanhs568/code/aichessathon-starter/v1_1_vs_v1.pgn,lmr_safe,3,d1g4,-59,754,1017,0.03161125397309661,0.04261199900065549,7,False,1.6145348340214696,d1f3,-78,-70,-78,-70,0.3925,0.4235,-8.0,0.0,-0.030999999999999972,0.0,False,False,False,1108,365,206,590,1,6136,0,0,0,18132
pgn_v1_1_vs_v1_g12_p5,8/1b4k1/p2p4/Pp1P2p1/1P1r4/1R4KP/8/3B4 w - - 1 3,late_11_16+quiet,/home/rohanhs568/code/aichessathon-starter/v1_1_vs_v1.pgn,lmr_safe,4,d1f3,-65,5019,6036,0.20498721100739203,0.24760021001566201,7,False,1.6145348340214696,d1f3,-78,-78,-78,-78,0.3925,0.3925,0.0,0.0,0.0,0.0,False,False,False,1108,365,206,590,1,6136,0,0,0,18132
pgn_v1_1_vs_v1_g12_p5,8/1b4k1/p2p4/Pp1P2p1/1P1r4/1R4KP/8/3B4 w - - 1 3,late_11_16+quiet,/home/rohanhs568/code/aichessathon-starter/v1_1_vs_v1.pgn,lmr_safe,5,d1c2,-65,6397,12433,0.2657063549850136,0.5133081650128588,7,False,1.6145348340214696,d1f3,-78,-396,-78,-396,0.3925,0.0,318.0,318.0,0.3925,0.3925,False,False,False,1108,365,206,590,1,6136,0,0,0,18132
pgn_v1_1_vs_v1_g12_p5,8/1b4k1/p2p4/Pp1P2p1/1P1r4/1R4KP/8/3B4 w - - 1 3,late_11_16+quiet,/home/rohanhs568/code/aichessathon-starter/v1_1_vs_v1.pgn,lmr_safe,6,d1c2,-38,7978,20411,0.3981847849790938,0.9114946500048973,7,False,1.6145348340214696,d1f3,-78,-396,-78,-396,0.3925,0.0,318.0,318.0,0.3925,0.3925,False,False,False,1108,365,206,590,1,6136,0,0,0,18132
pgn_v1_1_vs_v1_g12_p5,8/1b4k1/p2p4/Pp1P2p1/1P1r4/1R4KP/8/3B4 w - - 1 3,late_11_16+quiet,/home/rohanhs568/code/aichessathon-starter/v1_1_vs_v1.pgn,lmr_safe,7,d1c2,-85,15818,36229,0.7030365839891601,1.6145328340062406,7,False,1.6145348340214696,d1f3,-78,-396,-78,-396,0.3925,0.0,318.0,318.0,0.3925,0.3925,False,False,False,1108,365,206,590,1,6136,0,0,0,18132
pgn_v1_1_vs_v1_g12_p5,8/1b4k1/p2p4/Pp1P2p1/1P1r4/1R4KP/8/3B4 w - - 1 3,late_11_16+quiet,/home/rohanhs568/code/aichessathon-starter/v1_1_vs_v1.pgn,no_futility,1,d1g4,-32,144,144,0.006409710011212155,0.006410810019588098,7,False,1.4699230680125766,d1f3,-78,-70,-78,-70,0.3925,0.4235,-8.0,0.0,-0.030999999999999972,0.0,False,False,False,1043,331,180,1323,14,0,0,0,0,18816
pgn_v1_1_vs_v1_g12_p5,8/1b4k1/p2p4/Pp1P2p1/1P1r4/1R4KP/8/3B4 w - - 1 3,late_11_16+quiet,/home/rohanhs568/code/aichessathon-starter/v1_1_vs_v1.pgn,no_futility,2,d1g4,-32,119,263,0.004425637016538531,0.010837447014637291,7,False,1.4699230680125766,d1f3,-78,-70,-78,-70,0.3925,0.4235,-8.0,0.0,-0.030999999999999972,0.0,False,False,False,1043,331,180,1323,14,0,0,0,0,18816
pgn_v1_1_vs_v1_g12_p5,8/1b4k1/p2p4/Pp1P2p1/1P1r4/1R4KP/8/3B4 w - - 1 3,late_11_16+quiet,/home/rohanhs568/code/aichessathon-starter/v1_1_vs_v1.pgn,no_futility,3,d1g4,-59,982,1245,0.03649408498313278,0.047332232003100216,7,False,1.4699230680125766,d1f3,-78,-70,-78,-70,0.3925,0.4235,-8.0,0.0,-0.030999999999999972,0.0,False,False,False,1043,331,180,1323,14,0,0,0,0,18816
pgn_v1_1_vs_v1_g12_p5,8/1b4k1/p2p4/Pp1P2p1/1P1r4/1R4KP/8/3B4 w - - 1 3,late_11_16+quiet,/home/rohanhs568/code/aichessathon-starter/v1_1_vs_v1.pgn,no_futility,4,d1f3,-65,3155,4400,0.13482319901231676,0.18215653102379292,7,False,1.4699230680125766,d1f3,-78,-78,-78,-78,0.3925,0.3925,0.0,0.0,0.0,0.0,False,False,False,1043,331,180,1323,14,0,0,0,0,18816
pgn_v1_1_vs_v1_g12_p5,8/1b4k1/p2p4/Pp1P2p1/1P1r4/1R4KP/8/3B4 w - - 1 3,late_11_16+quiet,/home/rohanhs568/code/aichessathon-starter/v1_1_vs_v1.pgn,no_futility,5,d1c2,-65,7537,11937,0.27743818701128475,0.4595962180173956,7,False,1.4699230680125766,d1f3,-78,-396,-78,-396,0.3925,0.0,318.0,318.0,0.3925,0.3925,False,False,False,1043,331,180,1323,14,0,0,0,0,18816
pgn_v1_1_vs_v1_g12_p5,8/1b4k1/p2p4/Pp1P2p1/1P1r4/1R4KP/8/3B4 w - - 1 3,late_11_16+quiet,/home/rohanhs568/code/aichessathon-starter/v1_1_vs_v1.pgn,no_futility,6,d1c2,-38,11017,22954,0.4324711000081152,0.8920689180085901,7,False,1.4699230680125766,d1f3,-78,-396,-78,-396,0.3925,0.0,318.0,318.0,0.3925,0.3925,False,False,False,1043,331,180,1323,14,0,0,0,0,18816
pgn_v1_1_vs_v1_g12_p5,8/1b4k1/p2p4/Pp1P2p1/1P1r4/1R4KP/8/3B4 w - - 1 3,late_11_16+quiet,/home/rohanhs568/code/aichessathon-starter/v1_1_vs_v1.pgn,no_futility,7,d1c2,-85,13857,36811,0.5778505500056781,1.4699210679973476,7,False,1.4699230680125766,d1f3,-78,-396,-78,-396,0.3925,0.0,318.0,318.0,0.3925,0.3925,False,False,False,1043,331,180,1323,14,0,0,0,0,18816
pgn_v1_1_vs_v1_g12_p5,8/1b4k1/p2p4/Pp1P2p1/1P1r4/1R4KP/8/3B4 w - - 1 3,late_11_16+quiet,/home/rohanhs568/code/aichessathon-starter/v1_1_vs_v1.pgn,capture_material_order,1,d1g4,-32,148,148,0.007040301017696038,0.007041401026071981,7,False,1.5259239780134521,d1f3,-78,-70,-78,-70,0.3925,0.4235,-8.0,0.0,-0.030999999999999972,0.0,False,False,False,1019,339,177,1354,16,3480,0,0,8964,17197
pgn_v1_1_vs_v1_g12_p5,8/1b4k1/p2p4/Pp1P2p1/1P1r4/1R4KP/8/3B4 w - - 1 3,late_11_16+quiet,/home/rohanhs568/code/aichessathon-starter/v1_1_vs_v1.pgn,capture_material_order,2,d1g4,-32,123,271,0.004654734017094597,0.01169733502320014,7,False,1.5259239780134521,d1f3,-78,-70,-78,-70,0.3925,0.4235,-8.0,0.0,-0.030999999999999972,0.0,False,False,False,1019,339,177,1354,16,3480,0,0,8964,17197
pgn_v1_1_vs_v1_g12_p5,8/1b4k1/p2p4/Pp1P2p1/1P1r4/1R4KP/8/3B4 w - - 1 3,late_11_16+quiet,/home/rohanhs568/code/aichessathon-starter/v1_1_vs_v1.pgn,capture_material_order,3,d1g4,-59,762,1033,0.03127725899685174,0.042975394026143476,7,False,1.5259239780134521,d1f3,-78,-70,-78,-70,0.3925,0.4235,-8.0,0.0,-0.030999999999999972,0.0,False,False,False,1019,339,177,1354,16,3480,0,0,8964,17197
pgn_v1_1_vs_v1_g12_p5,8/1b4k1/p2p4/Pp1P2p1/1P1r4/1R4KP/8/3B4 w - - 1 3,late_11_16+quiet,/home/rohanhs568/code/aichessathon-starter/v1_1_vs_v1.pgn,capture_material_order,4,d1f3,-65,2758,3791,0.1311379500257317,0.17411424400052056,7,False,1.5259239780134521,d1f3,-78,-78,-78,-78,0.3925,0.3925,0.0,0.0,0.0,0.0,False,False,False,1019,339,177,1354,16,3480,0,0,8964,17197
pgn_v1_1_vs_v1_g12_p5,8/1b4k1/p2p4/Pp1P2p1/1P1r4/1R4KP/8/3B4 w - - 1 3,late_11_16+quiet,/home/rohanhs568/code/aichessathon-starter/v1_1_vs_v1.pgn,capture_material_order,5,d1c2,-65,7181,10972,0.28962381501332857,0.46373935902374797,7,False,1.5259239780134521,d1f3,-78,-396,-78,-396,0.3925,0.0,318.0,318.0,0.3925,0.3925,False,False,False,1019,339,177,1354,16,3480,0,0,8964,17197
pgn_v1_1_vs_v1_g12_p5,8/1b4k1/p2p4/Pp1P2p1/1P1r4/1R4KP/8/3B4 w - - 1 3,late_11_16+quiet,/home/rohanhs568/code/aichessathon-starter/v1_1_vs_v1.pgn,capture_material_order,6,d1c2,-38,8940,19912,0.4072460570023395,0.8709868160076439,7,False,1.5259239780134521,d1f3,-78,-396,-78,-396,0.3925,0.0,318.0,318.0,0.3925,0.3925,False,False,False,1019,339,177,1354,16,3480,0,0,8964,17197
pgn_v1_1_vs_v1_g12_p5,8/1b4k1/p2p4/Pp1P2p1/1P1r4/1R4KP/8/3B4 w - - 1 3,late_11_16+quiet,/home/rohanhs568/code/aichessathon-starter/v1_1_vs_v1.pgn,capture_material_order,7,d1c2,-85,13323,33235,0.6549332620052155,1.5259218780265655,7,False,1.5259239780134521,d1f3,-78,-396,-78,-396,0.3925,0.0,318.0,318.0,0.3925,0.3925,False,False,False,1019,339,177,1354,16,3480,0,0,8964,17197
pgn_v1_1_vs_v1_g12_p5,8/1b4k1/p2p4/Pp1P2p1/1P1r4/1R4KP/8/3B4 w - - 1 3,late_11_16+quiet,/home/rohanhs568/code/aichessathon-starter/v1_1_vs_v1.pgn,no_aspiration,1,d1g4,-32,144,144,0.006604505993891507,0.006606106006074697,7,False,1.3735534269944765,d1f3,-78,-70,-78,-70,0.3925,0.4235,-8.0,0.0,-0.030999999999999972,0.0,False,False,False,1039,328,179,1313,14,3485,0,0,0,15310
pgn_v1_1_vs_v1_g12_p5,8/1b4k1/p2p4/Pp1P2p1/1P1r4/1R4KP/8/3B4 w - - 1 3,late_11_16+quiet,/home/rohanhs568/code/aichessathon-starter/v1_1_vs_v1.pgn,no_aspiration,2,d1g4,-32,119,263,0.004526936972979456,0.011134242988191545,7,False,1.3735534269944765,d1f3,-78,-70,-78,-70,0.3925,0.4235,-8.0,0.0,-0.030999999999999972,0.0,False,False,False,1039,328,179,1313,14,3485,0,0,0,15310
pgn_v1_1_vs_v1_g12_p5,8/1b4k1/p2p4/Pp1P2p1/1P1r4/1R4KP/8/3B4 w - - 1 3,late_11_16+quiet,/home/rohanhs568/code/aichessathon-starter/v1_1_vs_v1.pgn,no_aspiration,3,d1g4,-59,754,1017,0.03175005200318992,0.04288519499823451,7,False,1.3735534269944765,d1f3,-78,-70,-78,-70,0.3925,0.4235,-8.0,0.0,-0.030999999999999972,0.0,False,False,False,1039,328,179,1313,14,3485,0,0,0,15310
pgn_v1_1_vs_v1_g12_p5,8/1b4k1/p2p4/Pp1P2p1/1P1r4/1R4KP/8/3B4 w - - 1 3,late_11_16+quiet,/home/rohanhs568/code/aichessathon-starter/v1_1_vs_v1.pgn,no_aspiration,4,d1f3,-65,2906,3923,0.1360423809965141,0.17892867600312456,7,False,1.3735534269944765,d1f3,-78,-78,-78,-78,0.3925,0.3925,0.0,0.0,0.0,0.0,False,False,False,1039,328,179,1313,14,3485,0,0,0,15310
pgn_v1_1_vs_v1_g12_p5,8/1b4k1/p2p4/Pp1P2p1/1P1r4/1R4KP/8/3B4 w - - 1 3,late_11_16+quiet,/home/rohanhs568/code/aichessathon-starter/v1_1_vs_v1.pgn,no_aspiration,5,d1c2,-65,6431,10354,0.2612668149813544,0.4402224909863435,7,False,1.3735534269944765,d1f3,-78,-396,-78,-396,0.3925,0.0,318.0,318.0,0.3925,0.3925,False,False,False,1039,328,179,1313,14,3485,0,0,0,15310
pgn_v1_1_vs_v1_g12_p5,8/1b4k1/p2p4/Pp1P2p1/1P1r4/1R4KP/8/3B4 w - - 1 3,late_11_16+quiet,/home/rohanhs568/code/aichessathon-starter/v1_1_vs_v1.pgn,no_aspiration,6,d1c2,-38,8486,18840,0.39488673000596464,0.8351109210052527,7,False,1.3735534269944765,d1f3,-78,-396,-78,-396,0.3925,0.0,318.0,318.0,0.3925,0.3925,False,False,False,1039,328,179,1313,14,3485,0,0,0,15310
pgn_v1_1_vs_v1_g12_p5,8/1b4k1/p2p4/Pp1P2p1/1P1r4/1R4KP/8/3B4 w - - 1 3,late_11_16+quiet,/home/rohanhs568/code/aichessathon-starter/v1_1_vs_v1.pgn,no_aspiration,7,d1c2,-85,10919,29759,0.5384392059931997,1.3735514270083513,7,False,1.3735534269944765,d1f3,-78,-396,-78,-396,0.3925,0.0,318.0,318.0,0.3925,0.3925,False,False,False,1039,328,179,1313,14,3485,0,0,0,15310
pgn_v1_1_vs_v1_g12_p5,8/1b4k1/p2p4/Pp1P2p1/1P1r4/1R4KP/8/3B4 w - - 1 3,late_11_16+quiet,/home/rohanhs568/code/aichessathon-starter/v1_1_vs_v1.pgn,no_pvs,1,d1g4,-32,105,105,0.005329225008608773,0.005330424988642335,7,False,1.6539227729954291,d1f3,-78,-70,-78,-70,0.3925,0.4235,-8.0,0.0,-0.030999999999999972,0.0,False,False,False,1078,295,158,1454,32,3774,0,0,0,18991
pgn_v1_1_vs_v1_g12_p5,8/1b4k1/p2p4/Pp1P2p1/1P1r4/1R4KP/8/3B4 w - - 1 3,late_11_16+quiet,/home/rohanhs568/code/aichessathon-starter/v1_1_vs_v1.pgn,no_pvs,2,d1g4,-32,118,223,0.004707632993813604,0.01003945799311623,7,False,1.6539227729954291,d1f3,-78,-70,-78,-70,0.3925,0.4235,-8.0,0.0,-0.030999999999999972,0.0,False,False,False,1078,295,158,1454,32,3774,0,0,0,18991
pgn_v1_1_vs_v1_g12_p5,8/1b4k1/p2p4/Pp1P2p1/1P1r4/1R4KP/8/3B4 w - - 1 3,late_11_16+quiet,/home/rohanhs568/code/aichessathon-starter/v1_1_vs_v1.pgn,no_pvs,3,d1g4,-59,783,1006,0.03344032901804894,0.043480886990437284,7,False,1.6539227729954291,d1f3,-78,-70,-78,-70,0.3925,0.4235,-8.0,0.0,-0.030999999999999972,0.0,False,False,False,1078,295,158,1454,32,3774,0,0,0,18991
pgn_v1_1_vs_v1_g12_p5,8/1b4k1/p2p4/Pp1P2p1/1P1r4/1R4KP/8/3B4 w - - 1 3,late_11_16+quiet,/home/rohanhs568/code/aichessathon-starter/v1_1_vs_v1.pgn,no_pvs,4,d1f3,-65,2887,3893,0.13795515400124714,0.18143714100006036,7,False,1.6539227729954291,d1f3,-78,-78,-78,-78,0.3925,0.3925,0.0,0.0,0.0,0.0,False,False,False,1078,295,158,1454,32,3774,0,0,0,18991
pgn_v1_1_vs_v1_g12_p5,8/1b4k1/p2p4/Pp1P2p1/1P1r4/1R4KP/8/3B4 w - - 1 3,late_11_16+quiet,/home/rohanhs568/code/aichessathon-starter/v1_1_vs_v1.pgn,no_pvs,5,d1c2,-65,4383,8276,0.18643077000160702,0.3678692109824624,7,False,1.6539227729954291,d1f3,-78,-396,-78,-396,0.3925,0.0,318.0,318.0,0.3925,0.3925,False,False,False,1078,295,158,1454,32,3774,0,0,0,18991
pgn_v1_1_vs_v1_g12_p5,8/1b4k1/p2p4/Pp1P2p1/1P1r4/1R4KP/8/3B4 w - - 1 3,late_11_16+quiet,/home/rohanhs568/code/aichessathon-starter/v1_1_vs_v1.pgn,no_pvs,6,d1c2,-58,11724,20000,0.5336504739825614,0.9015210849756841,7,False,1.6539227729954291,d1f3,-78,-396,-78,-396,0.3925,0.0,318.0,318.0,0.3925,0.3925,False,False,False,1078,295,158,1454,32,3774,0,0,0,18991
pgn_v1_1_vs_v1_g12_p5,8/1b4k1/p2p4/Pp1P2p1/1P1r4/1R4KP/8/3B4 w - - 1 3,late_11_16+quiet,/home/rohanhs568/code/aichessathon-starter/v1_1_vs_v1.pgn,no_pvs,7,d1c2,-85,15407,35407,0.7523977879900485,1.6539204729779158,7,False,1.6539227729954291,d1f3,-78,-396,-78,-396,0.3925,0.0,318.0,318.0,0.3925,0.3925,False,False,False,1078,295,158,1454,32,3774,0,0,0,18991
pgn_v1_1_vs_v1_g12_p5,8/1b4k1/p2p4/Pp1P2p1/1P1r4/1R4KP/8/3B4 w - - 1 3,late_11_16+quiet,/home/rohanhs568/code/aichessathon-starter/v1_1_vs_v1.pgn,no_null_no_lmr,1,d1g4,-32,144,144,0.006463309022365138,0.006464309000875801,7,False,3.9896022329921834,d1f3,-78,-70,-78,-70,0.3925,0.4235,-8.0,0.0,-0.030999999999999972,0.0,False,False,False,3835,0,0,0,0,17735,0,0,0,43122
pgn_v1_1_vs_v1_g12_p5,8/1b4k1/p2p4/Pp1P2p1/1P1r4/1R4KP/8/3B4 w - - 1 3,late_11_16+quiet,/home/rohanhs568/code/aichessathon-starter/v1_1_vs_v1.pgn,no_null_no_lmr,2,d1g4,-32,119,263,0.0046975340228527784,0.011162943003000692,7,False,3.9896022329921834,d1f3,-78,-70,-78,-70,0.3925,0.4235,-8.0,0.0,-0.030999999999999972,0.0,False,False,False,3835,0,0,0,0,17735,0,0,0,43122
pgn_v1_1_vs_v1_g12_p5,8/1b4k1/p2p4/Pp1P2p1/1P1r4/1R4KP/8/3B4 w - - 1 3,late_11_16+quiet,/home/rohanhs568/code/aichessathon-starter/v1_1_vs_v1.pgn,no_null_no_lmr,3,d1g4,-59,754,1017,0.03199534802115522,0.04315929100266658,7,False,3.9896022329921834,d1f3,-78,-70,-78,-70,0.3925,0.4235,-8.0,0.0,-0.030999999999999972,0.0,False,False,False,3835,0,0,0,0,17735,0,0,0,43122
pgn_v1_1_vs_v1_g12_p5,8/1b4k1/p2p4/Pp1P2p1/1P1r4/1R4KP/8/3B4 w - - 1 3,late_11_16+quiet,/home/rohanhs568/code/aichessathon-starter/v1_1_vs_v1.pgn,no_null_no_lmr,4,d1f3,-65,5019,6036,0.20446961701964028,0.24763020800310187,7,False,3.9896022329921834,d1f3,-78,-78,-78,-78,0.3925,0.3925,0.0,0.0,0.0,0.0,False,False,False,3835,0,0,0,0,17735,0,0,0,43122
pgn_v1_1_vs_v1_g12_p5,8/1b4k1/p2p4/Pp1P2p1/1P1r4/1R4KP/8/3B4 w - - 1 3,late_11_16+quiet,/home/rohanhs568/code/aichessathon-starter/v1_1_vs_v1.pgn,no_null_no_lmr,5,d1e2,-69,13324,19360,0.5968688809953164,0.8445004889799748,7,False,3.9896022329921834,d1f3,-78,-274,-78,-274,0.3925,0.0,196.0,196.0,0.3925,0.3925,False,False,False,3835,0,0,0,0,17735,0,0,0,43122
pgn_v1_1_vs_v1_g12_p5,8/1b4k1/p2p4/Pp1P2p1/1P1r4/1R4KP/8/3B4 w - - 1 3,late_11_16+quiet,/home/rohanhs568/code/aichessathon-starter/v1_1_vs_v1.pgn,no_null_no_lmr,6,d1c2,-38,30372,49732,1.3581137460132595,2.202615735004656,7,False,3.9896022329921834,d1f3,-78,-396,-78,-396,0.3925,0.0,318.0,318.0,0.3925,0.3925,False,False,False,3835,0,0,0,0,17735,0,0,0,43122
pgn_v1_1_vs_v1_g12_p5,8/1b4k1/p2p4/Pp1P2p1/1P1r4/1R4KP/8/3B4 w - - 1 3,late_11_16+quiet,/home/rohanhs568/code/aichessathon-starter/v1_1_vs_v1.pgn,no_null_no_lmr,7,d1c2,-85,37084,86816,1.7869827980175614,3.989600133005297,7,False,3.9896022329921834,d1f3,-78,-396,-78,-396,0.3925,0.0,318.0,318.0,0.3925,0.3925,False,False,False,3835,0,0,0,0,17735,0,0,0,43122
pgn_v1_1_vs_v1_g12_p5,8/1b4k1/p2p4/Pp1P2p1/1P1r4/1R4KP/8/3B4 w - - 1 3,late_11_16+quiet,/home/rohanhs568/code/aichessathon-starter/v1_1_vs_v1.pgn,no_null_no_futility,1,d1g4,-32,144,144,0.006447009014664218,0.006448608997743577,7,False,1.6738602920086123,d1f3,-78,-70,-78,-70,0.3925,0.4235,-8.0,0.0,-0.030999999999999972,0.0,False,False,False,1693,0,0,1571,14,0,0,0,0,20109
pgn_v1_1_vs_v1_g12_p5,8/1b4k1/p2p4/Pp1P2p1/1P1r4/1R4KP/8/3B4 w - - 1 3,late_11_16+quiet,/home/rohanhs568/code/aichessathon-starter/v1_1_vs_v1.pgn,no_null_no_futility,2,d1g4,-32,119,263,0.004362637992016971,0.01081234699813649,7,False,1.6738602920086123,d1f3,-78,-70,-78,-70,0.3925,0.4235,-8.0,0.0,-0.030999999999999972,0.0,False,False,False,1693,0,0,1571,14,0,0,0,0,20109
pgn_v1_1_vs_v1_g12_p5,8/1b4k1/p2p4/Pp1P2p1/1P1r4/1R4KP/8/3B4 w - - 1 3,late_11_16+quiet,/home/rohanhs568/code/aichessathon-starter/v1_1_vs_v1.pgn,no_null_no_futility,3,d1g4,-59,982,1245,0.03592269399086945,0.04673614099738188,7,False,1.6738602920086123,d1f3,-78,-70,-78,-70,0.3925,0.4235,-8.0,0.0,-0.030999999999999972,0.0,False,False,False,1693,0,0,1571,14,0,0,0,0,20109
pgn_v1_1_vs_v1_g12_p5,8/1b4k1/p2p4/Pp1P2p1/1P1r4/1R4KP/8/3B4 w - - 1 3,late_11_16+quiet,/home/rohanhs568/code/aichessathon-starter/v1_1_vs_v1.pgn,no_null_no_futility,4,d1f3,-65,3155,4400,0.13460510200820863,0.1813423419953324,7,False,1.6738602920086123,d1f3,-78,-78,-78,-78,0.3925,0.3925,0.0,0.0,0.0,0.0,False,False,False,1693,0,0,1571,14,0,0,0,0,20109
pgn_v1_1_vs_v1_g12_p5,8/1b4k1/p2p4/Pp1P2p1/1P1r4/1R4KP/8/3B4 w - - 1 3,late_11_16+quiet,/home/rohanhs568/code/aichessathon-starter/v1_1_vs_v1.pgn,no_null_no_futility,5,d1c2,-65,7524,11924,0.2779402799787931,0.4592840219847858,7,False,1.6738602920086123,d1f3,-78,-396,-78,-396,0.3925,0.0,318.0,318.0,0.3925,0.3925,False,False,False,1693,0,0,1571,14,0,0,0,0,20109
pgn_v1_1_vs_v1_g12_p5,8/1b4k1/p2p4/Pp1P2p1/1P1r4/1R4KP/8/3B4 w - - 1 3,late_11_16+quiet,/home/rohanhs568/code/aichessathon-starter/v1_1_vs_v1.pgn,no_null_no_futility,6,d1c2,-38,12138,24062,0.4961479030025657,0.9554336250002962,7,False,1.6738602920086123,d1f3,-78,-396,-78,-396,0.3925,0.0,318.0,318.0,0.3925,0.3925,False,False,False,1693,0,0,1571,14,0,0,0,0,20109
pgn_v1_1_vs_v1_g12_p5,8/1b4k1/p2p4/Pp1P2p1/1P1r4/1R4KP/8/3B4 w - - 1 3,late_11_16+quiet,/home/rohanhs568/code/aichessathon-starter/v1_1_vs_v1.pgn,no_null_no_futility,7,d1c2,-85,16605,40667,0.7184224680240732,1.673858192982152,7,False,1.6738602920086123,d1f3,-78,-396,-78,-396,0.3925,0.0,318.0,318.0,0.3925,0.3925,False,False,False,1693,0,0,1571,14,0,0,0,0,20109
pgn_v1_1_vs_v1_g12_p5,8/1b4k1/p2p4/Pp1P2p1/1P1r4/1R4KP/8/3B4 w - - 1 3,late_11_16+quiet,/home/rohanhs568/code/aichessathon-starter/v1_1_vs_v1.pgn,no_lmr_no_futility,1,d1g4,-32,144,144,0.006481708987848833,0.006482808996224776,7,False,2.838496579002822,d1f3,-78,-70,-78,-70,0.3925,0.4235,-8.0,0.0,-0.030999999999999972,0.0,False,False,False,1217,794,526,0,0,0,0,0,0,39240
pgn_v1_1_vs_v1_g12_p5,8/1b4k1/p2p4/Pp1P2p1/1P1r4/1R4KP/8/3B4 w - - 1 3,late_11_16+quiet,/home/rohanhs568/code/aichessathon-starter/v1_1_vs_v1.pgn,no_lmr_no_futility,2,d1g4,-32,119,263,0.004483636002987623,0.010967445006826892,7,False,2.838496579002822,d1f3,-78,-70,-78,-70,0.3925,0.4235,-8.0,0.0,-0.030999999999999972,0.0,False,False,False,1217,794,526,0,0,0,0,0,0,39240
pgn_v1_1_vs_v1_g12_p5,8/1b4k1/p2p4/Pp1P2p1/1P1r4/1R4KP/8/3B4 w - - 1 3,late_11_16+quiet,/home/rohanhs568/code/aichessathon-starter/v1_1_vs_v1.pgn,no_lmr_no_futility,3,d1g4,-59,982,1245,0.03647408599499613,0.04744233100791462,7,False,2.838496579002822,d1f3,-78,-70,-78,-70,0.3925,0.4235,-8.0,0.0,-0.030999999999999972,0.0,False,False,False,1217,794,526,0,0,0,0,0,0,39240
pgn_v1_1_vs_v1_g12_p5,8/1b4k1/p2p4/Pp1P2p1/1P1r4/1R4KP/8/3B4 w - - 1 3,late_11_16+quiet,/home/rohanhs568/code/aichessathon-starter/v1_1_vs_v1.pgn,no_lmr_no_futility,4,d1f3,-65,6185,7430,0.226100411004154,0.27354384199134074,7,False,2.838496579002822,d1f3,-78,-78,-78,-78,0.3925,0.3925,0.0,0.0,0.0,0.0,False,False,False,1217,794,526,0,0,0,0,0,0,39240
pgn_v1_1_vs_v1_g12_p5,8/1b4k1/p2p4/Pp1P2p1/1P1r4/1R4KP/8/3B4 w - - 1 3,late_11_16+quiet,/home/rohanhs568/code/aichessathon-starter/v1_1_vs_v1.pgn,no_lmr_no_futility,5,d1c2,-65,11701,19131,0.445722314005252,0.7192677560087759,7,False,2.838496579002822,d1f3,-78,-396,-78,-396,0.3925,0.0,318.0,318.0,0.3925,0.3925,False,False,False,1217,794,526,0,0,0,0,0,0,39240
pgn_v1_1_vs_v1_g12_p5,8/1b4k1/p2p4/Pp1P2p1/1P1r4/1R4KP/8/3B4 w - - 1 3,late_11_16+quiet,/home/rohanhs568/code/aichessathon-starter/v1_1_vs_v1.pgn,no_lmr_no_futility,6,d1c2,-38,16934,36065,0.6879369009984657,1.407206056988798,7,False,2.838496579002822,d1f3,-78,-396,-78,-396,0.3925,0.0,318.0,318.0,0.3925,0.3925,False,False,False,1217,794,526,0,0,0,0,0,0,39240
pgn_v1_1_vs_v1_g12_p5,8/1b4k1/p2p4/Pp1P2p1/1P1r4/1R4KP/8/3B4 w - - 1 3,late_11_16+quiet,/home/rohanhs568/code/aichessathon-starter/v1_1_vs_v1.pgn,no_lmr_no_futility,7,d1c2,-85,41298,77363,1.4312866219843272,2.83849437898607,7,False,2.838496579002822,d1f3,-78,-396,-78,-396,0.3925,0.0,318.0,318.0,0.3925,0.3925,False,False,False,1217,794,526,0,0,0,0,0,0,39240
pgn_v1_1_vs_v1_g12_p5,8/1b4k1/p2p4/Pp1P2p1/1P1r4/1R4KP/8/3B4 w - - 1 3,late_11_16+quiet,/home/rohanhs568/code/aichessathon-starter/v1_1_vs_v1.pgn,no_selectivity,1,d1g4,-32,144,144,0.006431108980905265,0.006432208989281207,7,False,4.62061035798979,d1f3,-78,-70,-78,-70,0.3925,0.4235,-8.0,0.0,-0.030999999999999972,0.0,False,False,False,3835,0,0,0,0,0,0,0,0,60857
pgn_v1_1_vs_v1_g12_p5,8/1b4k1/p2p4/Pp1P2p1/1P1r4/1R4KP/8/3B4 w - - 1 3,late_11_16+quiet,/home/rohanhs568/code/aichessathon-starter/v1_1_vs_v1.pgn,no_selectivity,2,d1g4,-32,119,263,0.004379838006570935,0.010813147004228085,7,False,4.62061035798979,d1f3,-78,-70,-78,-70,0.3925,0.4235,-8.0,0.0,-0.030999999999999972,0.0,False,False,False,3835,0,0,0,0,0,0,0,0,60857
pgn_v1_1_vs_v1_g12_p5,8/1b4k1/p2p4/Pp1P2p1/1P1r4/1R4KP/8/3B4 w - - 1 3,late_11_16+quiet,/home/rohanhs568/code/aichessathon-starter/v1_1_vs_v1.pgn,no_selectivity,3,d1g4,-59,982,1245,0.03701317898230627,0.0478270259918645,7,False,4.62061035798979,d1f3,-78,-70,-78,-70,0.3925,0.4235,-8.0,0.0,-0.030999999999999972,0.0,False,False,False,3835,0,0,0,0,0,0,0,0,60857
pgn_v1_1_vs_v1_g12_p5,8/1b4k1/p2p4/Pp1P2p1/1P1r4/1R4KP/8/3B4 w - - 1 3,late_11_16+quiet,/home/rohanhs568/code/aichessathon-starter/v1_1_vs_v1.pgn,no_selectivity,4,d1f3,-65,6185,7430,0.22560821901424788,0.2734364450152498,7,False,4.62061035798979,d1f3,-78,-78,-78,-78,0.3925,0.3925,0.0,0.0,0.0,0.0,False,False,False,3835,0,0,0,0,0,0,0,0,60857
pgn_v1_1_vs_v1_g12_p5,8/1b4k1/p2p4/Pp1P2p1/1P1r4/1R4KP/8/3B4 w - - 1 3,late_11_16+quiet,/home/rohanhs568/code/aichessathon-starter/v1_1_vs_v1.pgn,no_selectivity,5,d1e2,-69,16234,23664,0.6337511650053784,0.9071891100029461,7,False,4.62061035798979,d1f3,-78,-274,-78,-274,0.3925,0.0,196.0,196.0,0.3925,0.3925,False,False,False,3835,0,0,0,0,0,0,0,0,60857
pgn_v1_1_vs_v1_g12_p5,8/1b4k1/p2p4/Pp1P2p1/1P1r4/1R4KP/8/3B4 w - - 1 3,late_11_16+quiet,/home/rohanhs568/code/aichessathon-starter/v1_1_vs_v1.pgn,no_selectivity,6,d1c2,-38,43670,67334,1.6247430949879345,2.5319338050030638,7,False,4.62061035798979,d1f3,-78,-396,-78,-396,0.3925,0.0,318.0,318.0,0.3925,0.3925,False,False,False,3835,0,0,0,0,0,0,0,0,60857
pgn_v1_1_vs_v1_g12_p5,8/1b4k1/p2p4/Pp1P2p1/1P1r4/1R4KP/8/3B4 w - - 1 3,late_11_16+quiet,/home/rohanhs568/code/aichessathon-starter/v1_1_vs_v1.pgn,no_selectivity,7,d1c2,-85,54952,122286,2.0886728539771866,4.620608158991672,7,False,4.62061035798979,d1f3,-78,-396,-78,-396,0.3925,0.0,318.0,318.0,0.3925,0.3925,False,False,False,3835,0,0,0,0,0,0,0,0,60857
